Copyright 1986-2022 Xilinx, Inc. All Rights Reserved. Copyright 2022-2025 Advanced Micro Devices, Inc. All Rights Reserved.
-------------------------------------------------------------------------------------------------------------------------------------------------------------------------------------
| Tool Version : Vivado v.2025.2 (win64) Build 6299465 Fri Nov 14 19:35:11 GMT 2025
| Date         : Wed Aug 19 19:30:06 2026
| Host         : DESKTOP-KG9P5J1 running 64-bit major release  (build 9200)
| Command      : report_timing -delay_type max -sort_by slack -max_paths 20 -nworst 1 -file C:/Users/lychee/tc25/vivado_project/tme_b2_125/overlay_output/post_route_worst_paths.rpt
| Design       : tme_bd_wrapper
| Device       : 7z020-clg400
| Speed File   : -1  PRODUCTION 1.12 2019-11-22
| Design State : Routed
-------------------------------------------------------------------------------------------------------------------------------------------------------------------------------------

Timing Report

Slack (MET) :             0.012ns  (required time - arrival time)
  Source:                 tme_bd_i/tme_top_0/inst/grp_correlation_core_fu_1779/seg_960_reg_7052_reg[1]/C
                            (rising edge-triggered cell FDRE clocked by clk_fpga_0  {rise@0.000ns fall@4.000ns period=8.000ns})
  Destination:            tme_bd_i/tme_top_0/inst/grp_correlation_core_fu_1779/grp_correlation_core_Pipeline_mac_loop_fu_8736/empty_44_fu_1412_reg[23]_psdsp_6/D
                            (rising edge-triggered cell FDRE clocked by clk_fpga_0  {rise@0.000ns fall@4.000ns period=8.000ns})
  Path Group:             clk_fpga_0
  Path Type:              Setup (Max at Slow Process Corner)
  Requirement:            8.000ns  (clk_fpga_0 rise@8.000ns - clk_fpga_0 rise@0.000ns)
  Data Path Delay:        7.435ns  (logic 1.302ns (17.512%)  route 6.133ns (82.488%))
  Logic Levels:           5  (LUT3=1 LUT6=3 MUXF7=1)
  Clock Path Skew:        -0.213ns (DCD - SCD + CPR)
    Destination Clock Delay (DCD):    2.705ns = ( 10.705 - 8.000 ) 
    Source Clock Delay      (SCD):    3.033ns
    Clock Pessimism Removal (CPR):    0.115ns
  Clock Uncertainty:      0.125ns  ((TSJ^2 + TIJ^2)^1/2 + DJ) / 2 + PE
    Total System Jitter     (TSJ):    0.071ns
    Total Input Jitter      (TIJ):    0.240ns
    Discrete Jitter          (DJ):    0.000ns
    Phase Error              (PE):    0.000ns

    Location             Delay type                Incr(ns)  Path(ns)    Netlist Resource(s)
  -------------------------------------------------------------------    -------------------
                         (clock clk_fpga_0 rise edge)
                                                      0.000     0.000 r  
    PS7_X0Y0             PS7                          0.000     0.000 r  tme_bd_i/processing_system7_0/inst/PS7_i/FCLKCLK[0]
                         net (fo=1, routed)           1.193     1.193    tme_bd_i/processing_system7_0/inst/FCLK_CLK_unbuffered[0]
    BUFGCTRL_X0Y16       BUFG (Prop_bufg_I_O)         0.101     1.294 r  tme_bd_i/processing_system7_0/inst/buffer_fclk_clk_0.FCLK_CLK_0_BUFG/O
                         net (fo=25602, routed)       1.739     3.033    tme_bd_i/tme_top_0/inst/grp_correlation_core_fu_1779/ap_clk
    SLICE_X81Y47         FDRE                                         r  tme_bd_i/tme_top_0/inst/grp_correlation_core_fu_1779/seg_960_reg_7052_reg[1]/C
  -------------------------------------------------------------------    -------------------
    SLICE_X81Y47         FDRE (Prop_fdre_C_Q)         0.419     3.452 r  tme_bd_i/tme_top_0/inst/grp_correlation_core_fu_1779/seg_960_reg_7052_reg[1]/Q
                         net (fo=5, routed)           2.172     5.624    tme_bd_i/tme_top_0/inst/grp_correlation_core_fu_1779/grp_correlation_core_Pipeline_mac_loop_fu_8736/mac_muladd_8ns_8ns_24s_24_4_1_U1296/tme_top_mac_muladd_8ns_8ns_24s_24_4_1_DSP48_0_U/p_reg_reg_i_98__6[1]
    SLICE_X55Y58         LUT6 (Prop_lut6_I0_O)        0.299     5.923 r  tme_bd_i/tme_top_0/inst/grp_correlation_core_fu_1779/grp_correlation_core_Pipeline_mac_loop_fu_8736/mac_muladd_8ns_8ns_24s_24_4_1_U1296/tme_top_mac_muladd_8ns_8ns_24s_24_4_1_DSP48_0_U/p_reg_reg_i_475__1/O
                         net (fo=2, routed)           0.414     6.337    tme_bd_i/tme_top_0/inst/grp_correlation_core_fu_1779/grp_correlation_core_Pipeline_mac_loop_fu_8736/mac_muladd_8ns_8ns_24s_24_4_1_U1308/tme_top_mac_muladd_8ns_8ns_24s_24_4_1_DSP48_0_U/p_reg_reg_i_69__10_1
    SLICE_X55Y58         LUT3 (Prop_lut3_I0_O)        0.124     6.461 r  tme_bd_i/tme_top_0/inst/grp_correlation_core_fu_1779/grp_correlation_core_Pipeline_mac_loop_fu_8736/mac_muladd_8ns_8ns_24s_24_4_1_U1308/tme_top_mac_muladd_8ns_8ns_24s_24_4_1_DSP48_0_U/p_reg_reg_i_212__2/O
                         net (fo=2, routed)           1.484     7.945    tme_bd_i/tme_top_0/inst/grp_correlation_core_fu_1779/grp_correlation_core_Pipeline_mac_loop_fu_8736/mac_muladd_8ns_8ns_24s_24_4_1_U1300/tme_top_mac_muladd_8ns_8ns_24s_24_4_1_DSP48_0_U/p_reg_reg_i_21__8_2
    SLICE_X57Y74         LUT6 (Prop_lut6_I0_O)        0.124     8.069 r  tme_bd_i/tme_top_0/inst/grp_correlation_core_fu_1779/grp_correlation_core_Pipeline_mac_loop_fu_8736/mac_muladd_8ns_8ns_24s_24_4_1_U1300/tme_top_mac_muladd_8ns_8ns_24s_24_4_1_DSP48_0_U/p_reg_reg_i_69__10/O
                         net (fo=1, routed)           1.020     9.089    tme_bd_i/tme_top_0/inst/grp_correlation_core_fu_1779/grp_correlation_core_Pipeline_mac_loop_fu_8736/mac_muladd_8ns_8ns_24s_24_4_1_U1300/tme_top_mac_muladd_8ns_8ns_24s_24_4_1_DSP48_0_U/p_reg_reg_i_69__10_n_2
    SLICE_X67Y76         LUT6 (Prop_lut6_I3_O)        0.124     9.213 r  tme_bd_i/tme_top_0/inst/grp_correlation_core_fu_1779/grp_correlation_core_Pipeline_mac_loop_fu_8736/mac_muladd_8ns_8ns_24s_24_4_1_U1300/tme_top_mac_muladd_8ns_8ns_24s_24_4_1_DSP48_0_U/p_reg_reg_i_21__8/O
                         net (fo=1, routed)           0.000     9.213    tme_bd_i/tme_top_0/inst/grp_correlation_core_fu_1779/grp_correlation_core_Pipeline_mac_loop_fu_8736/mac_muladd_8ns_8ns_24s_24_4_1_U1300/tme_top_mac_muladd_8ns_8ns_24s_24_4_1_DSP48_0_U/p_reg_reg_i_21__8_n_2
    SLICE_X67Y76         MUXF7 (Prop_muxf7_I0_O)      0.212     9.425 r  tme_bd_i/tme_top_0/inst/grp_correlation_core_fu_1779/grp_correlation_core_Pipeline_mac_loop_fu_8736/mac_muladd_8ns_8ns_24s_24_4_1_U1300/tme_top_mac_muladd_8ns_8ns_24s_24_4_1_DSP48_0_U/p_reg_reg_i_7__1/O
                         net (fo=1, routed)           1.043    10.468    tme_bd_i/tme_top_0/inst/grp_correlation_core_fu_1779/grp_correlation_core_Pipeline_mac_loop_fu_8736/p_reg_reg_i_7__1_n_2_alias
    SLICE_X64Y76         FDRE                                         r  tme_bd_i/tme_top_0/inst/grp_correlation_core_fu_1779/grp_correlation_core_Pipeline_mac_loop_fu_8736/empty_44_fu_1412_reg[23]_psdsp_6/D
  -------------------------------------------------------------------    -------------------

                         (clock clk_fpga_0 rise edge)
                                                      8.000     8.000 r  
    PS7_X0Y0             PS7                          0.000     8.000 r  tme_bd_i/processing_system7_0/inst/PS7_i/FCLKCLK[0]
                         net (fo=1, routed)           1.088     9.088    tme_bd_i/processing_system7_0/inst/FCLK_CLK_unbuffered[0]
    BUFGCTRL_X0Y16       BUFG (Prop_bufg_I_O)         0.091     9.179 r  tme_bd_i/processing_system7_0/inst/buffer_fclk_clk_0.FCLK_CLK_0_BUFG/O
                         net (fo=25602, routed)       1.526    10.705    tme_bd_i/tme_top_0/inst/grp_correlation_core_fu_1779/grp_correlation_core_Pipeline_mac_loop_fu_8736/ap_clk
    SLICE_X64Y76         FDRE                                         r  tme_bd_i/tme_top_0/inst/grp_correlation_core_fu_1779/grp_correlation_core_Pipeline_mac_loop_fu_8736/empty_44_fu_1412_reg[23]_psdsp_6/C
                         clock pessimism              0.115    10.820    
                         clock uncertainty           -0.125    10.695    
    SLICE_X64Y76         FDRE (Setup_fdre_C_D)       -0.215    10.480    tme_bd_i/tme_top_0/inst/grp_correlation_core_fu_1779/grp_correlation_core_Pipeline_mac_loop_fu_8736/empty_44_fu_1412_reg[23]_psdsp_6
  -------------------------------------------------------------------
                         required time                         10.480    
                         arrival time                         -10.468    
  -------------------------------------------------------------------
                         slack                                  0.012    

Slack (MET) :             0.058ns  (required time - arrival time)
  Source:                 tme_bd_i/tme_top_0/inst/grp_correlation_core_fu_1779/seg_973_reg_6922_reg[5]/C
                            (rising edge-triggered cell FDRE clocked by clk_fpga_0  {rise@0.000ns fall@4.000ns period=8.000ns})
  Destination:            tme_bd_i/tme_top_0/inst/grp_correlation_core_fu_1779/grp_correlation_core_Pipeline_mac_loop_fu_8736/empty_43_fu_1408_reg[23]_psdsp_2/D
                            (rising edge-triggered cell FDRE clocked by clk_fpga_0  {rise@0.000ns fall@4.000ns period=8.000ns})
  Path Group:             clk_fpga_0
  Path Type:              Setup (Max at Slow Process Corner)
  Requirement:            8.000ns  (clk_fpga_0 rise@8.000ns - clk_fpga_0 rise@0.000ns)
  Data Path Delay:        7.471ns  (logic 1.299ns (17.387%)  route 6.172ns (82.613%))
  Logic Levels:           5  (LUT3=1 LUT6=3 MUXF7=1)
  Clock Path Skew:        -0.106ns (DCD - SCD + CPR)
    Destination Clock Delay (DCD):    2.710ns = ( 10.710 - 8.000 ) 
    Source Clock Delay      (SCD):    2.945ns
    Clock Pessimism Removal (CPR):    0.129ns
  Clock Uncertainty:      0.125ns  ((TSJ^2 + TIJ^2)^1/2 + DJ) / 2 + PE
    Total System Jitter     (TSJ):    0.071ns
    Total Input Jitter      (TIJ):    0.240ns
    Discrete Jitter          (DJ):    0.000ns
    Phase Error              (PE):    0.000ns

    Location             Delay type                Incr(ns)  Path(ns)    Netlist Resource(s)
  -------------------------------------------------------------------    -------------------
                         (clock clk_fpga_0 rise edge)
                                                      0.000     0.000 r  
    PS7_X0Y0             PS7                          0.000     0.000 r  tme_bd_i/processing_system7_0/inst/PS7_i/FCLKCLK[0]
                         net (fo=1, routed)           1.193     1.193    tme_bd_i/processing_system7_0/inst/FCLK_CLK_unbuffered[0]
    BUFGCTRL_X0Y16       BUFG (Prop_bufg_I_O)         0.101     1.294 r  tme_bd_i/processing_system7_0/inst/buffer_fclk_clk_0.FCLK_CLK_0_BUFG/O
                         net (fo=25602, routed)       1.651     2.945    tme_bd_i/tme_top_0/inst/grp_correlation_core_fu_1779/ap_clk
    SLICE_X43Y53         FDRE                                         r  tme_bd_i/tme_top_0/inst/grp_correlation_core_fu_1779/seg_973_reg_6922_reg[5]/C
  -------------------------------------------------------------------    -------------------
    SLICE_X43Y53         FDRE (Prop_fdre_C_Q)         0.419     3.364 r  tme_bd_i/tme_top_0/inst/grp_correlation_core_fu_1779/seg_973_reg_6922_reg[5]/Q
                         net (fo=5, routed)           1.435     4.799    tme_bd_i/tme_top_0/inst/grp_correlation_core_fu_1779/grp_correlation_core_Pipeline_mac_loop_fu_8736/mac_muladd_8ns_8ns_24s_24_4_1_U1311/tme_top_mac_muladd_8ns_8ns_24s_24_4_1_DSP48_0_U/p_reg_reg_i_88__0_1[5]
    SLICE_X48Y62         LUT6 (Prop_lut6_I3_O)        0.299     5.098 r  tme_bd_i/tme_top_0/inst/grp_correlation_core_fu_1779/grp_correlation_core_Pipeline_mac_loop_fu_8736/mac_muladd_8ns_8ns_24s_24_4_1_U1311/tme_top_mac_muladd_8ns_8ns_24s_24_4_1_DSP48_0_U/p_reg_reg_i_851/O
                         net (fo=2, routed)           1.182     6.281    tme_bd_i/tme_top_0/inst/grp_correlation_core_fu_1779/grp_correlation_core_Pipeline_mac_loop_fu_8736/mac_muladd_8ns_8ns_24s_24_4_1_U1307/tme_top_mac_muladd_8ns_8ns_24s_24_4_1_DSP48_0_U/p_reg_reg_i_40__2
    SLICE_X43Y69         LUT3 (Prop_lut3_I0_O)        0.124     6.405 r  tme_bd_i/tme_top_0/inst/grp_correlation_core_fu_1779/grp_correlation_core_Pipeline_mac_loop_fu_8736/mac_muladd_8ns_8ns_24s_24_4_1_U1307/tme_top_mac_muladd_8ns_8ns_24s_24_4_1_DSP48_0_U/p_reg_reg_i_126__2/O
                         net (fo=2, routed)           1.008     7.413    tme_bd_i/tme_top_0/inst/grp_correlation_core_fu_1779/grp_correlation_core_Pipeline_mac_loop_fu_8736/mac_muladd_8ns_8ns_24s_24_4_1_U1299/tme_top_mac_muladd_8ns_8ns_24s_24_4_1_DSP48_0_U/p_reg_reg_i_13__4_7
    SLICE_X49Y62         LUT6 (Prop_lut6_I3_O)        0.124     7.537 r  tme_bd_i/tme_top_0/inst/grp_correlation_core_fu_1779/grp_correlation_core_Pipeline_mac_loop_fu_8736/mac_muladd_8ns_8ns_24s_24_4_1_U1299/tme_top_mac_muladd_8ns_8ns_24s_24_4_1_DSP48_0_U/p_reg_reg_i_40__2/O
                         net (fo=1, routed)           1.136     8.673    tme_bd_i/tme_top_0/inst/grp_correlation_core_fu_1779/grp_correlation_core_Pipeline_mac_loop_fu_8736/mac_muladd_8ns_8ns_24s_24_4_1_U1299/tme_top_mac_muladd_8ns_8ns_24s_24_4_1_DSP48_0_U/p_reg_reg_i_40__2_n_2
    SLICE_X54Y70         LUT6 (Prop_lut6_I1_O)        0.124     8.797 r  tme_bd_i/tme_top_0/inst/grp_correlation_core_fu_1779/grp_correlation_core_Pipeline_mac_loop_fu_8736/mac_muladd_8ns_8ns_24s_24_4_1_U1299/tme_top_mac_muladd_8ns_8ns_24s_24_4_1_DSP48_0_U/p_reg_reg_i_13__4/O
                         net (fo=1, routed)           0.000     8.797    tme_bd_i/tme_top_0/inst/grp_correlation_core_fu_1779/grp_correlation_core_Pipeline_mac_loop_fu_8736/mac_muladd_8ns_8ns_24s_24_4_1_U1299/tme_top_mac_muladd_8ns_8ns_24s_24_4_1_DSP48_0_U/p_reg_reg_i_13__4_n_2
    SLICE_X54Y70         MUXF7 (Prop_muxf7_I0_O)      0.209     9.006 r  tme_bd_i/tme_top_0/inst/grp_correlation_core_fu_1779/grp_correlation_core_Pipeline_mac_loop_fu_8736/mac_muladd_8ns_8ns_24s_24_4_1_U1299/tme_top_mac_muladd_8ns_8ns_24s_24_4_1_DSP48_0_U/p_reg_reg_i_3__12/O
                         net (fo=1, routed)           1.410    10.416    tme_bd_i/tme_top_0/inst/grp_correlation_core_fu_1779/grp_correlation_core_Pipeline_mac_loop_fu_8736/p_reg_reg_i_3__12_n_2_alias
    SLICE_X67Y81         FDRE                                         r  tme_bd_i/tme_top_0/inst/grp_correlation_core_fu_1779/grp_correlation_core_Pipeline_mac_loop_fu_8736/empty_43_fu_1408_reg[23]_psdsp_2/D
  -------------------------------------------------------------------    -------------------

                         (clock clk_fpga_0 rise edge)
                                                      8.000     8.000 r  
    PS7_X0Y0             PS7                          0.000     8.000 r  tme_bd_i/processing_system7_0/inst/PS7_i/FCLKCLK[0]
                         net (fo=1, routed)           1.088     9.088    tme_bd_i/processing_system7_0/inst/FCLK_CLK_unbuffered[0]
    BUFGCTRL_X0Y16       BUFG (Prop_bufg_I_O)         0.091     9.179 r  tme_bd_i/processing_system7_0/inst/buffer_fclk_clk_0.FCLK_CLK_0_BUFG/O
                         net (fo=25602, routed)       1.531    10.710    tme_bd_i/tme_top_0/inst/grp_correlation_core_fu_1779/grp_correlation_core_Pipeline_mac_loop_fu_8736/ap_clk
    SLICE_X67Y81         FDRE                                         r  tme_bd_i/tme_top_0/inst/grp_correlation_core_fu_1779/grp_correlation_core_Pipeline_mac_loop_fu_8736/empty_43_fu_1408_reg[23]_psdsp_2/C
                         clock pessimism              0.129    10.839    
                         clock uncertainty           -0.125    10.714    
    SLICE_X67Y81         FDRE (Setup_fdre_C_D)       -0.240    10.474    tme_bd_i/tme_top_0/inst/grp_correlation_core_fu_1779/grp_correlation_core_Pipeline_mac_loop_fu_8736/empty_43_fu_1408_reg[23]_psdsp_2
  -------------------------------------------------------------------
                         required time                         10.474    
                         arrival time                         -10.416    
  -------------------------------------------------------------------
                         slack                                  0.058    

Slack (MET) :             0.122ns  (required time - arrival time)
  Source:                 tme_bd_i/tme_top_0/inst/grp_correlation_core_fu_1779/seg_999_reg_6662_reg[3]/C
                            (rising edge-triggered cell FDRE clocked by clk_fpga_0  {rise@0.000ns fall@4.000ns period=8.000ns})
  Destination:            tme_bd_i/tme_top_0/inst/grp_correlation_core_fu_1779/grp_correlation_core_Pipeline_mac_loop_fu_8736/empty_46_fu_1420_reg[23]_psdsp_4/D
                            (rising edge-triggered cell FDRE clocked by clk_fpga_0  {rise@0.000ns fall@4.000ns period=8.000ns})
  Path Group:             clk_fpga_0
  Path Type:              Setup (Max at Slow Process Corner)
  Requirement:            8.000ns  (clk_fpga_0 rise@8.000ns - clk_fpga_0 rise@0.000ns)
  Data Path Delay:        7.382ns  (logic 1.299ns (17.597%)  route 6.083ns (82.403%))
  Logic Levels:           5  (LUT3=1 LUT6=3 MUXF7=1)
  Clock Path Skew:        -0.155ns (DCD - SCD + CPR)
    Destination Clock Delay (DCD):    2.706ns = ( 10.706 - 8.000 ) 
    Source Clock Delay      (SCD):    2.990ns
    Clock Pessimism Removal (CPR):    0.129ns
  Clock Uncertainty:      0.125ns  ((TSJ^2 + TIJ^2)^1/2 + DJ) / 2 + PE
    Total System Jitter     (TSJ):    0.071ns
    Total Input Jitter      (TIJ):    0.240ns
    Discrete Jitter          (DJ):    0.000ns
    Phase Error              (PE):    0.000ns

    Location             Delay type                Incr(ns)  Path(ns)    Netlist Resource(s)
  -------------------------------------------------------------------    -------------------
                         (clock clk_fpga_0 rise edge)
                                                      0.000     0.000 r  
    PS7_X0Y0             PS7                          0.000     0.000 r  tme_bd_i/processing_system7_0/inst/PS7_i/FCLKCLK[0]
                         net (fo=1, routed)           1.193     1.193    tme_bd_i/processing_system7_0/inst/FCLK_CLK_unbuffered[0]
    BUFGCTRL_X0Y16       BUFG (Prop_bufg_I_O)         0.101     1.294 r  tme_bd_i/processing_system7_0/inst/buffer_fclk_clk_0.FCLK_CLK_0_BUFG/O
                         net (fo=25602, routed)       1.696     2.990    tme_bd_i/tme_top_0/inst/grp_correlation_core_fu_1779/ap_clk
    SLICE_X27Y52         FDRE                                         r  tme_bd_i/tme_top_0/inst/grp_correlation_core_fu_1779/seg_999_reg_6662_reg[3]/C
  -------------------------------------------------------------------    -------------------
    SLICE_X27Y52         FDRE (Prop_fdre_C_Q)         0.419     3.409 r  tme_bd_i/tme_top_0/inst/grp_correlation_core_fu_1779/seg_999_reg_6662_reg[3]/Q
                         net (fo=5, routed)           1.252     4.661    tme_bd_i/tme_top_0/inst/grp_correlation_core_fu_1779/grp_correlation_core_Pipeline_mac_loop_fu_8736/mac_muladd_8ns_8ns_24s_24_4_1_U1306/tme_top_mac_muladd_8ns_8ns_24s_24_4_1_DSP48_0_U/p_reg_reg_i_93__9_2[3]
    SLICE_X29Y65         LUT6 (Prop_lut6_I5_O)        0.299     4.960 r  tme_bd_i/tme_top_0/inst/grp_correlation_core_fu_1779/grp_correlation_core_Pipeline_mac_loop_fu_8736/mac_muladd_8ns_8ns_24s_24_4_1_U1306/tme_top_mac_muladd_8ns_8ns_24s_24_4_1_DSP48_0_U/p_reg_reg_i_393__2/O
                         net (fo=2, routed)           1.011     5.970    tme_bd_i/tme_top_0/inst/grp_correlation_core_fu_1779/grp_correlation_core_Pipeline_mac_loop_fu_8736/mac_muladd_8ns_8ns_24s_24_4_1_U1302/tme_top_mac_muladd_8ns_8ns_24s_24_4_1_DSP48_0_U/p_reg_reg_i_58__8
    SLICE_X32Y73         LUT3 (Prop_lut3_I0_O)        0.124     6.094 r  tme_bd_i/tme_top_0/inst/grp_correlation_core_fu_1779/grp_correlation_core_Pipeline_mac_loop_fu_8736/mac_muladd_8ns_8ns_24s_24_4_1_U1302/tme_top_mac_muladd_8ns_8ns_24s_24_4_1_DSP48_0_U/p_reg_reg_i_169__6/O
                         net (fo=2, routed)           1.143     7.237    tme_bd_i/tme_top_0/inst/grp_correlation_core_fu_1779/grp_correlation_core_Pipeline_mac_loop_fu_8736/mac_muladd_8ns_8ns_24s_24_4_1_U1302/tme_top_mac_muladd_8ns_8ns_24s_24_4_1_DSP48_0_U/x_2_reg_21480_reg[2]_rep__0_1
    SLICE_X41Y78         LUT6 (Prop_lut6_I5_O)        0.124     7.361 r  tme_bd_i/tme_top_0/inst/grp_correlation_core_fu_1779/grp_correlation_core_Pipeline_mac_loop_fu_8736/mac_muladd_8ns_8ns_24s_24_4_1_U1302/tme_top_mac_muladd_8ns_8ns_24s_24_4_1_DSP48_0_U/p_reg_reg_i_53__12/O
                         net (fo=1, routed)           1.438     8.799    tme_bd_i/tme_top_0/inst/grp_correlation_core_fu_1779/grp_correlation_core_Pipeline_mac_loop_fu_8736/mac_muladd_8ns_8ns_24s_24_4_1_U1302/tme_top_mac_muladd_8ns_8ns_24s_24_4_1_DSP48_0_U/p_reg_reg_i_53__12_n_2
    SLICE_X54Y76         LUT6 (Prop_lut6_I0_O)        0.124     8.923 r  tme_bd_i/tme_top_0/inst/grp_correlation_core_fu_1779/grp_correlation_core_Pipeline_mac_loop_fu_8736/mac_muladd_8ns_8ns_24s_24_4_1_U1302/tme_top_mac_muladd_8ns_8ns_24s_24_4_1_DSP48_0_U/p_reg_reg_i_17__12/O
                         net (fo=1, routed)           0.000     8.923    tme_bd_i/tme_top_0/inst/grp_correlation_core_fu_1779/grp_correlation_core_Pipeline_mac_loop_fu_8736/mac_muladd_8ns_8ns_24s_24_4_1_U1302/tme_top_mac_muladd_8ns_8ns_24s_24_4_1_DSP48_0_U/p_reg_reg_i_17__12_n_2
    SLICE_X54Y76         MUXF7 (Prop_muxf7_I0_O)      0.209     9.132 r  tme_bd_i/tme_top_0/inst/grp_correlation_core_fu_1779/grp_correlation_core_Pipeline_mac_loop_fu_8736/mac_muladd_8ns_8ns_24s_24_4_1_U1302/tme_top_mac_muladd_8ns_8ns_24s_24_4_1_DSP48_0_U/p_reg_reg_i_5__2/O
                         net (fo=1, routed)           1.240    10.372    tme_bd_i/tme_top_0/inst/grp_correlation_core_fu_1779/grp_correlation_core_Pipeline_mac_loop_fu_8736/p_reg_reg_i_5__2_n_2_alias
    SLICE_X59Y81         FDRE                                         r  tme_bd_i/tme_top_0/inst/grp_correlation_core_fu_1779/grp_correlation_core_Pipeline_mac_loop_fu_8736/empty_46_fu_1420_reg[23]_psdsp_4/D
  -------------------------------------------------------------------    -------------------

                         (clock clk_fpga_0 rise edge)
                                                      8.000     8.000 r  
    PS7_X0Y0             PS7                          0.000     8.000 r  tme_bd_i/processing_system7_0/inst/PS7_i/FCLKCLK[0]
                         net (fo=1, routed)           1.088     9.088    tme_bd_i/processing_system7_0/inst/FCLK_CLK_unbuffered[0]
    BUFGCTRL_X0Y16       BUFG (Prop_bufg_I_O)         0.091     9.179 r  tme_bd_i/processing_system7_0/inst/buffer_fclk_clk_0.FCLK_CLK_0_BUFG/O
                         net (fo=25602, routed)       1.527    10.706    tme_bd_i/tme_top_0/inst/grp_correlation_core_fu_1779/grp_correlation_core_Pipeline_mac_loop_fu_8736/ap_clk
    SLICE_X59Y81         FDRE                                         r  tme_bd_i/tme_top_0/inst/grp_correlation_core_fu_1779/grp_correlation_core_Pipeline_mac_loop_fu_8736/empty_46_fu_1420_reg[23]_psdsp_4/C
                         clock pessimism              0.129    10.835    
                         clock uncertainty           -0.125    10.710    
    SLICE_X59Y81         FDRE (Setup_fdre_C_D)       -0.216    10.494    tme_bd_i/tme_top_0/inst/grp_correlation_core_fu_1779/grp_correlation_core_Pipeline_mac_loop_fu_8736/empty_46_fu_1420_reg[23]_psdsp_4
  -------------------------------------------------------------------
                         required time                         10.494    
                         arrival time                         -10.372    
  -------------------------------------------------------------------
                         slack                                  0.122    

Slack (MET) :             0.129ns  (required time - arrival time)
  Source:                 tme_bd_i/tme_top_0/inst/templ_buf_U/ram_reg_0_1/CLKBWRCLK
                            (rising edge-triggered cell RAMB36E1 clocked by clk_fpga_0  {rise@0.000ns fall@4.000ns period=8.000ns})
  Destination:            tme_bd_i/tme_top_0/inst/grp_tme_top_Pipeline_VITIS_LOOP_181_3_fu_1446/t_row_32_fu_1644_reg[1]/D
                            (rising edge-triggered cell FDRE clocked by clk_fpga_0  {rise@0.000ns fall@4.000ns period=8.000ns})
  Path Group:             clk_fpga_0
  Path Type:              Setup (Max at Slow Process Corner)
  Requirement:            8.000ns  (clk_fpga_0 rise@8.000ns - clk_fpga_0 rise@0.000ns)
  Data Path Delay:        7.427ns  (logic 2.454ns (33.043%)  route 4.973ns (66.957%))
  Logic Levels:           0  
  Clock Path Skew:        -0.261ns (DCD - SCD + CPR)
    Destination Clock Delay (DCD):    2.715ns = ( 10.715 - 8.000 ) 
    Source Clock Delay      (SCD):    3.090ns
    Clock Pessimism Removal (CPR):    0.115ns
  Clock Uncertainty:      0.125ns  ((TSJ^2 + TIJ^2)^1/2 + DJ) / 2 + PE
    Total System Jitter     (TSJ):    0.071ns
    Total Input Jitter      (TIJ):    0.240ns
    Discrete Jitter          (DJ):    0.000ns
    Phase Error              (PE):    0.000ns

    Location             Delay type                Incr(ns)  Path(ns)    Netlist Resource(s)
  -------------------------------------------------------------------    -------------------
                         (clock clk_fpga_0 rise edge)
                                                      0.000     0.000 r  
    PS7_X0Y0             PS7                          0.000     0.000 r  tme_bd_i/processing_system7_0/inst/PS7_i/FCLKCLK[0]
                         net (fo=1, routed)           1.193     1.193    tme_bd_i/processing_system7_0/inst/FCLK_CLK_unbuffered[0]
    BUFGCTRL_X0Y16       BUFG (Prop_bufg_I_O)         0.101     1.294 r  tme_bd_i/processing_system7_0/inst/buffer_fclk_clk_0.FCLK_CLK_0_BUFG/O
                         net (fo=25602, routed)       1.796     3.090    tme_bd_i/tme_top_0/inst/templ_buf_U/ap_clk
    RAMB36_X1Y0          RAMB36E1                                     r  tme_bd_i/tme_top_0/inst/templ_buf_U/ram_reg_0_1/CLKBWRCLK
  -------------------------------------------------------------------    -------------------
    RAMB36_X1Y0          RAMB36E1 (Prop_ramb36e1_CLKBWRCLK_DOBDO[0])
                                                      2.454     5.544 r  tme_bd_i/tme_top_0/inst/templ_buf_U/ram_reg_0_1/DOBDO[0]
                         net (fo=216, routed)         4.973    10.517    tme_bd_i/tme_top_0/inst/grp_tme_top_Pipeline_VITIS_LOOP_181_3_fu_1446/q0[1]
    SLICE_X67Y86         FDRE                                         r  tme_bd_i/tme_top_0/inst/grp_tme_top_Pipeline_VITIS_LOOP_181_3_fu_1446/t_row_32_fu_1644_reg[1]/D
  -------------------------------------------------------------------    -------------------

                         (clock clk_fpga_0 rise edge)
                                                      8.000     8.000 r  
    PS7_X0Y0             PS7                          0.000     8.000 r  tme_bd_i/processing_system7_0/inst/PS7_i/FCLKCLK[0]
                         net (fo=1, routed)           1.088     9.088    tme_bd_i/processing_system7_0/inst/FCLK_CLK_unbuffered[0]
    BUFGCTRL_X0Y16       BUFG (Prop_bufg_I_O)         0.091     9.179 r  tme_bd_i/processing_system7_0/inst/buffer_fclk_clk_0.FCLK_CLK_0_BUFG/O
                         net (fo=25602, routed)       1.536    10.715    tme_bd_i/tme_top_0/inst/grp_tme_top_Pipeline_VITIS_LOOP_181_3_fu_1446/ap_clk
    SLICE_X67Y86         FDRE                                         r  tme_bd_i/tme_top_0/inst/grp_tme_top_Pipeline_VITIS_LOOP_181_3_fu_1446/t_row_32_fu_1644_reg[1]/C
                         clock pessimism              0.115    10.830    
                         clock uncertainty           -0.125    10.705    
    SLICE_X67Y86         FDRE (Setup_fdre_C_D)       -0.058    10.647    tme_bd_i/tme_top_0/inst/grp_tme_top_Pipeline_VITIS_LOOP_181_3_fu_1446/t_row_32_fu_1644_reg[1]
  -------------------------------------------------------------------
                         required time                         10.647    
                         arrival time                         -10.517    
  -------------------------------------------------------------------
                         slack                                  0.129    

Slack (MET) :             0.132ns  (required time - arrival time)
  Source:                 tme_bd_i/tme_top_0/inst/templ_buf_U/ram_reg_0_5/CLKBWRCLK
                            (rising edge-triggered cell RAMB36E1 clocked by clk_fpga_0  {rise@0.000ns fall@4.000ns period=8.000ns})
  Destination:            tme_bd_i/tme_top_0/inst/grp_tme_top_Pipeline_VITIS_LOOP_181_3_fu_1446/t_row_71_fu_1488_reg[5]/D
                            (rising edge-triggered cell FDRE clocked by clk_fpga_0  {rise@0.000ns fall@4.000ns period=8.000ns})
  Path Group:             clk_fpga_0
  Path Type:              Setup (Max at Slow Process Corner)
  Requirement:            8.000ns  (clk_fpga_0 rise@8.000ns - clk_fpga_0 rise@0.000ns)
  Data Path Delay:        7.365ns  (logic 2.454ns (33.321%)  route 4.911ns (66.679%))
  Logic Levels:           0  
  Clock Path Skew:        -0.333ns (DCD - SCD + CPR)
    Destination Clock Delay (DCD):    2.640ns = ( 10.640 - 8.000 ) 
    Source Clock Delay      (SCD):    3.087ns
    Clock Pessimism Removal (CPR):    0.115ns
  Clock Uncertainty:      0.125ns  ((TSJ^2 + TIJ^2)^1/2 + DJ) / 2 + PE
    Total System Jitter     (TSJ):    0.071ns
    Total Input Jitter      (TIJ):    0.240ns
    Discrete Jitter          (DJ):    0.000ns
    Phase Error              (PE):    0.000ns

    Location             Delay type                Incr(ns)  Path(ns)    Netlist Resource(s)
  -------------------------------------------------------------------    -------------------
                         (clock clk_fpga_0 rise edge)
                                                      0.000     0.000 r  
    PS7_X0Y0             PS7                          0.000     0.000 r  tme_bd_i/processing_system7_0/inst/PS7_i/FCLKCLK[0]
                         net (fo=1, routed)           1.193     1.193    tme_bd_i/processing_system7_0/inst/FCLK_CLK_unbuffered[0]
    BUFGCTRL_X0Y16       BUFG (Prop_bufg_I_O)         0.101     1.294 r  tme_bd_i/processing_system7_0/inst/buffer_fclk_clk_0.FCLK_CLK_0_BUFG/O
                         net (fo=25602, routed)       1.793     3.087    tme_bd_i/tme_top_0/inst/templ_buf_U/ap_clk
    RAMB36_X0Y7          RAMB36E1                                     r  tme_bd_i/tme_top_0/inst/templ_buf_U/ram_reg_0_5/CLKBWRCLK
  -------------------------------------------------------------------    -------------------
    RAMB36_X0Y7          RAMB36E1 (Prop_ramb36e1_CLKBWRCLK_DOBDO[0])
                                                      2.454     5.541 r  tme_bd_i/tme_top_0/inst/templ_buf_U/ram_reg_0_5/DOBDO[0]
                         net (fo=216, routed)         4.911    10.452    tme_bd_i/tme_top_0/inst/grp_tme_top_Pipeline_VITIS_LOOP_181_3_fu_1446/q0[5]
    SLICE_X50Y86         FDRE                                         r  tme_bd_i/tme_top_0/inst/grp_tme_top_Pipeline_VITIS_LOOP_181_3_fu_1446/t_row_71_fu_1488_reg[5]/D
  -------------------------------------------------------------------    -------------------

                         (clock clk_fpga_0 rise edge)
                                                      8.000     8.000 r  
    PS7_X0Y0             PS7                          0.000     8.000 r  tme_bd_i/processing_system7_0/inst/PS7_i/FCLKCLK[0]
                         net (fo=1, routed)           1.088     9.088    tme_bd_i/processing_system7_0/inst/FCLK_CLK_unbuffered[0]
    BUFGCTRL_X0Y16       BUFG (Prop_bufg_I_O)         0.091     9.179 r  tme_bd_i/processing_system7_0/inst/buffer_fclk_clk_0.FCLK_CLK_0_BUFG/O
                         net (fo=25602, routed)       1.461    10.640    tme_bd_i/tme_top_0/inst/grp_tme_top_Pipeline_VITIS_LOOP_181_3_fu_1446/ap_clk
    SLICE_X50Y86         FDRE                                         r  tme_bd_i/tme_top_0/inst/grp_tme_top_Pipeline_VITIS_LOOP_181_3_fu_1446/t_row_71_fu_1488_reg[5]/C
                         clock pessimism              0.115    10.755    
                         clock uncertainty           -0.125    10.630    
    SLICE_X50Y86         FDRE (Setup_fdre_C_D)       -0.045    10.585    tme_bd_i/tme_top_0/inst/grp_tme_top_Pipeline_VITIS_LOOP_181_3_fu_1446/t_row_71_fu_1488_reg[5]
  -------------------------------------------------------------------
                         required time                         10.585    
                         arrival time                         -10.452    
  -------------------------------------------------------------------
                         slack                                  0.132    

Slack (MET) :             0.139ns  (required time - arrival time)
  Source:                 tme_bd_i/tme_top_0/inst/grp_correlation_core_fu_1779/overlap_reg_20667_reg[15]/C
                            (rising edge-triggered cell FDRE clocked by clk_fpga_0  {rise@0.000ns fall@4.000ns period=8.000ns})
  Destination:            tme_bd_i/tme_top_0/inst/grp_correlation_core_fu_1779/icmp_ln169_16_reg_22101_reg[0]/D
                            (rising edge-triggered cell FDRE clocked by clk_fpga_0  {rise@0.000ns fall@4.000ns period=8.000ns})
  Path Group:             clk_fpga_0
  Path Type:              Setup (Max at Slow Process Corner)
  Requirement:            8.000ns  (clk_fpga_0 rise@8.000ns - clk_fpga_0 rise@0.000ns)
  Data Path Delay:        7.684ns  (logic 1.314ns (17.100%)  route 6.370ns (82.900%))
  Logic Levels:           3  (CARRY4=2 LUT2=1)
  Clock Path Skew:        -0.098ns (DCD - SCD + CPR)
    Destination Clock Delay (DCD):    2.733ns = ( 10.733 - 8.000 ) 
    Source Clock Delay      (SCD):    2.946ns
    Clock Pessimism Removal (CPR):    0.115ns
  Clock Uncertainty:      0.125ns  ((TSJ^2 + TIJ^2)^1/2 + DJ) / 2 + PE
    Total System Jitter     (TSJ):    0.071ns
    Total Input Jitter      (TIJ):    0.240ns
    Discrete Jitter          (DJ):    0.000ns
    Phase Error              (PE):    0.000ns

    Location             Delay type                Incr(ns)  Path(ns)    Netlist Resource(s)
  -------------------------------------------------------------------    -------------------
                         (clock clk_fpga_0 rise edge)
                                                      0.000     0.000 r  
    PS7_X0Y0             PS7                          0.000     0.000 r  tme_bd_i/processing_system7_0/inst/PS7_i/FCLKCLK[0]
                         net (fo=1, routed)           1.193     1.193    tme_bd_i/processing_system7_0/inst/FCLK_CLK_unbuffered[0]
    BUFGCTRL_X0Y16       BUFG (Prop_bufg_I_O)         0.101     1.294 r  tme_bd_i/processing_system7_0/inst/buffer_fclk_clk_0.FCLK_CLK_0_BUFG/O
                         net (fo=25602, routed)       1.652     2.946    tme_bd_i/tme_top_0/inst/grp_correlation_core_fu_1779/ap_clk
    SLICE_X36Y54         FDRE                                         r  tme_bd_i/tme_top_0/inst/grp_correlation_core_fu_1779/overlap_reg_20667_reg[15]/C
  -------------------------------------------------------------------    -------------------
    SLICE_X36Y54         FDRE (Prop_fdre_C_Q)         0.518     3.464 f  tme_bd_i/tme_top_0/inst/grp_correlation_core_fu_1779/overlap_reg_20667_reg[15]/Q
                         net (fo=427, routed)         6.370     9.834    tme_bd_i/tme_top_0/inst/grp_correlation_core_fu_1779/overlap_reg_20667[15]
    SLICE_X78Y32         LUT2 (Prop_lut2_I1_O)        0.124     9.958 r  tme_bd_i/tme_top_0/inst/grp_correlation_core_fu_1779/icmp_ln169_16_reg_22101[0]_i_9/O
                         net (fo=1, routed)           0.000     9.958    tme_bd_i/tme_top_0/inst/grp_correlation_core_fu_1779/icmp_ln169_16_reg_22101[0]_i_9_n_2
    SLICE_X78Y32         CARRY4 (Prop_carry4_S[3]_CO[3])
                                                      0.401    10.359 r  tme_bd_i/tme_top_0/inst/grp_correlation_core_fu_1779/icmp_ln169_16_reg_22101_reg[0]_i_2/CO[3]
                         net (fo=1, routed)           0.000    10.359    tme_bd_i/tme_top_0/inst/grp_correlation_core_fu_1779/icmp_ln169_16_reg_22101_reg[0]_i_2_n_2
    SLICE_X78Y33         CARRY4 (Prop_carry4_CI_CO[0])
                                                      0.271    10.630 r  tme_bd_i/tme_top_0/inst/grp_correlation_core_fu_1779/icmp_ln169_16_reg_22101_reg[0]_i_1/CO[0]
                         net (fo=1, routed)           0.000    10.630    tme_bd_i/tme_top_0/inst/grp_correlation_core_fu_1779/icmp_ln169_16_fu_9675_p2[0]
    SLICE_X78Y33         FDRE                                         r  tme_bd_i/tme_top_0/inst/grp_correlation_core_fu_1779/icmp_ln169_16_reg_22101_reg[0]/D
  -------------------------------------------------------------------    -------------------

                         (clock clk_fpga_0 rise edge)
                                                      8.000     8.000 r  
    PS7_X0Y0             PS7                          0.000     8.000 r  tme_bd_i/processing_system7_0/inst/PS7_i/FCLKCLK[0]
                         net (fo=1, routed)           1.088     9.088    tme_bd_i/processing_system7_0/inst/FCLK_CLK_unbuffered[0]
    BUFGCTRL_X0Y16       BUFG (Prop_bufg_I_O)         0.091     9.179 r  tme_bd_i/processing_system7_0/inst/buffer_fclk_clk_0.FCLK_CLK_0_BUFG/O
                         net (fo=25602, routed)       1.554    10.733    tme_bd_i/tme_top_0/inst/grp_correlation_core_fu_1779/ap_clk
    SLICE_X78Y33         FDRE                                         r  tme_bd_i/tme_top_0/inst/grp_correlation_core_fu_1779/icmp_ln169_16_reg_22101_reg[0]/C
                         clock pessimism              0.115    10.848    
                         clock uncertainty           -0.125    10.723    
    SLICE_X78Y33         FDRE (Setup_fdre_C_D)        0.046    10.769    tme_bd_i/tme_top_0/inst/grp_correlation_core_fu_1779/icmp_ln169_16_reg_22101_reg[0]
  -------------------------------------------------------------------
                         required time                         10.769    
                         arrival time                         -10.630    
  -------------------------------------------------------------------
                         slack                                  0.139    

Slack (MET) :             0.139ns  (required time - arrival time)
  Source:                 tme_bd_i/tme_top_0/inst/grp_correlation_core_fu_1779/overlap_reg_20667_reg[15]/C
                            (rising edge-triggered cell FDRE clocked by clk_fpga_0  {rise@0.000ns fall@4.000ns period=8.000ns})
  Destination:            tme_bd_i/tme_top_0/inst/grp_correlation_core_fu_1779/icmp_ln169_40_reg_22216_reg[0]/D
                            (rising edge-triggered cell FDRE clocked by clk_fpga_0  {rise@0.000ns fall@4.000ns period=8.000ns})
  Path Group:             clk_fpga_0
  Path Type:              Setup (Max at Slow Process Corner)
  Requirement:            8.000ns  (clk_fpga_0 rise@8.000ns - clk_fpga_0 rise@0.000ns)
  Data Path Delay:        7.684ns  (logic 1.314ns (17.100%)  route 6.370ns (82.900%))
  Logic Levels:           3  (CARRY4=2 LUT2=1)
  Clock Path Skew:        -0.098ns (DCD - SCD + CPR)
    Destination Clock Delay (DCD):    2.733ns = ( 10.733 - 8.000 ) 
    Source Clock Delay      (SCD):    2.946ns
    Clock Pessimism Removal (CPR):    0.115ns
  Clock Uncertainty:      0.125ns  ((TSJ^2 + TIJ^2)^1/2 + DJ) / 2 + PE
    Total System Jitter     (TSJ):    0.071ns
    Total Input Jitter      (TIJ):    0.240ns
    Discrete Jitter          (DJ):    0.000ns
    Phase Error              (PE):    0.000ns

    Location             Delay type                Incr(ns)  Path(ns)    Netlist Resource(s)
  -------------------------------------------------------------------    -------------------
                         (clock clk_fpga_0 rise edge)
                                                      0.000     0.000 r  
    PS7_X0Y0             PS7                          0.000     0.000 r  tme_bd_i/processing_system7_0/inst/PS7_i/FCLKCLK[0]
                         net (fo=1, routed)           1.193     1.193    tme_bd_i/processing_system7_0/inst/FCLK_CLK_unbuffered[0]
    BUFGCTRL_X0Y16       BUFG (Prop_bufg_I_O)         0.101     1.294 r  tme_bd_i/processing_system7_0/inst/buffer_fclk_clk_0.FCLK_CLK_0_BUFG/O
                         net (fo=25602, routed)       1.652     2.946    tme_bd_i/tme_top_0/inst/grp_correlation_core_fu_1779/ap_clk
    SLICE_X36Y54         FDRE                                         r  tme_bd_i/tme_top_0/inst/grp_correlation_core_fu_1779/overlap_reg_20667_reg[15]/C
  -------------------------------------------------------------------    -------------------
    SLICE_X36Y54         FDRE (Prop_fdre_C_Q)         0.518     3.464 f  tme_bd_i/tme_top_0/inst/grp_correlation_core_fu_1779/overlap_reg_20667_reg[15]/Q
                         net (fo=427, routed)         6.370     9.834    tme_bd_i/tme_top_0/inst/grp_correlation_core_fu_1779/overlap_reg_20667[15]
    SLICE_X79Y32         LUT2 (Prop_lut2_I1_O)        0.124     9.958 r  tme_bd_i/tme_top_0/inst/grp_correlation_core_fu_1779/icmp_ln169_40_reg_22216[0]_i_9/O
                         net (fo=1, routed)           0.000     9.958    tme_bd_i/tme_top_0/inst/grp_correlation_core_fu_1779/icmp_ln169_40_reg_22216[0]_i_9_n_2
    SLICE_X79Y32         CARRY4 (Prop_carry4_S[3]_CO[3])
                                                      0.401    10.359 r  tme_bd_i/tme_top_0/inst/grp_correlation_core_fu_1779/icmp_ln169_40_reg_22216_reg[0]_i_2/CO[3]
                         net (fo=1, routed)           0.000    10.359    tme_bd_i/tme_top_0/inst/grp_correlation_core_fu_1779/icmp_ln169_40_reg_22216_reg[0]_i_2_n_2
    SLICE_X79Y33         CARRY4 (Prop_carry4_CI_CO[0])
                                                      0.271    10.630 r  tme_bd_i/tme_top_0/inst/grp_correlation_core_fu_1779/icmp_ln169_40_reg_22216_reg[0]_i_1/CO[0]
                         net (fo=1, routed)           0.000    10.630    tme_bd_i/tme_top_0/inst/grp_correlation_core_fu_1779/icmp_ln169_40_fu_9790_p2[0]
    SLICE_X79Y33         FDRE                                         r  tme_bd_i/tme_top_0/inst/grp_correlation_core_fu_1779/icmp_ln169_40_reg_22216_reg[0]/D
  -------------------------------------------------------------------    -------------------

                         (clock clk_fpga_0 rise edge)
                                                      8.000     8.000 r  
    PS7_X0Y0             PS7                          0.000     8.000 r  tme_bd_i/processing_system7_0/inst/PS7_i/FCLKCLK[0]
                         net (fo=1, routed)           1.088     9.088    tme_bd_i/processing_system7_0/inst/FCLK_CLK_unbuffered[0]
    BUFGCTRL_X0Y16       BUFG (Prop_bufg_I_O)         0.091     9.179 r  tme_bd_i/processing_system7_0/inst/buffer_fclk_clk_0.FCLK_CLK_0_BUFG/O
                         net (fo=25602, routed)       1.554    10.733    tme_bd_i/tme_top_0/inst/grp_correlation_core_fu_1779/ap_clk
    SLICE_X79Y33         FDRE                                         r  tme_bd_i/tme_top_0/inst/grp_correlation_core_fu_1779/icmp_ln169_40_reg_22216_reg[0]/C
                         clock pessimism              0.115    10.848    
                         clock uncertainty           -0.125    10.723    
    SLICE_X79Y33         FDRE (Setup_fdre_C_D)        0.046    10.769    tme_bd_i/tme_top_0/inst/grp_correlation_core_fu_1779/icmp_ln169_40_reg_22216_reg[0]
  -------------------------------------------------------------------
                         required time                         10.769    
                         arrival time                         -10.630    
  -------------------------------------------------------------------
                         slack                                  0.139    

Slack (MET) :             0.147ns  (required time - arrival time)
  Source:                 tme_bd_i/tme_top_0/inst/templ_buf_U/ram_reg_0_1/CLKBWRCLK
                            (rising edge-triggered cell RAMB36E1 clocked by clk_fpga_0  {rise@0.000ns fall@4.000ns period=8.000ns})
  Destination:            tme_bd_i/tme_top_0/inst/grp_tme_top_Pipeline_VITIS_LOOP_181_3_fu_1446/t_row_8_fu_1740_reg[1]/D
                            (rising edge-triggered cell FDRE clocked by clk_fpga_0  {rise@0.000ns fall@4.000ns period=8.000ns})
  Path Group:             clk_fpga_0
  Path Type:              Setup (Max at Slow Process Corner)
  Requirement:            8.000ns  (clk_fpga_0 rise@8.000ns - clk_fpga_0 rise@0.000ns)
  Data Path Delay:        7.403ns  (logic 2.454ns (33.150%)  route 4.949ns (66.851%))
  Logic Levels:           0  
  Clock Path Skew:        -0.258ns (DCD - SCD + CPR)
    Destination Clock Delay (DCD):    2.718ns = ( 10.718 - 8.000 ) 
    Source Clock Delay      (SCD):    3.090ns
    Clock Pessimism Removal (CPR):    0.115ns
  Clock Uncertainty:      0.125ns  ((TSJ^2 + TIJ^2)^1/2 + DJ) / 2 + PE
    Total System Jitter     (TSJ):    0.071ns
    Total Input Jitter      (TIJ):    0.240ns
    Discrete Jitter          (DJ):    0.000ns
    Phase Error              (PE):    0.000ns

    Location             Delay type                Incr(ns)  Path(ns)    Netlist Resource(s)
  -------------------------------------------------------------------    -------------------
                         (clock clk_fpga_0 rise edge)
                                                      0.000     0.000 r  
    PS7_X0Y0             PS7                          0.000     0.000 r  tme_bd_i/processing_system7_0/inst/PS7_i/FCLKCLK[0]
                         net (fo=1, routed)           1.193     1.193    tme_bd_i/processing_system7_0/inst/FCLK_CLK_unbuffered[0]
    BUFGCTRL_X0Y16       BUFG (Prop_bufg_I_O)         0.101     1.294 r  tme_bd_i/processing_system7_0/inst/buffer_fclk_clk_0.FCLK_CLK_0_BUFG/O
                         net (fo=25602, routed)       1.796     3.090    tme_bd_i/tme_top_0/inst/templ_buf_U/ap_clk
    RAMB36_X1Y0          RAMB36E1                                     r  tme_bd_i/tme_top_0/inst/templ_buf_U/ram_reg_0_1/CLKBWRCLK
  -------------------------------------------------------------------    -------------------
    RAMB36_X1Y0          RAMB36E1 (Prop_ramb36e1_CLKBWRCLK_DOBDO[0])
                                                      2.454     5.544 r  tme_bd_i/tme_top_0/inst/templ_buf_U/ram_reg_0_1/DOBDO[0]
                         net (fo=216, routed)         4.949    10.493    tme_bd_i/tme_top_0/inst/grp_tme_top_Pipeline_VITIS_LOOP_181_3_fu_1446/q0[1]
    SLICE_X67Y89         FDRE                                         r  tme_bd_i/tme_top_0/inst/grp_tme_top_Pipeline_VITIS_LOOP_181_3_fu_1446/t_row_8_fu_1740_reg[1]/D
  -------------------------------------------------------------------    -------------------

                         (clock clk_fpga_0 rise edge)
                                                      8.000     8.000 r  
    PS7_X0Y0             PS7                          0.000     8.000 r  tme_bd_i/processing_system7_0/inst/PS7_i/FCLKCLK[0]
                         net (fo=1, routed)           1.088     9.088    tme_bd_i/processing_system7_0/inst/FCLK_CLK_unbuffered[0]
    BUFGCTRL_X0Y16       BUFG (Prop_bufg_I_O)         0.091     9.179 r  tme_bd_i/processing_system7_0/inst/buffer_fclk_clk_0.FCLK_CLK_0_BUFG/O
                         net (fo=25602, routed)       1.539    10.718    tme_bd_i/tme_top_0/inst/grp_tme_top_Pipeline_VITIS_LOOP_181_3_fu_1446/ap_clk
    SLICE_X67Y89         FDRE                                         r  tme_bd_i/tme_top_0/inst/grp_tme_top_Pipeline_VITIS_LOOP_181_3_fu_1446/t_row_8_fu_1740_reg[1]/C
                         clock pessimism              0.115    10.833    
                         clock uncertainty           -0.125    10.708    
    SLICE_X67Y89         FDRE (Setup_fdre_C_D)       -0.067    10.641    tme_bd_i/tme_top_0/inst/grp_tme_top_Pipeline_VITIS_LOOP_181_3_fu_1446/t_row_8_fu_1740_reg[1]
  -------------------------------------------------------------------
                         required time                         10.641    
                         arrival time                         -10.493    
  -------------------------------------------------------------------
                         slack                                  0.147    

Slack (MET) :             0.168ns  (required time - arrival time)
  Source:                 tme_bd_i/tme_top_0/inst/templ_buf_U/ram_reg_0_1/CLKBWRCLK
                            (rising edge-triggered cell RAMB36E1 clocked by clk_fpga_0  {rise@0.000ns fall@4.000ns period=8.000ns})
  Destination:            tme_bd_i/tme_top_0/inst/grp_tme_top_Pipeline_VITIS_LOOP_181_3_fu_1446/t_row_75_fu_1472_reg[1]/D
                            (rising edge-triggered cell FDRE clocked by clk_fpga_0  {rise@0.000ns fall@4.000ns period=8.000ns})
  Path Group:             clk_fpga_0
  Path Type:              Setup (Max at Slow Process Corner)
  Requirement:            8.000ns  (clk_fpga_0 rise@8.000ns - clk_fpga_0 rise@0.000ns)
  Data Path Delay:        7.415ns  (logic 2.454ns (33.095%)  route 4.961ns (66.905%))
  Logic Levels:           0  
  Clock Path Skew:        -0.261ns (DCD - SCD + CPR)
    Destination Clock Delay (DCD):    2.715ns = ( 10.715 - 8.000 ) 
    Source Clock Delay      (SCD):    3.090ns
    Clock Pessimism Removal (CPR):    0.115ns
  Clock Uncertainty:      0.125ns  ((TSJ^2 + TIJ^2)^1/2 + DJ) / 2 + PE
    Total System Jitter     (TSJ):    0.071ns
    Total Input Jitter      (TIJ):    0.240ns
    Discrete Jitter          (DJ):    0.000ns
    Phase Error              (PE):    0.000ns

    Location             Delay type                Incr(ns)  Path(ns)    Netlist Resource(s)
  -------------------------------------------------------------------    -------------------
                         (clock clk_fpga_0 rise edge)
                                                      0.000     0.000 r  
    PS7_X0Y0             PS7                          0.000     0.000 r  tme_bd_i/processing_system7_0/inst/PS7_i/FCLKCLK[0]
                         net (fo=1, routed)           1.193     1.193    tme_bd_i/processing_system7_0/inst/FCLK_CLK_unbuffered[0]
    BUFGCTRL_X0Y16       BUFG (Prop_bufg_I_O)         0.101     1.294 r  tme_bd_i/processing_system7_0/inst/buffer_fclk_clk_0.FCLK_CLK_0_BUFG/O
                         net (fo=25602, routed)       1.796     3.090    tme_bd_i/tme_top_0/inst/templ_buf_U/ap_clk
    RAMB36_X1Y0          RAMB36E1                                     r  tme_bd_i/tme_top_0/inst/templ_buf_U/ram_reg_0_1/CLKBWRCLK
  -------------------------------------------------------------------    -------------------
    RAMB36_X1Y0          RAMB36E1 (Prop_ramb36e1_CLKBWRCLK_DOBDO[0])
                                                      2.454     5.544 r  tme_bd_i/tme_top_0/inst/templ_buf_U/ram_reg_0_1/DOBDO[0]
                         net (fo=216, routed)         4.961    10.505    tme_bd_i/tme_top_0/inst/grp_tme_top_Pipeline_VITIS_LOOP_181_3_fu_1446/q0[1]
    SLICE_X58Y92         FDRE                                         r  tme_bd_i/tme_top_0/inst/grp_tme_top_Pipeline_VITIS_LOOP_181_3_fu_1446/t_row_75_fu_1472_reg[1]/D
  -------------------------------------------------------------------    -------------------

                         (clock clk_fpga_0 rise edge)
                                                      8.000     8.000 r  
    PS7_X0Y0             PS7                          0.000     8.000 r  tme_bd_i/processing_system7_0/inst/PS7_i/FCLKCLK[0]
                         net (fo=1, routed)           1.088     9.088    tme_bd_i/processing_system7_0/inst/FCLK_CLK_unbuffered[0]
    BUFGCTRL_X0Y16       BUFG (Prop_bufg_I_O)         0.091     9.179 r  tme_bd_i/processing_system7_0/inst/buffer_fclk_clk_0.FCLK_CLK_0_BUFG/O
                         net (fo=25602, routed)       1.536    10.715    tme_bd_i/tme_top_0/inst/grp_tme_top_Pipeline_VITIS_LOOP_181_3_fu_1446/ap_clk
    SLICE_X58Y92         FDRE                                         r  tme_bd_i/tme_top_0/inst/grp_tme_top_Pipeline_VITIS_LOOP_181_3_fu_1446/t_row_75_fu_1472_reg[1]/C
                         clock pessimism              0.115    10.830    
                         clock uncertainty           -0.125    10.705    
    SLICE_X58Y92         FDRE (Setup_fdre_C_D)       -0.031    10.674    tme_bd_i/tme_top_0/inst/grp_tme_top_Pipeline_VITIS_LOOP_181_3_fu_1446/t_row_75_fu_1472_reg[1]
  -------------------------------------------------------------------
                         required time                         10.674    
                         arrival time                         -10.505    
  -------------------------------------------------------------------
                         slack                                  0.168    

Slack (MET) :             0.169ns  (required time - arrival time)
  Source:                 tme_bd_i/tme_top_0/inst/templ_buf_U/ram_reg_0_5/CLKBWRCLK
                            (rising edge-triggered cell RAMB36E1 clocked by clk_fpga_0  {rise@0.000ns fall@4.000ns period=8.000ns})
  Destination:            tme_bd_i/tme_top_0/inst/grp_tme_top_Pipeline_VITIS_LOOP_181_3_fu_1446/t_row_4_fu_1756_reg[5]/D
                            (rising edge-triggered cell FDRE clocked by clk_fpga_0  {rise@0.000ns fall@4.000ns period=8.000ns})
  Path Group:             clk_fpga_0
  Path Type:              Setup (Max at Slow Process Corner)
  Requirement:            8.000ns  (clk_fpga_0 rise@8.000ns - clk_fpga_0 rise@0.000ns)
  Data Path Delay:        7.326ns  (logic 2.454ns (33.499%)  route 4.872ns (66.501%))
  Logic Levels:           0  
  Clock Path Skew:        -0.323ns (DCD - SCD + CPR)
    Destination Clock Delay (DCD):    2.650ns = ( 10.650 - 8.000 ) 
    Source Clock Delay      (SCD):    3.087ns
    Clock Pessimism Removal (CPR):    0.115ns
  Clock Uncertainty:      0.125ns  ((TSJ^2 + TIJ^2)^1/2 + DJ) / 2 + PE
    Total System Jitter     (TSJ):    0.071ns
    Total Input Jitter      (TIJ):    0.240ns
    Discrete Jitter          (DJ):    0.000ns
    Phase Error              (PE):    0.000ns

    Location             Delay type                Incr(ns)  Path(ns)    Netlist Resource(s)
  -------------------------------------------------------------------    -------------------
                         (clock clk_fpga_0 rise edge)
                                                      0.000     0.000 r  
    PS7_X0Y0             PS7                          0.000     0.000 r  tme_bd_i/processing_system7_0/inst/PS7_i/FCLKCLK[0]
                         net (fo=1, routed)           1.193     1.193    tme_bd_i/processing_system7_0/inst/FCLK_CLK_unbuffered[0]
    BUFGCTRL_X0Y16       BUFG (Prop_bufg_I_O)         0.101     1.294 r  tme_bd_i/processing_system7_0/inst/buffer_fclk_clk_0.FCLK_CLK_0_BUFG/O
                         net (fo=25602, routed)       1.793     3.087    tme_bd_i/tme_top_0/inst/templ_buf_U/ap_clk
    RAMB36_X0Y7          RAMB36E1                                     r  tme_bd_i/tme_top_0/inst/templ_buf_U/ram_reg_0_5/CLKBWRCLK
  -------------------------------------------------------------------    -------------------
    RAMB36_X0Y7          RAMB36E1 (Prop_ramb36e1_CLKBWRCLK_DOBDO[0])
                                                      2.454     5.541 r  tme_bd_i/tme_top_0/inst/templ_buf_U/ram_reg_0_5/DOBDO[0]
                         net (fo=216, routed)         4.872    10.413    tme_bd_i/tme_top_0/inst/grp_tme_top_Pipeline_VITIS_LOOP_181_3_fu_1446/q0[5]
    SLICE_X43Y82         FDRE                                         r  tme_bd_i/tme_top_0/inst/grp_tme_top_Pipeline_VITIS_LOOP_181_3_fu_1446/t_row_4_fu_1756_reg[5]/D
  -------------------------------------------------------------------    -------------------

                         (clock clk_fpga_0 rise edge)
                                                      8.000     8.000 r  
    PS7_X0Y0             PS7                          0.000     8.000 r  tme_bd_i/processing_system7_0/inst/PS7_i/FCLKCLK[0]
                         net (fo=1, routed)           1.088     9.088    tme_bd_i/processing_system7_0/inst/FCLK_CLK_unbuffered[0]
    BUFGCTRL_X0Y16       BUFG (Prop_bufg_I_O)         0.091     9.179 r  tme_bd_i/processing_system7_0/inst/buffer_fclk_clk_0.FCLK_CLK_0_BUFG/O
                         net (fo=25602, routed)       1.471    10.650    tme_bd_i/tme_top_0/inst/grp_tme_top_Pipeline_VITIS_LOOP_181_3_fu_1446/ap_clk
    SLICE_X43Y82         FDRE                                         r  tme_bd_i/tme_top_0/inst/grp_tme_top_Pipeline_VITIS_LOOP_181_3_fu_1446/t_row_4_fu_1756_reg[5]/C
                         clock pessimism              0.115    10.765    
                         clock uncertainty           -0.125    10.640    
    SLICE_X43Y82         FDRE (Setup_fdre_C_D)       -0.058    10.582    tme_bd_i/tme_top_0/inst/grp_tme_top_Pipeline_VITIS_LOOP_181_3_fu_1446/t_row_4_fu_1756_reg[5]
  -------------------------------------------------------------------
                         required time                         10.582    
                         arrival time                         -10.413    
  -------------------------------------------------------------------
                         slack                                  0.169    

Slack (MET) :             0.173ns  (required time - arrival time)
  Source:                 tme_bd_i/tme_top_0/inst/templ_buf_U/ram_reg_0_1/CLKBWRCLK
                            (rising edge-triggered cell RAMB36E1 clocked by clk_fpga_0  {rise@0.000ns fall@4.000ns period=8.000ns})
  Destination:            tme_bd_i/tme_top_0/inst/grp_tme_top_Pipeline_VITIS_LOOP_181_3_fu_1446/t_row_29_fu_1656_reg[1]/D
                            (rising edge-triggered cell FDRE clocked by clk_fpga_0  {rise@0.000ns fall@4.000ns period=8.000ns})
  Path Group:             clk_fpga_0
  Path Type:              Setup (Max at Slow Process Corner)
  Requirement:            8.000ns  (clk_fpga_0 rise@8.000ns - clk_fpga_0 rise@0.000ns)
  Data Path Delay:        7.376ns  (logic 2.454ns (33.270%)  route 4.922ns (66.730%))
  Logic Levels:           0  
  Clock Path Skew:        -0.259ns (DCD - SCD + CPR)
    Destination Clock Delay (DCD):    2.717ns = ( 10.717 - 8.000 ) 
    Source Clock Delay      (SCD):    3.090ns
    Clock Pessimism Removal (CPR):    0.115ns
  Clock Uncertainty:      0.125ns  ((TSJ^2 + TIJ^2)^1/2 + DJ) / 2 + PE
    Total System Jitter     (TSJ):    0.071ns
    Total Input Jitter      (TIJ):    0.240ns
    Discrete Jitter          (DJ):    0.000ns
    Phase Error              (PE):    0.000ns

    Location             Delay type                Incr(ns)  Path(ns)    Netlist Resource(s)
  -------------------------------------------------------------------    -------------------
                         (clock clk_fpga_0 rise edge)
                                                      0.000     0.000 r  
    PS7_X0Y0             PS7                          0.000     0.000 r  tme_bd_i/processing_system7_0/inst/PS7_i/FCLKCLK[0]
                         net (fo=1, routed)           1.193     1.193    tme_bd_i/processing_system7_0/inst/FCLK_CLK_unbuffered[0]
    BUFGCTRL_X0Y16       BUFG (Prop_bufg_I_O)         0.101     1.294 r  tme_bd_i/processing_system7_0/inst/buffer_fclk_clk_0.FCLK_CLK_0_BUFG/O
                         net (fo=25602, routed)       1.796     3.090    tme_bd_i/tme_top_0/inst/templ_buf_U/ap_clk
    RAMB36_X1Y0          RAMB36E1                                     r  tme_bd_i/tme_top_0/inst/templ_buf_U/ram_reg_0_1/CLKBWRCLK
  -------------------------------------------------------------------    -------------------
    RAMB36_X1Y0          RAMB36E1 (Prop_ramb36e1_CLKBWRCLK_DOBDO[0])
                                                      2.454     5.544 r  tme_bd_i/tme_top_0/inst/templ_buf_U/ram_reg_0_1/DOBDO[0]
                         net (fo=216, routed)         4.922    10.467    tme_bd_i/tme_top_0/inst/grp_tme_top_Pipeline_VITIS_LOOP_181_3_fu_1446/q0[1]
    SLICE_X57Y97         FDRE                                         r  tme_bd_i/tme_top_0/inst/grp_tme_top_Pipeline_VITIS_LOOP_181_3_fu_1446/t_row_29_fu_1656_reg[1]/D
  -------------------------------------------------------------------    -------------------

                         (clock clk_fpga_0 rise edge)
                                                      8.000     8.000 r  
    PS7_X0Y0             PS7                          0.000     8.000 r  tme_bd_i/processing_system7_0/inst/PS7_i/FCLKCLK[0]
                         net (fo=1, routed)           1.088     9.088    tme_bd_i/processing_system7_0/inst/FCLK_CLK_unbuffered[0]
    BUFGCTRL_X0Y16       BUFG (Prop_bufg_I_O)         0.091     9.179 r  tme_bd_i/processing_system7_0/inst/buffer_fclk_clk_0.FCLK_CLK_0_BUFG/O
                         net (fo=25602, routed)       1.538    10.717    tme_bd_i/tme_top_0/inst/grp_tme_top_Pipeline_VITIS_LOOP_181_3_fu_1446/ap_clk
    SLICE_X57Y97         FDRE                                         r  tme_bd_i/tme_top_0/inst/grp_tme_top_Pipeline_VITIS_LOOP_181_3_fu_1446/t_row_29_fu_1656_reg[1]/C
                         clock pessimism              0.115    10.832    
                         clock uncertainty           -0.125    10.707    
    SLICE_X57Y97         FDRE (Setup_fdre_C_D)       -0.067    10.640    tme_bd_i/tme_top_0/inst/grp_tme_top_Pipeline_VITIS_LOOP_181_3_fu_1446/t_row_29_fu_1656_reg[1]
  -------------------------------------------------------------------
                         required time                         10.640    
                         arrival time                         -10.467    
  -------------------------------------------------------------------
                         slack                                  0.173    

Slack (MET) :             0.180ns  (required time - arrival time)
  Source:                 tme_bd_i/tme_top_0/inst/grp_correlation_core_fu_1779/seg_910_reg_7552_reg[0]/C
                            (rising edge-triggered cell FDRE clocked by clk_fpga_0  {rise@0.000ns fall@4.000ns period=8.000ns})
  Destination:            tme_bd_i/tme_top_0/inst/grp_correlation_core_fu_1779/grp_correlation_core_Pipeline_mac_loop_fu_8736/empty_51_fu_1440_reg[23]_psdsp_7/D
                            (rising edge-triggered cell FDRE clocked by clk_fpga_0  {rise@0.000ns fall@4.000ns period=8.000ns})
  Path Group:             clk_fpga_0
  Path Type:              Setup (Max at Slow Process Corner)
  Requirement:            8.000ns  (clk_fpga_0 rise@8.000ns - clk_fpga_0 rise@0.000ns)
  Data Path Delay:        7.242ns  (logic 1.586ns (21.900%)  route 5.656ns (78.100%))
  Logic Levels:           5  (LUT3=1 LUT6=3 MUXF7=1)
  Clock Path Skew:        -0.252ns (DCD - SCD + CPR)
    Destination Clock Delay (DCD):    2.720ns = ( 10.720 - 8.000 ) 
    Source Clock Delay      (SCD):    3.087ns
    Clock Pessimism Removal (CPR):    0.115ns
  Clock Uncertainty:      0.125ns  ((TSJ^2 + TIJ^2)^1/2 + DJ) / 2 + PE
    Total System Jitter     (TSJ):    0.071ns
    Total Input Jitter      (TIJ):    0.240ns
    Discrete Jitter          (DJ):    0.000ns
    Phase Error              (PE):    0.000ns

    Location             Delay type                Incr(ns)  Path(ns)    Netlist Resource(s)
  -------------------------------------------------------------------    -------------------
                         (clock clk_fpga_0 rise edge)
                                                      0.000     0.000 r  
    PS7_X0Y0             PS7                          0.000     0.000 r  tme_bd_i/processing_system7_0/inst/PS7_i/FCLKCLK[0]
                         net (fo=1, routed)           1.193     1.193    tme_bd_i/processing_system7_0/inst/FCLK_CLK_unbuffered[0]
    BUFGCTRL_X0Y16       BUFG (Prop_bufg_I_O)         0.101     1.294 r  tme_bd_i/processing_system7_0/inst/buffer_fclk_clk_0.FCLK_CLK_0_BUFG/O
                         net (fo=25602, routed)       1.793     3.087    tme_bd_i/tme_top_0/inst/grp_correlation_core_fu_1779/ap_clk
    SLICE_X90Y34         FDRE                                         r  tme_bd_i/tme_top_0/inst/grp_correlation_core_fu_1779/seg_910_reg_7552_reg[0]/C
  -------------------------------------------------------------------    -------------------
    SLICE_X90Y34         FDRE (Prop_fdre_C_Q)         0.478     3.565 r  tme_bd_i/tme_top_0/inst/grp_correlation_core_fu_1779/seg_910_reg_7552_reg[0]/Q
                         net (fo=5, routed)           1.557     5.122    tme_bd_i/tme_top_0/inst/grp_correlation_core_fu_1779/grp_correlation_core_Pipeline_mac_loop_fu_8736/mac_muladd_8ns_8ns_24s_24_4_1_U1311/tme_top_mac_muladd_8ns_8ns_24s_24_4_1_DSP48_0_U/p_reg_reg_i_81__1_0[0]
    SLICE_X88Y44         LUT6 (Prop_lut6_I1_O)        0.295     5.417 r  tme_bd_i/tme_top_0/inst/grp_correlation_core_fu_1779/grp_correlation_core_Pipeline_mac_loop_fu_8736/mac_muladd_8ns_8ns_24s_24_4_1_U1311/tme_top_mac_muladd_8ns_8ns_24s_24_4_1_DSP48_0_U/p_reg_reg_i_1047/O
                         net (fo=4, routed)           1.355     6.772    tme_bd_i/tme_top_0/inst/grp_correlation_core_fu_1779/grp_correlation_core_Pipeline_mac_loop_fu_8736/mac_muladd_8ns_8ns_24s_24_4_1_U1307/tme_top_mac_muladd_8ns_8ns_24s_24_4_1_DSP48_0_U/p_reg_reg_i_77__4_1
    SLICE_X67Y51         LUT3 (Prop_lut3_I0_O)        0.153     6.925 r  tme_bd_i/tme_top_0/inst/grp_correlation_core_fu_1779/grp_correlation_core_Pipeline_mac_loop_fu_8736/mac_muladd_8ns_8ns_24s_24_4_1_U1307/tme_top_mac_muladd_8ns_8ns_24s_24_4_1_DSP48_0_U/p_reg_reg_i_229__0/O
                         net (fo=1, routed)           0.607     7.532    tme_bd_i/tme_top_0/inst/grp_correlation_core_fu_1779/grp_correlation_core_Pipeline_mac_loop_fu_8736/mac_muladd_8ns_8ns_24s_24_4_1_U1307/tme_top_mac_muladd_8ns_8ns_24s_24_4_1_DSP48_0_U/p_reg_reg_i_229__0_n_2
    SLICE_X72Y49         LUT6 (Prop_lut6_I5_O)        0.327     7.859 r  tme_bd_i/tme_top_0/inst/grp_correlation_core_fu_1779/grp_correlation_core_Pipeline_mac_loop_fu_8736/mac_muladd_8ns_8ns_24s_24_4_1_U1307/tme_top_mac_muladd_8ns_8ns_24s_24_4_1_DSP48_0_U/p_reg_reg_i_77__4/O
                         net (fo=1, routed)           0.958     8.817    tme_bd_i/tme_top_0/inst/grp_correlation_core_fu_1779/grp_correlation_core_Pipeline_mac_loop_fu_8736/mac_muladd_8ns_8ns_24s_24_4_1_U1307/tme_top_mac_muladd_8ns_8ns_24s_24_4_1_DSP48_0_U/p_reg_reg_i_77__4_n_2
    SLICE_X62Y52         LUT6 (Prop_lut6_I5_O)        0.124     8.941 r  tme_bd_i/tme_top_0/inst/grp_correlation_core_fu_1779/grp_correlation_core_Pipeline_mac_loop_fu_8736/mac_muladd_8ns_8ns_24s_24_4_1_U1307/tme_top_mac_muladd_8ns_8ns_24s_24_4_1_DSP48_0_U/p_reg_reg_i_23__5/O
                         net (fo=1, routed)           0.000     8.941    tme_bd_i/tme_top_0/inst/grp_correlation_core_fu_1779/grp_correlation_core_Pipeline_mac_loop_fu_8736/mac_muladd_8ns_8ns_24s_24_4_1_U1307/tme_top_mac_muladd_8ns_8ns_24s_24_4_1_DSP48_0_U/p_reg_reg_i_23__5_n_2
    SLICE_X62Y52         MUXF7 (Prop_muxf7_I0_O)      0.209     9.150 r  tme_bd_i/tme_top_0/inst/grp_correlation_core_fu_1779/grp_correlation_core_Pipeline_mac_loop_fu_8736/mac_muladd_8ns_8ns_24s_24_4_1_U1307/tme_top_mac_muladd_8ns_8ns_24s_24_4_1_DSP48_0_U/p_reg_reg_i_8__8/O
                         net (fo=1, routed)           1.179    10.329    tme_bd_i/tme_top_0/inst/grp_correlation_core_fu_1779/grp_correlation_core_Pipeline_mac_loop_fu_8736/p_reg_reg_i_8__8_n_2_alias
    SLICE_X62Y52         FDRE                                         r  tme_bd_i/tme_top_0/inst/grp_correlation_core_fu_1779/grp_correlation_core_Pipeline_mac_loop_fu_8736/empty_51_fu_1440_reg[23]_psdsp_7/D
  -------------------------------------------------------------------    -------------------

                         (clock clk_fpga_0 rise edge)
                                                      8.000     8.000 r  
    PS7_X0Y0             PS7                          0.000     8.000 r  tme_bd_i/processing_system7_0/inst/PS7_i/FCLKCLK[0]
                         net (fo=1, routed)           1.088     9.088    tme_bd_i/processing_system7_0/inst/FCLK_CLK_unbuffered[0]
    BUFGCTRL_X0Y16       BUFG (Prop_bufg_I_O)         0.091     9.179 r  tme_bd_i/processing_system7_0/inst/buffer_fclk_clk_0.FCLK_CLK_0_BUFG/O
                         net (fo=25602, routed)       1.541    10.720    tme_bd_i/tme_top_0/inst/grp_correlation_core_fu_1779/grp_correlation_core_Pipeline_mac_loop_fu_8736/ap_clk
    SLICE_X62Y52         FDRE                                         r  tme_bd_i/tme_top_0/inst/grp_correlation_core_fu_1779/grp_correlation_core_Pipeline_mac_loop_fu_8736/empty_51_fu_1440_reg[23]_psdsp_7/C
                         clock pessimism              0.115    10.835    
                         clock uncertainty           -0.125    10.710    
    SLICE_X62Y52         FDRE (Setup_fdre_C_D)       -0.201    10.509    tme_bd_i/tme_top_0/inst/grp_correlation_core_fu_1779/grp_correlation_core_Pipeline_mac_loop_fu_8736/empty_51_fu_1440_reg[23]_psdsp_7
  -------------------------------------------------------------------
                         required time                         10.509    
                         arrival time                         -10.329    
  -------------------------------------------------------------------
                         slack                                  0.180    

Slack (MET) :             0.181ns  (required time - arrival time)
  Source:                 tme_bd_i/tme_top_0/inst/templ_buf_U/ram_reg_0_1/CLKBWRCLK
                            (rising edge-triggered cell RAMB36E1 clocked by clk_fpga_0  {rise@0.000ns fall@4.000ns period=8.000ns})
  Destination:            tme_bd_i/tme_top_0/inst/grp_tme_top_Pipeline_VITIS_LOOP_181_3_fu_1446/t_row_79_fu_1456_reg[1]/D
                            (rising edge-triggered cell FDRE clocked by clk_fpga_0  {rise@0.000ns fall@4.000ns period=8.000ns})
  Path Group:             clk_fpga_0
  Path Type:              Setup (Max at Slow Process Corner)
  Requirement:            8.000ns  (clk_fpga_0 rise@8.000ns - clk_fpga_0 rise@0.000ns)
  Data Path Delay:        7.366ns  (logic 2.454ns (33.315%)  route 4.912ns (66.685%))
  Logic Levels:           0  
  Clock Path Skew:        -0.261ns (DCD - SCD + CPR)
    Destination Clock Delay (DCD):    2.715ns = ( 10.715 - 8.000 ) 
    Source Clock Delay      (SCD):    3.090ns
    Clock Pessimism Removal (CPR):    0.115ns
  Clock Uncertainty:      0.125ns  ((TSJ^2 + TIJ^2)^1/2 + DJ) / 2 + PE
    Total System Jitter     (TSJ):    0.071ns
    Total Input Jitter      (TIJ):    0.240ns
    Discrete Jitter          (DJ):    0.000ns
    Phase Error              (PE):    0.000ns

    Location             Delay type                Incr(ns)  Path(ns)    Netlist Resource(s)
  -------------------------------------------------------------------    -------------------
                         (clock clk_fpga_0 rise edge)
                                                      0.000     0.000 r  
    PS7_X0Y0             PS7                          0.000     0.000 r  tme_bd_i/processing_system7_0/inst/PS7_i/FCLKCLK[0]
                         net (fo=1, routed)           1.193     1.193    tme_bd_i/processing_system7_0/inst/FCLK_CLK_unbuffered[0]
    BUFGCTRL_X0Y16       BUFG (Prop_bufg_I_O)         0.101     1.294 r  tme_bd_i/processing_system7_0/inst/buffer_fclk_clk_0.FCLK_CLK_0_BUFG/O
                         net (fo=25602, routed)       1.796     3.090    tme_bd_i/tme_top_0/inst/templ_buf_U/ap_clk
    RAMB36_X1Y0          RAMB36E1                                     r  tme_bd_i/tme_top_0/inst/templ_buf_U/ram_reg_0_1/CLKBWRCLK
  -------------------------------------------------------------------    -------------------
    RAMB36_X1Y0          RAMB36E1 (Prop_ramb36e1_CLKBWRCLK_DOBDO[0])
                                                      2.454     5.544 r  tme_bd_i/tme_top_0/inst/templ_buf_U/ram_reg_0_1/DOBDO[0]
                         net (fo=216, routed)         4.912    10.456    tme_bd_i/tme_top_0/inst/grp_tme_top_Pipeline_VITIS_LOOP_181_3_fu_1446/q0[1]
    SLICE_X56Y91         FDRE                                         r  tme_bd_i/tme_top_0/inst/grp_tme_top_Pipeline_VITIS_LOOP_181_3_fu_1446/t_row_79_fu_1456_reg[1]/D
  -------------------------------------------------------------------    -------------------

                         (clock clk_fpga_0 rise edge)
                                                      8.000     8.000 r  
    PS7_X0Y0             PS7                          0.000     8.000 r  tme_bd_i/processing_system7_0/inst/PS7_i/FCLKCLK[0]
                         net (fo=1, routed)           1.088     9.088    tme_bd_i/processing_system7_0/inst/FCLK_CLK_unbuffered[0]
    BUFGCTRL_X0Y16       BUFG (Prop_bufg_I_O)         0.091     9.179 r  tme_bd_i/processing_system7_0/inst/buffer_fclk_clk_0.FCLK_CLK_0_BUFG/O
                         net (fo=25602, routed)       1.536    10.715    tme_bd_i/tme_top_0/inst/grp_tme_top_Pipeline_VITIS_LOOP_181_3_fu_1446/ap_clk
    SLICE_X56Y91         FDRE                                         r  tme_bd_i/tme_top_0/inst/grp_tme_top_Pipeline_VITIS_LOOP_181_3_fu_1446/t_row_79_fu_1456_reg[1]/C
                         clock pessimism              0.115    10.830    
                         clock uncertainty           -0.125    10.705    
    SLICE_X56Y91         FDRE (Setup_fdre_C_D)       -0.067    10.638    tme_bd_i/tme_top_0/inst/grp_tme_top_Pipeline_VITIS_LOOP_181_3_fu_1446/t_row_79_fu_1456_reg[1]
  -------------------------------------------------------------------
                         required time                         10.638    
                         arrival time                         -10.456    
  -------------------------------------------------------------------
                         slack                                  0.181    

Slack (MET) :             0.182ns  (required time - arrival time)
  Source:                 tme_bd_i/tme_top_0/inst/templ_buf_U/ram_reg_0_0/CLKBWRCLK
                            (rising edge-triggered cell RAMB36E1 clocked by clk_fpga_0  {rise@0.000ns fall@4.000ns period=8.000ns})
  Destination:            tme_bd_i/tme_top_0/inst/grp_tme_top_Pipeline_VITIS_LOOP_181_3_fu_1446/t_row_52_fu_1564_reg[0]/D
                            (rising edge-triggered cell FDRE clocked by clk_fpga_0  {rise@0.000ns fall@4.000ns period=8.000ns})
  Path Group:             clk_fpga_0
  Path Type:              Setup (Max at Slow Process Corner)
  Requirement:            8.000ns  (clk_fpga_0 rise@8.000ns - clk_fpga_0 rise@0.000ns)
  Data Path Delay:        7.361ns  (logic 2.454ns (33.339%)  route 4.907ns (66.661%))
  Logic Levels:           0  
  Clock Path Skew:        -0.265ns (DCD - SCD + CPR)
    Destination Clock Delay (DCD):    2.714ns = ( 10.714 - 8.000 ) 
    Source Clock Delay      (SCD):    3.093ns
    Clock Pessimism Removal (CPR):    0.115ns
  Clock Uncertainty:      0.125ns  ((TSJ^2 + TIJ^2)^1/2 + DJ) / 2 + PE
    Total System Jitter     (TSJ):    0.071ns
    Total Input Jitter      (TIJ):    0.240ns
    Discrete Jitter          (DJ):    0.000ns
    Phase Error              (PE):    0.000ns

    Location             Delay type                Incr(ns)  Path(ns)    Netlist Resource(s)
  -------------------------------------------------------------------    -------------------
                         (clock clk_fpga_0 rise edge)
                                                      0.000     0.000 r  
    PS7_X0Y0             PS7                          0.000     0.000 r  tme_bd_i/processing_system7_0/inst/PS7_i/FCLKCLK[0]
                         net (fo=1, routed)           1.193     1.193    tme_bd_i/processing_system7_0/inst/FCLK_CLK_unbuffered[0]
    BUFGCTRL_X0Y16       BUFG (Prop_bufg_I_O)         0.101     1.294 r  tme_bd_i/processing_system7_0/inst/buffer_fclk_clk_0.FCLK_CLK_0_BUFG/O
                         net (fo=25602, routed)       1.799     3.093    tme_bd_i/tme_top_0/inst/templ_buf_U/ap_clk
    RAMB36_X0Y0          RAMB36E1                                     r  tme_bd_i/tme_top_0/inst/templ_buf_U/ram_reg_0_0/CLKBWRCLK
  -------------------------------------------------------------------    -------------------
    RAMB36_X0Y0          RAMB36E1 (Prop_ramb36e1_CLKBWRCLK_DOBDO[0])
                                                      2.454     5.547 r  tme_bd_i/tme_top_0/inst/templ_buf_U/ram_reg_0_0/DOBDO[0]
                         net (fo=216, routed)         4.907    10.454    tme_bd_i/tme_top_0/inst/grp_tme_top_Pipeline_VITIS_LOOP_181_3_fu_1446/q0[0]
    SLICE_X63Y86         FDRE                                         r  tme_bd_i/tme_top_0/inst/grp_tme_top_Pipeline_VITIS_LOOP_181_3_fu_1446/t_row_52_fu_1564_reg[0]/D
  -------------------------------------------------------------------    -------------------

                         (clock clk_fpga_0 rise edge)
                                                      8.000     8.000 r  
    PS7_X0Y0             PS7                          0.000     8.000 r  tme_bd_i/processing_system7_0/inst/PS7_i/FCLKCLK[0]
                         net (fo=1, routed)           1.088     9.088    tme_bd_i/processing_system7_0/inst/FCLK_CLK_unbuffered[0]
    BUFGCTRL_X0Y16       BUFG (Prop_bufg_I_O)         0.091     9.179 r  tme_bd_i/processing_system7_0/inst/buffer_fclk_clk_0.FCLK_CLK_0_BUFG/O
                         net (fo=25602, routed)       1.535    10.714    tme_bd_i/tme_top_0/inst/grp_tme_top_Pipeline_VITIS_LOOP_181_3_fu_1446/ap_clk
    SLICE_X63Y86         FDRE                                         r  tme_bd_i/tme_top_0/inst/grp_tme_top_Pipeline_VITIS_LOOP_181_3_fu_1446/t_row_52_fu_1564_reg[0]/C
                         clock pessimism              0.115    10.829    
                         clock uncertainty           -0.125    10.704    
    SLICE_X63Y86         FDRE (Setup_fdre_C_D)       -0.067    10.637    tme_bd_i/tme_top_0/inst/grp_tme_top_Pipeline_VITIS_LOOP_181_3_fu_1446/t_row_52_fu_1564_reg[0]
  -------------------------------------------------------------------
                         required time                         10.637    
                         arrival time                         -10.454    
  -------------------------------------------------------------------
                         slack                                  0.182    

Slack (MET) :             0.183ns  (required time - arrival time)
  Source:                 tme_bd_i/tme_top_0/inst/templ_buf_U/ram_reg_0_1/CLKBWRCLK
                            (rising edge-triggered cell RAMB36E1 clocked by clk_fpga_0  {rise@0.000ns fall@4.000ns period=8.000ns})
  Destination:            tme_bd_i/tme_top_0/inst/grp_tme_top_Pipeline_VITIS_LOOP_181_3_fu_1446/t_row_10_fu_1732_reg[1]/D
                            (rising edge-triggered cell FDRE clocked by clk_fpga_0  {rise@0.000ns fall@4.000ns period=8.000ns})
  Path Group:             clk_fpga_0
  Path Type:              Setup (Max at Slow Process Corner)
  Requirement:            8.000ns  (clk_fpga_0 rise@8.000ns - clk_fpga_0 rise@0.000ns)
  Data Path Delay:        7.403ns  (logic 2.454ns (33.150%)  route 4.949ns (66.851%))
  Logic Levels:           0  
  Clock Path Skew:        -0.258ns (DCD - SCD + CPR)
    Destination Clock Delay (DCD):    2.718ns = ( 10.718 - 8.000 ) 
    Source Clock Delay      (SCD):    3.090ns
    Clock Pessimism Removal (CPR):    0.115ns
  Clock Uncertainty:      0.125ns  ((TSJ^2 + TIJ^2)^1/2 + DJ) / 2 + PE
    Total System Jitter     (TSJ):    0.071ns
    Total Input Jitter      (TIJ):    0.240ns
    Discrete Jitter          (DJ):    0.000ns
    Phase Error              (PE):    0.000ns

    Location             Delay type                Incr(ns)  Path(ns)    Netlist Resource(s)
  -------------------------------------------------------------------    -------------------
                         (clock clk_fpga_0 rise edge)
                                                      0.000     0.000 r  
    PS7_X0Y0             PS7                          0.000     0.000 r  tme_bd_i/processing_system7_0/inst/PS7_i/FCLKCLK[0]
                         net (fo=1, routed)           1.193     1.193    tme_bd_i/processing_system7_0/inst/FCLK_CLK_unbuffered[0]
    BUFGCTRL_X0Y16       BUFG (Prop_bufg_I_O)         0.101     1.294 r  tme_bd_i/processing_system7_0/inst/buffer_fclk_clk_0.FCLK_CLK_0_BUFG/O
                         net (fo=25602, routed)       1.796     3.090    tme_bd_i/tme_top_0/inst/templ_buf_U/ap_clk
    RAMB36_X1Y0          RAMB36E1                                     r  tme_bd_i/tme_top_0/inst/templ_buf_U/ram_reg_0_1/CLKBWRCLK
  -------------------------------------------------------------------    -------------------
    RAMB36_X1Y0          RAMB36E1 (Prop_ramb36e1_CLKBWRCLK_DOBDO[0])
                                                      2.454     5.544 r  tme_bd_i/tme_top_0/inst/templ_buf_U/ram_reg_0_1/DOBDO[0]
                         net (fo=216, routed)         4.949    10.493    tme_bd_i/tme_top_0/inst/grp_tme_top_Pipeline_VITIS_LOOP_181_3_fu_1446/q0[1]
    SLICE_X66Y89         FDRE                                         r  tme_bd_i/tme_top_0/inst/grp_tme_top_Pipeline_VITIS_LOOP_181_3_fu_1446/t_row_10_fu_1732_reg[1]/D
  -------------------------------------------------------------------    -------------------

                         (clock clk_fpga_0 rise edge)
                                                      8.000     8.000 r  
    PS7_X0Y0             PS7                          0.000     8.000 r  tme_bd_i/processing_system7_0/inst/PS7_i/FCLKCLK[0]
                         net (fo=1, routed)           1.088     9.088    tme_bd_i/processing_system7_0/inst/FCLK_CLK_unbuffered[0]
    BUFGCTRL_X0Y16       BUFG (Prop_bufg_I_O)         0.091     9.179 r  tme_bd_i/processing_system7_0/inst/buffer_fclk_clk_0.FCLK_CLK_0_BUFG/O
                         net (fo=25602, routed)       1.539    10.718    tme_bd_i/tme_top_0/inst/grp_tme_top_Pipeline_VITIS_LOOP_181_3_fu_1446/ap_clk
    SLICE_X66Y89         FDRE                                         r  tme_bd_i/tme_top_0/inst/grp_tme_top_Pipeline_VITIS_LOOP_181_3_fu_1446/t_row_10_fu_1732_reg[1]/C
                         clock pessimism              0.115    10.833    
                         clock uncertainty           -0.125    10.708    
    SLICE_X66Y89         FDRE (Setup_fdre_C_D)       -0.031    10.677    tme_bd_i/tme_top_0/inst/grp_tme_top_Pipeline_VITIS_LOOP_181_3_fu_1446/t_row_10_fu_1732_reg[1]
  -------------------------------------------------------------------
                         required time                         10.677    
                         arrival time                         -10.493    
  -------------------------------------------------------------------
                         slack                                  0.183    

Slack (MET) :             0.185ns  (required time - arrival time)
  Source:                 tme_bd_i/tme_top_0/inst/grp_correlation_core_fu_1779/add_ln140_reg_20915_reg[0]/C
                            (rising edge-triggered cell FDRE clocked by clk_fpga_0  {rise@0.000ns fall@4.000ns period=8.000ns})
  Destination:            tme_bd_i/tme_top_0/inst/grp_correlation_core_fu_1779/icmp_ln169_69_reg_22361_reg[0]/D
                            (rising edge-triggered cell FDRE clocked by clk_fpga_0  {rise@0.000ns fall@4.000ns period=8.000ns})
  Path Group:             clk_fpga_0
  Path Type:              Setup (Max at Slow Process Corner)
  Requirement:            8.000ns  (clk_fpga_0 rise@8.000ns - clk_fpga_0 rise@0.000ns)
  Data Path Delay:        7.646ns  (logic 1.602ns (20.952%)  route 6.044ns (79.048%))
  Logic Levels:           4  (CARRY4=3 LUT2=1)
  Clock Path Skew:        -0.138ns (DCD - SCD + CPR)
    Destination Clock Delay (DCD):    2.789ns = ( 10.789 - 8.000 ) 
    Source Clock Delay      (SCD):    3.042ns
    Clock Pessimism Removal (CPR):    0.115ns
  Clock Uncertainty:      0.125ns  ((TSJ^2 + TIJ^2)^1/2 + DJ) / 2 + PE
    Total System Jitter     (TSJ):    0.071ns
    Total Input Jitter      (TIJ):    0.240ns
    Discrete Jitter          (DJ):    0.000ns
    Phase Error              (PE):    0.000ns

    Location             Delay type                Incr(ns)  Path(ns)    Netlist Resource(s)
  -------------------------------------------------------------------    -------------------
                         (clock clk_fpga_0 rise edge)
                                                      0.000     0.000 r  
    PS7_X0Y0             PS7                          0.000     0.000 r  tme_bd_i/processing_system7_0/inst/PS7_i/FCLKCLK[0]
                         net (fo=1, routed)           1.193     1.193    tme_bd_i/processing_system7_0/inst/FCLK_CLK_unbuffered[0]
    BUFGCTRL_X0Y16       BUFG (Prop_bufg_I_O)         0.101     1.294 r  tme_bd_i/processing_system7_0/inst/buffer_fclk_clk_0.FCLK_CLK_0_BUFG/O
                         net (fo=25602, routed)       1.748     3.042    tme_bd_i/tme_top_0/inst/grp_correlation_core_fu_1779/ap_clk
    SLICE_X23Y36         FDRE                                         r  tme_bd_i/tme_top_0/inst/grp_correlation_core_fu_1779/add_ln140_reg_20915_reg[0]/C
  -------------------------------------------------------------------    -------------------
    SLICE_X23Y36         FDRE (Prop_fdre_C_Q)         0.419     3.461 r  tme_bd_i/tme_top_0/inst/grp_correlation_core_fu_1779/add_ln140_reg_20915_reg[0]/Q
                         net (fo=273, routed)         6.044     9.505    tme_bd_i/tme_top_0/inst/grp_correlation_core_fu_1779/add_ln140_reg_20915[0]
    SLICE_X104Y50        LUT2 (Prop_lut2_I0_O)        0.299     9.804 r  tme_bd_i/tme_top_0/inst/grp_correlation_core_fu_1779/icmp_ln169_69_reg_22361[0]_i_17/O
                         net (fo=1, routed)           0.000     9.804    tme_bd_i/tme_top_0/inst/grp_correlation_core_fu_1779/icmp_ln169_69_reg_22361[0]_i_17_n_2
    SLICE_X104Y50        CARRY4 (Prop_carry4_S[0]_CO[3])
                                                      0.513    10.317 r  tme_bd_i/tme_top_0/inst/grp_correlation_core_fu_1779/icmp_ln169_69_reg_22361_reg[0]_i_4/CO[3]
                         net (fo=1, routed)           0.000    10.317    tme_bd_i/tme_top_0/inst/grp_correlation_core_fu_1779/icmp_ln169_69_reg_22361_reg[0]_i_4_n_2
    SLICE_X104Y51        CARRY4 (Prop_carry4_CI_CO[3])
                                                      0.117    10.434 r  tme_bd_i/tme_top_0/inst/grp_correlation_core_fu_1779/icmp_ln169_69_reg_22361_reg[0]_i_2/CO[3]
                         net (fo=1, routed)           0.000    10.434    tme_bd_i/tme_top_0/inst/grp_correlation_core_fu_1779/icmp_ln169_69_reg_22361_reg[0]_i_2_n_2
    SLICE_X104Y52        CARRY4 (Prop_carry4_CI_CO[0])
                                                      0.254    10.688 r  tme_bd_i/tme_top_0/inst/grp_correlation_core_fu_1779/icmp_ln169_69_reg_22361_reg[0]_i_1/CO[0]
                         net (fo=1, routed)           0.000    10.688    tme_bd_i/tme_top_0/inst/grp_correlation_core_fu_1779/icmp_ln169_69_fu_9935_p2[0]
    SLICE_X104Y52        FDRE                                         r  tme_bd_i/tme_top_0/inst/grp_correlation_core_fu_1779/icmp_ln169_69_reg_22361_reg[0]/D
  -------------------------------------------------------------------    -------------------

                         (clock clk_fpga_0 rise edge)
                                                      8.000     8.000 r  
    PS7_X0Y0             PS7                          0.000     8.000 r  tme_bd_i/processing_system7_0/inst/PS7_i/FCLKCLK[0]
                         net (fo=1, routed)           1.088     9.088    tme_bd_i/processing_system7_0/inst/FCLK_CLK_unbuffered[0]
    BUFGCTRL_X0Y16       BUFG (Prop_bufg_I_O)         0.091     9.179 r  tme_bd_i/processing_system7_0/inst/buffer_fclk_clk_0.FCLK_CLK_0_BUFG/O
                         net (fo=25602, routed)       1.610    10.789    tme_bd_i/tme_top_0/inst/grp_correlation_core_fu_1779/ap_clk
    SLICE_X104Y52        FDRE                                         r  tme_bd_i/tme_top_0/inst/grp_correlation_core_fu_1779/icmp_ln169_69_reg_22361_reg[0]/C
                         clock pessimism              0.115    10.904    
                         clock uncertainty           -0.125    10.779    
    SLICE_X104Y52        FDRE (Setup_fdre_C_D)        0.094    10.873    tme_bd_i/tme_top_0/inst/grp_correlation_core_fu_1779/icmp_ln169_69_reg_22361_reg[0]
  -------------------------------------------------------------------
                         required time                         10.873    
                         arrival time                         -10.688    
  -------------------------------------------------------------------
                         slack                                  0.185    

Slack (MET) :             0.188ns  (required time - arrival time)
  Source:                 tme_bd_i/tme_top_0/inst/grp_correlation_core_fu_1779/grp_correlation_core_Pipeline_refill_seg_fu_7732/icmp_ln179_reg_11283_pp0_iter3_reg_reg[0]/C
                            (rising edge-triggered cell FDRE clocked by clk_fpga_0  {rise@0.000ns fall@4.000ns period=8.000ns})
  Destination:            tme_bd_i/tme_top_0/inst/grp_correlation_core_fu_1779/grp_correlation_core_Pipeline_refill_seg_fu_7732/seg_123_fu_2014_reg[2]/D
                            (rising edge-triggered cell FDRE clocked by clk_fpga_0  {rise@0.000ns fall@4.000ns period=8.000ns})
  Path Group:             clk_fpga_0
  Path Type:              Setup (Max at Slow Process Corner)
  Requirement:            8.000ns  (clk_fpga_0 rise@8.000ns - clk_fpga_0 rise@0.000ns)
  Data Path Delay:        7.614ns  (logic 0.718ns (9.430%)  route 6.896ns (90.570%))
  Logic Levels:           1  (LUT6=1)
  Clock Path Skew:        -0.150ns (DCD - SCD + CPR)
    Destination Clock Delay (DCD):    2.689ns = ( 10.689 - 8.000 ) 
    Source Clock Delay      (SCD):    2.954ns
    Clock Pessimism Removal (CPR):    0.115ns
  Clock Uncertainty:      0.125ns  ((TSJ^2 + TIJ^2)^1/2 + DJ) / 2 + PE
    Total System Jitter     (TSJ):    0.071ns
    Total Input Jitter      (TIJ):    0.240ns
    Discrete Jitter          (DJ):    0.000ns
    Phase Error              (PE):    0.000ns

    Location             Delay type                Incr(ns)  Path(ns)    Netlist Resource(s)
  -------------------------------------------------------------------    -------------------
                         (clock clk_fpga_0 rise edge)
                                                      0.000     0.000 r  
    PS7_X0Y0             PS7                          0.000     0.000 r  tme_bd_i/processing_system7_0/inst/PS7_i/FCLKCLK[0]
                         net (fo=1, routed)           1.193     1.193    tme_bd_i/processing_system7_0/inst/FCLK_CLK_unbuffered[0]
    BUFGCTRL_X0Y16       BUFG (Prop_bufg_I_O)         0.101     1.294 r  tme_bd_i/processing_system7_0/inst/buffer_fclk_clk_0.FCLK_CLK_0_BUFG/O
                         net (fo=25602, routed)       1.660     2.954    tme_bd_i/tme_top_0/inst/grp_correlation_core_fu_1779/grp_correlation_core_Pipeline_refill_seg_fu_7732/ap_clk
    SLICE_X41Y33         FDRE                                         r  tme_bd_i/tme_top_0/inst/grp_correlation_core_fu_1779/grp_correlation_core_Pipeline_refill_seg_fu_7732/icmp_ln179_reg_11283_pp0_iter3_reg_reg[0]/C
  -------------------------------------------------------------------    -------------------
    SLICE_X41Y33         FDRE (Prop_fdre_C_Q)         0.419     3.373 r  tme_bd_i/tme_top_0/inst/grp_correlation_core_fu_1779/grp_correlation_core_Pipeline_refill_seg_fu_7732/icmp_ln179_reg_11283_pp0_iter3_reg_reg[0]/Q
                         net (fo=1848, routed)        6.896    10.269    tme_bd_i/tme_top_0/inst/grp_correlation_core_fu_1779/grp_correlation_core_Pipeline_refill_seg_fu_7732/flow_control_loop_pipe_sequential_init_U/icmp_ln179_reg_11283_pp0_iter3_reg[0]
    SLICE_X26Y79         LUT6 (Prop_lut6_I4_O)        0.299    10.568 r  tme_bd_i/tme_top_0/inst/grp_correlation_core_fu_1779/grp_correlation_core_Pipeline_refill_seg_fu_7732/flow_control_loop_pipe_sequential_init_U/seg_123_fu_2014[2]_i_1/O
                         net (fo=1, routed)           0.000    10.568    tme_bd_i/tme_top_0/inst/grp_correlation_core_fu_1779/grp_correlation_core_Pipeline_refill_seg_fu_7732/flow_control_loop_pipe_sequential_init_U_n_884
    SLICE_X26Y79         FDRE                                         r  tme_bd_i/tme_top_0/inst/grp_correlation_core_fu_1779/grp_correlation_core_Pipeline_refill_seg_fu_7732/seg_123_fu_2014_reg[2]/D
  -------------------------------------------------------------------    -------------------

                         (clock clk_fpga_0 rise edge)
                                                      8.000     8.000 r  
    PS7_X0Y0             PS7                          0.000     8.000 r  tme_bd_i/processing_system7_0/inst/PS7_i/FCLKCLK[0]
                         net (fo=1, routed)           1.088     9.088    tme_bd_i/processing_system7_0/inst/FCLK_CLK_unbuffered[0]
    BUFGCTRL_X0Y16       BUFG (Prop_bufg_I_O)         0.091     9.179 r  tme_bd_i/processing_system7_0/inst/buffer_fclk_clk_0.FCLK_CLK_0_BUFG/O
                         net (fo=25602, routed)       1.510    10.689    tme_bd_i/tme_top_0/inst/grp_correlation_core_fu_1779/grp_correlation_core_Pipeline_refill_seg_fu_7732/ap_clk
    SLICE_X26Y79         FDRE                                         r  tme_bd_i/tme_top_0/inst/grp_correlation_core_fu_1779/grp_correlation_core_Pipeline_refill_seg_fu_7732/seg_123_fu_2014_reg[2]/C
                         clock pessimism              0.115    10.804    
                         clock uncertainty           -0.125    10.679    
    SLICE_X26Y79         FDRE (Setup_fdre_C_D)        0.077    10.756    tme_bd_i/tme_top_0/inst/grp_correlation_core_fu_1779/grp_correlation_core_Pipeline_refill_seg_fu_7732/seg_123_fu_2014_reg[2]
  -------------------------------------------------------------------
                         required time                         10.756    
                         arrival time                         -10.568    
  -------------------------------------------------------------------
                         slack                                  0.188    

Slack (MET) :             0.197ns  (required time - arrival time)
  Source:                 tme_bd_i/tme_top_0/inst/grp_correlation_core_fu_1779/grp_correlation_core_Pipeline_refill_seg_fu_7732/icmp_ln179_reg_11283_pp0_iter3_reg_reg[0]/C
                            (rising edge-triggered cell FDRE clocked by clk_fpga_0  {rise@0.000ns fall@4.000ns period=8.000ns})
  Destination:            tme_bd_i/tme_top_0/inst/grp_correlation_core_fu_1779/grp_correlation_core_Pipeline_refill_seg_fu_7732/seg_155_fu_2142_reg[5]/D
                            (rising edge-triggered cell FDRE clocked by clk_fpga_0  {rise@0.000ns fall@4.000ns period=8.000ns})
  Path Group:             clk_fpga_0
  Path Type:              Setup (Max at Slow Process Corner)
  Requirement:            8.000ns  (clk_fpga_0 rise@8.000ns - clk_fpga_0 rise@0.000ns)
  Data Path Delay:        7.571ns  (logic 0.718ns (9.484%)  route 6.853ns (90.516%))
  Logic Levels:           1  (LUT6=1)
  Clock Path Skew:        -0.138ns (DCD - SCD + CPR)
    Destination Clock Delay (DCD):    2.701ns = ( 10.701 - 8.000 ) 
    Source Clock Delay      (SCD):    2.954ns
    Clock Pessimism Removal (CPR):    0.115ns
  Clock Uncertainty:      0.125ns  ((TSJ^2 + TIJ^2)^1/2 + DJ) / 2 + PE
    Total System Jitter     (TSJ):    0.071ns
    Total Input Jitter      (TIJ):    0.240ns
    Discrete Jitter          (DJ):    0.000ns
    Phase Error              (PE):    0.000ns

    Location             Delay type                Incr(ns)  Path(ns)    Netlist Resource(s)
  -------------------------------------------------------------------    -------------------
                         (clock clk_fpga_0 rise edge)
                                                      0.000     0.000 r  
    PS7_X0Y0             PS7                          0.000     0.000 r  tme_bd_i/processing_system7_0/inst/PS7_i/FCLKCLK[0]
                         net (fo=1, routed)           1.193     1.193    tme_bd_i/processing_system7_0/inst/FCLK_CLK_unbuffered[0]
    BUFGCTRL_X0Y16       BUFG (Prop_bufg_I_O)         0.101     1.294 r  tme_bd_i/processing_system7_0/inst/buffer_fclk_clk_0.FCLK_CLK_0_BUFG/O
                         net (fo=25602, routed)       1.660     2.954    tme_bd_i/tme_top_0/inst/grp_correlation_core_fu_1779/grp_correlation_core_Pipeline_refill_seg_fu_7732/ap_clk
    SLICE_X41Y33         FDRE                                         r  tme_bd_i/tme_top_0/inst/grp_correlation_core_fu_1779/grp_correlation_core_Pipeline_refill_seg_fu_7732/icmp_ln179_reg_11283_pp0_iter3_reg_reg[0]/C
  -------------------------------------------------------------------    -------------------
    SLICE_X41Y33         FDRE (Prop_fdre_C_Q)         0.419     3.373 r  tme_bd_i/tme_top_0/inst/grp_correlation_core_fu_1779/grp_correlation_core_Pipeline_refill_seg_fu_7732/icmp_ln179_reg_11283_pp0_iter3_reg_reg[0]/Q
                         net (fo=1848, routed)        6.853    10.226    tme_bd_i/tme_top_0/inst/grp_correlation_core_fu_1779/grp_correlation_core_Pipeline_refill_seg_fu_7732/flow_control_loop_pipe_sequential_init_U/icmp_ln179_reg_11283_pp0_iter3_reg[0]
    SLICE_X27Y51         LUT6 (Prop_lut6_I4_O)        0.299    10.525 r  tme_bd_i/tme_top_0/inst/grp_correlation_core_fu_1779/grp_correlation_core_Pipeline_refill_seg_fu_7732/flow_control_loop_pipe_sequential_init_U/seg_155_fu_2142[5]_i_1/O
                         net (fo=1, routed)           0.000    10.525    tme_bd_i/tme_top_0/inst/grp_correlation_core_fu_1779/grp_correlation_core_Pipeline_refill_seg_fu_7732/flow_control_loop_pipe_sequential_init_U_n_1137
    SLICE_X27Y51         FDRE                                         r  tme_bd_i/tme_top_0/inst/grp_correlation_core_fu_1779/grp_correlation_core_Pipeline_refill_seg_fu_7732/seg_155_fu_2142_reg[5]/D
  -------------------------------------------------------------------    -------------------

                         (clock clk_fpga_0 rise edge)
                                                      8.000     8.000 r  
    PS7_X0Y0             PS7                          0.000     8.000 r  tme_bd_i/processing_system7_0/inst/PS7_i/FCLKCLK[0]
                         net (fo=1, routed)           1.088     9.088    tme_bd_i/processing_system7_0/inst/FCLK_CLK_unbuffered[0]
    BUFGCTRL_X0Y16       BUFG (Prop_bufg_I_O)         0.091     9.179 r  tme_bd_i/processing_system7_0/inst/buffer_fclk_clk_0.FCLK_CLK_0_BUFG/O
                         net (fo=25602, routed)       1.522    10.701    tme_bd_i/tme_top_0/inst/grp_correlation_core_fu_1779/grp_correlation_core_Pipeline_refill_seg_fu_7732/ap_clk
    SLICE_X27Y51         FDRE                                         r  tme_bd_i/tme_top_0/inst/grp_correlation_core_fu_1779/grp_correlation_core_Pipeline_refill_seg_fu_7732/seg_155_fu_2142_reg[5]/C
                         clock pessimism              0.115    10.816    
                         clock uncertainty           -0.125    10.691    
    SLICE_X27Y51         FDRE (Setup_fdre_C_D)        0.031    10.722    tme_bd_i/tme_top_0/inst/grp_correlation_core_fu_1779/grp_correlation_core_Pipeline_refill_seg_fu_7732/seg_155_fu_2142_reg[5]
  -------------------------------------------------------------------
                         required time                         10.722    
                         arrival time                         -10.525    
  -------------------------------------------------------------------
                         slack                                  0.197    

Slack (MET) :             0.198ns  (required time - arrival time)
  Source:                 tme_bd_i/tme_top_0/inst/grp_correlation_core_fu_1779/grp_correlation_core_Pipeline_refill_seg_fu_7732/icmp_ln179_reg_11283_pp0_iter3_reg_reg[0]/C
                            (rising edge-triggered cell FDRE clocked by clk_fpga_0  {rise@0.000ns fall@4.000ns period=8.000ns})
  Destination:            tme_bd_i/tme_top_0/inst/grp_correlation_core_fu_1779/grp_correlation_core_Pipeline_refill_seg_fu_7732/seg_71_fu_1806_reg[2]/D
                            (rising edge-triggered cell FDRE clocked by clk_fpga_0  {rise@0.000ns fall@4.000ns period=8.000ns})
  Path Group:             clk_fpga_0
  Path Type:              Setup (Max at Slow Process Corner)
  Requirement:            8.000ns  (clk_fpga_0 rise@8.000ns - clk_fpga_0 rise@0.000ns)
  Data Path Delay:        7.686ns  (logic 0.718ns (9.342%)  route 6.968ns (90.658%))
  Logic Levels:           1  (LUT6=1)
  Clock Path Skew:        -0.021ns (DCD - SCD + CPR)
    Destination Clock Delay (DCD):    2.804ns = ( 10.804 - 8.000 ) 
    Source Clock Delay      (SCD):    2.954ns
    Clock Pessimism Removal (CPR):    0.129ns
  Clock Uncertainty:      0.125ns  ((TSJ^2 + TIJ^2)^1/2 + DJ) / 2 + PE
    Total System Jitter     (TSJ):    0.071ns
    Total Input Jitter      (TIJ):    0.240ns
    Discrete Jitter          (DJ):    0.000ns
    Phase Error              (PE):    0.000ns

    Location             Delay type                Incr(ns)  Path(ns)    Netlist Resource(s)
  -------------------------------------------------------------------    -------------------
                         (clock clk_fpga_0 rise edge)
                                                      0.000     0.000 r  
    PS7_X0Y0             PS7                          0.000     0.000 r  tme_bd_i/processing_system7_0/inst/PS7_i/FCLKCLK[0]
                         net (fo=1, routed)           1.193     1.193    tme_bd_i/processing_system7_0/inst/FCLK_CLK_unbuffered[0]
    BUFGCTRL_X0Y16       BUFG (Prop_bufg_I_O)         0.101     1.294 r  tme_bd_i/processing_system7_0/inst/buffer_fclk_clk_0.FCLK_CLK_0_BUFG/O
                         net (fo=25602, routed)       1.660     2.954    tme_bd_i/tme_top_0/inst/grp_correlation_core_fu_1779/grp_correlation_core_Pipeline_refill_seg_fu_7732/ap_clk
    SLICE_X41Y33         FDRE                                         r  tme_bd_i/tme_top_0/inst/grp_correlation_core_fu_1779/grp_correlation_core_Pipeline_refill_seg_fu_7732/icmp_ln179_reg_11283_pp0_iter3_reg_reg[0]/C
  -------------------------------------------------------------------    -------------------
    SLICE_X41Y33         FDRE (Prop_fdre_C_Q)         0.419     3.373 r  tme_bd_i/tme_top_0/inst/grp_correlation_core_fu_1779/grp_correlation_core_Pipeline_refill_seg_fu_7732/icmp_ln179_reg_11283_pp0_iter3_reg_reg[0]/Q
                         net (fo=1848, routed)        6.968    10.341    tme_bd_i/tme_top_0/inst/grp_correlation_core_fu_1779/grp_correlation_core_Pipeline_refill_seg_fu_7732/flow_control_loop_pipe_sequential_init_U/icmp_ln179_reg_11283_pp0_iter3_reg[0]
    SLICE_X99Y45         LUT6 (Prop_lut6_I4_O)        0.299    10.640 r  tme_bd_i/tme_top_0/inst/grp_correlation_core_fu_1779/grp_correlation_core_Pipeline_refill_seg_fu_7732/flow_control_loop_pipe_sequential_init_U/seg_71_fu_1806[2]_i_1/O
                         net (fo=1, routed)           0.000    10.640    tme_bd_i/tme_top_0/inst/grp_correlation_core_fu_1779/grp_correlation_core_Pipeline_refill_seg_fu_7732/flow_control_loop_pipe_sequential_init_U_n_468
    SLICE_X99Y45         FDRE                                         r  tme_bd_i/tme_top_0/inst/grp_correlation_core_fu_1779/grp_correlation_core_Pipeline_refill_seg_fu_7732/seg_71_fu_1806_reg[2]/D
  -------------------------------------------------------------------    -------------------

                         (clock clk_fpga_0 rise edge)
                                                      8.000     8.000 r  
    PS7_X0Y0             PS7                          0.000     8.000 r  tme_bd_i/processing_system7_0/inst/PS7_i/FCLKCLK[0]
                         net (fo=1, routed)           1.088     9.088    tme_bd_i/processing_system7_0/inst/FCLK_CLK_unbuffered[0]
    BUFGCTRL_X0Y16       BUFG (Prop_bufg_I_O)         0.091     9.179 r  tme_bd_i/processing_system7_0/inst/buffer_fclk_clk_0.FCLK_CLK_0_BUFG/O
                         net (fo=25602, routed)       1.625    10.804    tme_bd_i/tme_top_0/inst/grp_correlation_core_fu_1779/grp_correlation_core_Pipeline_refill_seg_fu_7732/ap_clk
    SLICE_X99Y45         FDRE                                         r  tme_bd_i/tme_top_0/inst/grp_correlation_core_fu_1779/grp_correlation_core_Pipeline_refill_seg_fu_7732/seg_71_fu_1806_reg[2]/C
                         clock pessimism              0.129    10.933    
                         clock uncertainty           -0.125    10.808    
    SLICE_X99Y45         FDRE (Setup_fdre_C_D)        0.029    10.837    tme_bd_i/tme_top_0/inst/grp_correlation_core_fu_1779/grp_correlation_core_Pipeline_refill_seg_fu_7732/seg_71_fu_1806_reg[2]
  -------------------------------------------------------------------
                         required time                         10.837    
                         arrival time                         -10.640    
  -------------------------------------------------------------------
                         slack                                  0.198    

Slack (MET) :             0.198ns  (required time - arrival time)
  Source:                 tme_bd_i/tme_top_0/inst/grp_correlation_core_fu_1779/grp_correlation_core_Pipeline_refill_seg_fu_7732/icmp_ln179_reg_11283_pp0_iter3_reg_reg[0]/C
                            (rising edge-triggered cell FDRE clocked by clk_fpga_0  {rise@0.000ns fall@4.000ns period=8.000ns})
  Destination:            tme_bd_i/tme_top_0/inst/grp_correlation_core_fu_1779/grp_correlation_core_Pipeline_refill_seg_fu_7732/seg_124_fu_2018_reg[6]/D
                            (rising edge-triggered cell FDRE clocked by clk_fpga_0  {rise@0.000ns fall@4.000ns period=8.000ns})
  Path Group:             clk_fpga_0
  Path Type:              Setup (Max at Slow Process Corner)
  Requirement:            8.000ns  (clk_fpga_0 rise@8.000ns - clk_fpga_0 rise@0.000ns)
  Data Path Delay:        7.575ns  (logic 0.718ns (9.479%)  route 6.857ns (90.521%))
  Logic Levels:           1  (LUT6=1)
  Clock Path Skew:        -0.134ns (DCD - SCD + CPR)
    Destination Clock Delay (DCD):    2.705ns = ( 10.705 - 8.000 ) 
    Source Clock Delay      (SCD):    2.954ns
    Clock Pessimism Removal (CPR):    0.115ns
  Clock Uncertainty:      0.125ns  ((TSJ^2 + TIJ^2)^1/2 + DJ) / 2 + PE
    Total System Jitter     (TSJ):    0.071ns
    Total Input Jitter      (TIJ):    0.240ns
    Discrete Jitter          (DJ):    0.000ns
    Phase Error              (PE):    0.000ns

    Location             Delay type                Incr(ns)  Path(ns)    Netlist Resource(s)
  -------------------------------------------------------------------    -------------------
                         (clock clk_fpga_0 rise edge)
                                                      0.000     0.000 r  
    PS7_X0Y0             PS7                          0.000     0.000 r  tme_bd_i/processing_system7_0/inst/PS7_i/FCLKCLK[0]
                         net (fo=1, routed)           1.193     1.193    tme_bd_i/processing_system7_0/inst/FCLK_CLK_unbuffered[0]
    BUFGCTRL_X0Y16       BUFG (Prop_bufg_I_O)         0.101     1.294 r  tme_bd_i/processing_system7_0/inst/buffer_fclk_clk_0.FCLK_CLK_0_BUFG/O
                         net (fo=25602, routed)       1.660     2.954    tme_bd_i/tme_top_0/inst/grp_correlation_core_fu_1779/grp_correlation_core_Pipeline_refill_seg_fu_7732/ap_clk
    SLICE_X41Y33         FDRE                                         r  tme_bd_i/tme_top_0/inst/grp_correlation_core_fu_1779/grp_correlation_core_Pipeline_refill_seg_fu_7732/icmp_ln179_reg_11283_pp0_iter3_reg_reg[0]/C
  -------------------------------------------------------------------    -------------------
    SLICE_X41Y33         FDRE (Prop_fdre_C_Q)         0.419     3.373 r  tme_bd_i/tme_top_0/inst/grp_correlation_core_fu_1779/grp_correlation_core_Pipeline_refill_seg_fu_7732/icmp_ln179_reg_11283_pp0_iter3_reg_reg[0]/Q
                         net (fo=1848, routed)        6.857    10.230    tme_bd_i/tme_top_0/inst/grp_correlation_core_fu_1779/grp_correlation_core_Pipeline_refill_seg_fu_7732/flow_control_loop_pipe_sequential_init_U/icmp_ln179_reg_11283_pp0_iter3_reg[0]
    SLICE_X28Y52         LUT6 (Prop_lut6_I4_O)        0.299    10.529 r  tme_bd_i/tme_top_0/inst/grp_correlation_core_fu_1779/grp_correlation_core_Pipeline_refill_seg_fu_7732/flow_control_loop_pipe_sequential_init_U/seg_124_fu_2018[6]_i_1/O
                         net (fo=1, routed)           0.000    10.529    tme_bd_i/tme_top_0/inst/grp_correlation_core_fu_1779/grp_correlation_core_Pipeline_refill_seg_fu_7732/flow_control_loop_pipe_sequential_init_U_n_888
    SLICE_X28Y52         FDRE                                         r  tme_bd_i/tme_top_0/inst/grp_correlation_core_fu_1779/grp_correlation_core_Pipeline_refill_seg_fu_7732/seg_124_fu_2018_reg[6]/D
  -------------------------------------------------------------------    -------------------

                         (clock clk_fpga_0 rise edge)
                                                      8.000     8.000 r  
    PS7_X0Y0             PS7                          0.000     8.000 r  tme_bd_i/processing_system7_0/inst/PS7_i/FCLKCLK[0]
                         net (fo=1, routed)           1.088     9.088    tme_bd_i/processing_system7_0/inst/FCLK_CLK_unbuffered[0]
    BUFGCTRL_X0Y16       BUFG (Prop_bufg_I_O)         0.091     9.179 r  tme_bd_i/processing_system7_0/inst/buffer_fclk_clk_0.FCLK_CLK_0_BUFG/O
                         net (fo=25602, routed)       1.526    10.705    tme_bd_i/tme_top_0/inst/grp_correlation_core_fu_1779/grp_correlation_core_Pipeline_refill_seg_fu_7732/ap_clk
    SLICE_X28Y52         FDRE                                         r  tme_bd_i/tme_top_0/inst/grp_correlation_core_fu_1779/grp_correlation_core_Pipeline_refill_seg_fu_7732/seg_124_fu_2018_reg[6]/C
                         clock pessimism              0.115    10.820    
                         clock uncertainty           -0.125    10.695    
    SLICE_X28Y52         FDRE (Setup_fdre_C_D)        0.032    10.727    tme_bd_i/tme_top_0/inst/grp_correlation_core_fu_1779/grp_correlation_core_Pipeline_refill_seg_fu_7732/seg_124_fu_2018_reg[6]
  -------------------------------------------------------------------
                         required time                         10.727    
                         arrival time                         -10.529    
  -------------------------------------------------------------------
                         slack                                  0.198    




