Copyright 1986-2022 Xilinx, Inc. All Rights Reserved. Copyright 2022-2025 Advanced Micro Devices, Inc. All Rights Reserved.
-----------------------------------------------------------------------------------------------------------------------------------------------------------------------------------------------------------------------
| Tool Version : Vivado v.2025.2 (win64) Build 6299465 Fri Nov 14 19:35:11 GMT 2025
| Date         : Wed Aug 19 19:30:06 2026
| Host         : DESKTOP-KG9P5J1 running 64-bit major release  (build 9200)
| Command      : report_timing_summary -delay_type min_max -report_unconstrained -check_timing_verbose -max_paths 10 -file C:/Users/lychee/tc25/vivado_project/tme_b2_125/overlay_output/post_route_timing_summary.rpt
| Design       : tme_bd_wrapper
| Device       : 7z020-clg400
| Speed File   : -1  PRODUCTION 1.12 2019-11-22
| Design State : Routed
-----------------------------------------------------------------------------------------------------------------------------------------------------------------------------------------------------------------------

Timing Summary Report

------------------------------------------------------------------------------------------------
| Timer Settings
| --------------
------------------------------------------------------------------------------------------------

  Enable Multi Corner Analysis               :  Yes
  Enable Pessimism Removal                   :  Yes
  Pessimism Removal Resolution               :  Nearest Common Node
  Enable Input Delay Default Clock           :  No
  Enable Preset / Clear Arcs                 :  No
  Disable Flight Delays                      :  No
  Ignore I/O Paths                           :  No
  Timing Early Launch at Borrowing Latches   :  No
  Borrow Time for Max Delay Exceptions       :  Yes
  Merge Timing Exceptions                    :  Yes
  Inter-SLR Compensation                     :  Conservative

  Corner  Analyze    Analyze    
  Name    Max Paths  Min Paths  
  ------  ---------  ---------  
  Slow    Yes        Yes        
  Fast    Yes        Yes        


------------------------------------------------------------------------------------------------
| Report Methodology
| ------------------
------------------------------------------------------------------------------------------------

Rule      Severity  Description                                  Violations  
--------  --------  -------------------------------------------  ----------  
ULMTCS-1  Warning   Control Sets use limits recommend reduction  1           

Note: This report is based on the most recent report_methodology run and may not be up-to-date. Run report_methodology on the current design for the latest report.



check_timing report

Table of Contents
-----------------
1. checking no_clock (0)
2. checking constant_clock (0)
3. checking pulse_width_clock (0)
4. checking unconstrained_internal_endpoints (0)
5. checking no_input_delay (0)
6. checking no_output_delay (0)
7. checking multiple_clock (0)
8. checking generated_clocks (0)
9. checking loops (0)
10. checking partial_input_delay (0)
11. checking partial_output_delay (0)
12. checking latch_loops (0)

1. checking no_clock (0)
------------------------
 There are 0 register/latch pins with no clock.


2. checking constant_clock (0)
------------------------------
 There are 0 register/latch pins with constant_clock.


3. checking pulse_width_clock (0)
---------------------------------
 There are 0 register/latch pins which need pulse_width check


4. checking unconstrained_internal_endpoints (0)
------------------------------------------------
 There are 0 pins that are not constrained for maximum delay.

 There are 0 pins that are not constrained for maximum delay due to constant clock.


5. checking no_input_delay (0)
------------------------------
 There are 0 input ports with no input delay specified.

 There are 0 input ports with no input delay but user has a false path constraint.


6. checking no_output_delay (0)
-------------------------------
 There are 0 ports with no output delay specified.

 There are 0 ports with no output delay but user has a false path constraint

 There are 0 ports with no output delay but with a timing clock defined on it or propagating through it


7. checking multiple_clock (0)
------------------------------
 There are 0 register/latch pins with multiple clocks.


8. checking generated_clocks (0)
--------------------------------
 There are 0 generated clocks that are not connected to a clock source.


9. checking loops (0)
---------------------
 There are 0 combinational loops in the design.


10. checking partial_input_delay (0)
------------------------------------
 There are 0 input ports with partial input delay specified.


11. checking partial_output_delay (0)
-------------------------------------
 There are 0 ports with partial output delay specified.


12. checking latch_loops (0)
----------------------------
 There are 0 combinational latch loops in the design through latch input



------------------------------------------------------------------------------------------------
| Design Timing Summary
| ---------------------
------------------------------------------------------------------------------------------------

    WNS(ns)      TNS(ns)  TNS Failing Endpoints  TNS Total Endpoints      WHS(ns)      THS(ns)  THS Failing Endpoints  THS Total Endpoints     WPWS(ns)     TPWS(ns)  TPWS Failing Endpoints  TPWS Total Endpoints  
    -------      -------  ---------------------  -------------------      -------      -------  ---------------------  -------------------     --------     --------  ----------------------  --------------------  
      0.012        0.000                      0                59168        0.012        0.000                      0                59168        2.750        0.000                       0                 25601  


All user specified timing constraints are met.


------------------------------------------------------------------------------------------------
| Clock Summary
| -------------
------------------------------------------------------------------------------------------------

Clock       Waveform(ns)         Period(ns)      Frequency(MHz)
-----       ------------         ----------      --------------
clk_fpga_0  {0.000 4.000}        8.000           125.000         


------------------------------------------------------------------------------------------------
| Intra Clock Table
| -----------------
------------------------------------------------------------------------------------------------

Clock             WNS(ns)      TNS(ns)  TNS Failing Endpoints  TNS Total Endpoints      WHS(ns)      THS(ns)  THS Failing Endpoints  THS Total Endpoints     WPWS(ns)     TPWS(ns)  TPWS Failing Endpoints  TPWS Total Endpoints  
-----             -------      -------  ---------------------  -------------------      -------      -------  ---------------------  -------------------     --------     --------  ----------------------  --------------------  
clk_fpga_0          0.012        0.000                      0                59168        0.012        0.000                      0                59168        2.750        0.000                       0                 25601  


------------------------------------------------------------------------------------------------
| Inter Clock Table
| -----------------
------------------------------------------------------------------------------------------------

From Clock    To Clock          WNS(ns)      TNS(ns)  TNS Failing Endpoints  TNS Total Endpoints      WHS(ns)      THS(ns)  THS Failing Endpoints  THS Total Endpoints  
----------    --------          -------      -------  ---------------------  -------------------      -------      -------  ---------------------  -------------------  


------------------------------------------------------------------------------------------------
| Other Path Groups Table
| -----------------------
------------------------------------------------------------------------------------------------

Path Group    From Clock    To Clock          WNS(ns)      TNS(ns)  TNS Failing Endpoints  TNS Total Endpoints      WHS(ns)      THS(ns)  THS Failing Endpoints  THS Total Endpoints  
----------    ----------    --------          -------      -------  ---------------------  -------------------      -------      -------  ---------------------  -------------------  


------------------------------------------------------------------------------------------------
| User Ignored Path Table
| -----------------------
------------------------------------------------------------------------------------------------

Path Group    From Clock    To Clock    
----------    ----------    --------    
(none)                      clk_fpga_0    
(none)        clk_fpga_0    clk_fpga_0    


------------------------------------------------------------------------------------------------
| Unconstrained Path Table
| ------------------------
------------------------------------------------------------------------------------------------

Path Group    From Clock    To Clock    
----------    ----------    --------    


------------------------------------------------------------------------------------------------
| Timing Details
| --------------
------------------------------------------------------------------------------------------------


---------------------------------------------------------------------------------------------------
From Clock:  clk_fpga_0
  To Clock:  clk_fpga_0

Setup :            0  Failing Endpoints,  Worst Slack        0.012ns,  Total Violation        0.000ns
Hold  :            0  Failing Endpoints,  Worst Slack        0.012ns,  Total Violation        0.000ns
PW    :            0  Failing Endpoints,  Worst Slack        2.750ns,  Total Violation        0.000ns
---------------------------------------------------------------------------------------------------


Max Delay Paths
--------------------------------------------------------------------------------------
Slack (MET) :             0.012ns  (required time - arrival time)
  Source:                 tme_bd_i/tme_top_0/inst/grp_correlation_core_fu_1779/seg_960_reg_7052_reg[1]/C
                            (rising edge-triggered cell FDRE clocked by clk_fpga_0  {rise@0.000ns fall@4.000ns period=8.000ns})
  Destination:            tme_bd_i/tme_top_0/inst/grp_correlation_core_fu_1779/grp_correlation_core_Pipeline_mac_loop_fu_8736/empty_44_fu_1412_reg[23]_psdsp_6/D
                            (rising edge-triggered cell FDRE clocked by clk_fpga_0  {rise@0.000ns fall@4.000ns period=8.000ns})
  Path Group:             clk_fpga_0
  Path Type:              Setup (Max at Slow Process Corner)
  Requirement:            8.000ns  (clk_fpga_0 rise@8.000ns - clk_fpga_0 rise@0.000ns)
  Data Path Delay:        7.435ns  (logic 1.302ns (17.512%)  route 6.133ns (82.488%))
  Logic Levels:           5  (LUT3=1 LUT6=3 MUXF7=1)
  Clock Path Skew:        -0.213ns (DCD - SCD + CPR)
    Destination Clock Delay (DCD):    2.705ns = ( 10.705 - 8.000 ) 
    Source Clock Delay      (SCD):    3.033ns
    Clock Pessimism Removal (CPR):    0.115ns
  Clock Uncertainty:      0.125ns  ((TSJ^2 + TIJ^2)^1/2 + DJ) / 2 + PE
    Total System Jitter     (TSJ):    0.071ns
    Total Input Jitter      (TIJ):    0.240ns
    Discrete Jitter          (DJ):    0.000ns
    Phase Error              (PE):    0.000ns

    Location             Delay type                Incr(ns)  Path(ns)    Netlist Resource(s)
  -------------------------------------------------------------------    -------------------
                         (clock clk_fpga_0 rise edge)
                                                      0.000     0.000 r  
    PS7_X0Y0             PS7                          0.000     0.000 r  tme_bd_i/processing_system7_0/inst/PS7_i/FCLKCLK[0]
                         net (fo=1, routed)           1.193     1.193    tme_bd_i/processing_system7_0/inst/FCLK_CLK_unbuffered[0]
    BUFGCTRL_X0Y16       BUFG (Prop_bufg_I_O)         0.101     1.294 r  tme_bd_i/processing_system7_0/inst/buffer_fclk_clk_0.FCLK_CLK_0_BUFG/O
                         net (fo=25602, routed)       1.739     3.033    tme_bd_i/tme_top_0/inst/grp_correlation_core_fu_1779/ap_clk
    SLICE_X81Y47         FDRE                                         r  tme_bd_i/tme_top_0/inst/grp_correlation_core_fu_1779/seg_960_reg_7052_reg[1]/C
  -------------------------------------------------------------------    -------------------
    SLICE_X81Y47         FDRE (Prop_fdre_C_Q)         0.419     3.452 r  tme_bd_i/tme_top_0/inst/grp_correlation_core_fu_1779/seg_960_reg_7052_reg[1]/Q
                         net (fo=5, routed)           2.172     5.624    tme_bd_i/tme_top_0/inst/grp_correlation_core_fu_1779/grp_correlation_core_Pipeline_mac_loop_fu_8736/mac_muladd_8ns_8ns_24s_24_4_1_U1296/tme_top_mac_muladd_8ns_8ns_24s_24_4_1_DSP48_0_U/p_reg_reg_i_98__6[1]
    SLICE_X55Y58         LUT6 (Prop_lut6_I0_O)        0.299     5.923 r  tme_bd_i/tme_top_0/inst/grp_correlation_core_fu_1779/grp_correlation_core_Pipeline_mac_loop_fu_8736/mac_muladd_8ns_8ns_24s_24_4_1_U1296/tme_top_mac_muladd_8ns_8ns_24s_24_4_1_DSP48_0_U/p_reg_reg_i_475__1/O
                         net (fo=2, routed)           0.414     6.337    tme_bd_i/tme_top_0/inst/grp_correlation_core_fu_1779/grp_correlation_core_Pipeline_mac_loop_fu_8736/mac_muladd_8ns_8ns_24s_24_4_1_U1308/tme_top_mac_muladd_8ns_8ns_24s_24_4_1_DSP48_0_U/p_reg_reg_i_69__10_1
    SLICE_X55Y58         LUT3 (Prop_lut3_I0_O)        0.124     6.461 r  tme_bd_i/tme_top_0/inst/grp_correlation_core_fu_1779/grp_correlation_core_Pipeline_mac_loop_fu_8736/mac_muladd_8ns_8ns_24s_24_4_1_U1308/tme_top_mac_muladd_8ns_8ns_24s_24_4_1_DSP48_0_U/p_reg_reg_i_212__2/O
                         net (fo=2, routed)           1.484     7.945    tme_bd_i/tme_top_0/inst/grp_correlation_core_fu_1779/grp_correlation_core_Pipeline_mac_loop_fu_8736/mac_muladd_8ns_8ns_24s_24_4_1_U1300/tme_top_mac_muladd_8ns_8ns_24s_24_4_1_DSP48_0_U/p_reg_reg_i_21__8_2
    SLICE_X57Y74         LUT6 (Prop_lut6_I0_O)        0.124     8.069 r  tme_bd_i/tme_top_0/inst/grp_correlation_core_fu_1779/grp_correlation_core_Pipeline_mac_loop_fu_8736/mac_muladd_8ns_8ns_24s_24_4_1_U1300/tme_top_mac_muladd_8ns_8ns_24s_24_4_1_DSP48_0_U/p_reg_reg_i_69__10/O
                         net (fo=1, routed)           1.020     9.089    tme_bd_i/tme_top_0/inst/grp_correlation_core_fu_1779/grp_correlation_core_Pipeline_mac_loop_fu_8736/mac_muladd_8ns_8ns_24s_24_4_1_U1300/tme_top_mac_muladd_8ns_8ns_24s_24_4_1_DSP48_0_U/p_reg_reg_i_69__10_n_2
    SLICE_X67Y76         LUT6 (Prop_lut6_I3_O)        0.124     9.213 r  tme_bd_i/tme_top_0/inst/grp_correlation_core_fu_1779/grp_correlation_core_Pipeline_mac_loop_fu_8736/mac_muladd_8ns_8ns_24s_24_4_1_U1300/tme_top_mac_muladd_8ns_8ns_24s_24_4_1_DSP48_0_U/p_reg_reg_i_21__8/O
                         net (fo=1, routed)           0.000     9.213    tme_bd_i/tme_top_0/inst/grp_correlation_core_fu_1779/grp_correlation_core_Pipeline_mac_loop_fu_8736/mac_muladd_8ns_8ns_24s_24_4_1_U1300/tme_top_mac_muladd_8ns_8ns_24s_24_4_1_DSP48_0_U/p_reg_reg_i_21__8_n_2
    SLICE_X67Y76         MUXF7 (Prop_muxf7_I0_O)      0.212     9.425 r  tme_bd_i/tme_top_0/inst/grp_correlation_core_fu_1779/grp_correlation_core_Pipeline_mac_loop_fu_8736/mac_muladd_8ns_8ns_24s_24_4_1_U1300/tme_top_mac_muladd_8ns_8ns_24s_24_4_1_DSP48_0_U/p_reg_reg_i_7__1/O
                         net (fo=1, routed)           1.043    10.468    tme_bd_i/tme_top_0/inst/grp_correlation_core_fu_1779/grp_correlation_core_Pipeline_mac_loop_fu_8736/p_reg_reg_i_7__1_n_2_alias
    SLICE_X64Y76         FDRE                                         r  tme_bd_i/tme_top_0/inst/grp_correlation_core_fu_1779/grp_correlation_core_Pipeline_mac_loop_fu_8736/empty_44_fu_1412_reg[23]_psdsp_6/D
  -------------------------------------------------------------------    -------------------

                         (clock clk_fpga_0 rise edge)
                                                      8.000     8.000 r  
    PS7_X0Y0             PS7                          0.000     8.000 r  tme_bd_i/processing_system7_0/inst/PS7_i/FCLKCLK[0]
                         net (fo=1, routed)           1.088     9.088    tme_bd_i/processing_system7_0/inst/FCLK_CLK_unbuffered[0]
    BUFGCTRL_X0Y16       BUFG (Prop_bufg_I_O)         0.091     9.179 r  tme_bd_i/processing_system7_0/inst/buffer_fclk_clk_0.FCLK_CLK_0_BUFG/O
                         net (fo=25602, routed)       1.526    10.705    tme_bd_i/tme_top_0/inst/grp_correlation_core_fu_1779/grp_correlation_core_Pipeline_mac_loop_fu_8736/ap_clk
    SLICE_X64Y76         FDRE                                         r  tme_bd_i/tme_top_0/inst/grp_correlation_core_fu_1779/grp_correlation_core_Pipeline_mac_loop_fu_8736/empty_44_fu_1412_reg[23]_psdsp_6/C
                         clock pessimism              0.115    10.820    
                         clock uncertainty           -0.125    10.695    
    SLICE_X64Y76         FDRE (Setup_fdre_C_D)       -0.215    10.480    tme_bd_i/tme_top_0/inst/grp_correlation_core_fu_1779/grp_correlation_core_Pipeline_mac_loop_fu_8736/empty_44_fu_1412_reg[23]_psdsp_6
  -------------------------------------------------------------------
                         required time                         10.480    
                         arrival time                         -10.468    
  -------------------------------------------------------------------
                         slack                                  0.012    

Slack (MET) :             0.058ns  (required time - arrival time)
  Source:                 tme_bd_i/tme_top_0/inst/grp_correlation_core_fu_1779/seg_973_reg_6922_reg[5]/C
                            (rising edge-triggered cell FDRE clocked by clk_fpga_0  {rise@0.000ns fall@4.000ns period=8.000ns})
  Destination:            tme_bd_i/tme_top_0/inst/grp_correlation_core_fu_1779/grp_correlation_core_Pipeline_mac_loop_fu_8736/empty_43_fu_1408_reg[23]_psdsp_2/D
                            (rising edge-triggered cell FDRE clocked by clk_fpga_0  {rise@0.000ns fall@4.000ns period=8.000ns})
  Path Group:             clk_fpga_0
  Path Type:              Setup (Max at Slow Process Corner)
  Requirement:            8.000ns  (clk_fpga_0 rise@8.000ns - clk_fpga_0 rise@0.000ns)
  Data Path Delay:        7.471ns  (logic 1.299ns (17.387%)  route 6.172ns (82.613%))
  Logic Levels:           5  (LUT3=1 LUT6=3 MUXF7=1)
  Clock Path Skew:        -0.106ns (DCD - SCD + CPR)
    Destination Clock Delay (DCD):    2.710ns = ( 10.710 - 8.000 ) 
    Source Clock Delay      (SCD):    2.945ns
    Clock Pessimism Removal (CPR):    0.129ns
  Clock Uncertainty:      0.125ns  ((TSJ^2 + TIJ^2)^1/2 + DJ) / 2 + PE
    Total System Jitter     (TSJ):    0.071ns
    Total Input Jitter      (TIJ):    0.240ns
    Discrete Jitter          (DJ):    0.000ns
    Phase Error              (PE):    0.000ns

    Location             Delay type                Incr(ns)  Path(ns)    Netlist Resource(s)
  -------------------------------------------------------------------    -------------------
                         (clock clk_fpga_0 rise edge)
                                                      0.000     0.000 r  
    PS7_X0Y0             PS7                          0.000     0.000 r  tme_bd_i/processing_system7_0/inst/PS7_i/FCLKCLK[0]
                         net (fo=1, routed)           1.193     1.193    tme_bd_i/processing_system7_0/inst/FCLK_CLK_unbuffered[0]
    BUFGCTRL_X0Y16       BUFG (Prop_bufg_I_O)         0.101     1.294 r  tme_bd_i/processing_system7_0/inst/buffer_fclk_clk_0.FCLK_CLK_0_BUFG/O
                         net (fo=25602, routed)       1.651     2.945    tme_bd_i/tme_top_0/inst/grp_correlation_core_fu_1779/ap_clk
    SLICE_X43Y53         FDRE                                         r  tme_bd_i/tme_top_0/inst/grp_correlation_core_fu_1779/seg_973_reg_6922_reg[5]/C
  -------------------------------------------------------------------    -------------------
    SLICE_X43Y53         FDRE (Prop_fdre_C_Q)         0.419     3.364 r  tme_bd_i/tme_top_0/inst/grp_correlation_core_fu_1779/seg_973_reg_6922_reg[5]/Q
                         net (fo=5, routed)           1.435     4.799    tme_bd_i/tme_top_0/inst/grp_correlation_core_fu_1779/grp_correlation_core_Pipeline_mac_loop_fu_8736/mac_muladd_8ns_8ns_24s_24_4_1_U1311/tme_top_mac_muladd_8ns_8ns_24s_24_4_1_DSP48_0_U/p_reg_reg_i_88__0_1[5]
    SLICE_X48Y62         LUT6 (Prop_lut6_I3_O)        0.299     5.098 r  tme_bd_i/tme_top_0/inst/grp_correlation_core_fu_1779/grp_correlation_core_Pipeline_mac_loop_fu_8736/mac_muladd_8ns_8ns_24s_24_4_1_U1311/tme_top_mac_muladd_8ns_8ns_24s_24_4_1_DSP48_0_U/p_reg_reg_i_851/O
                         net (fo=2, routed)           1.182     6.281    tme_bd_i/tme_top_0/inst/grp_correlation_core_fu_1779/grp_correlation_core_Pipeline_mac_loop_fu_8736/mac_muladd_8ns_8ns_24s_24_4_1_U1307/tme_top_mac_muladd_8ns_8ns_24s_24_4_1_DSP48_0_U/p_reg_reg_i_40__2
    SLICE_X43Y69         LUT3 (Prop_lut3_I0_O)        0.124     6.405 r  tme_bd_i/tme_top_0/inst/grp_correlation_core_fu_1779/grp_correlation_core_Pipeline_mac_loop_fu_8736/mac_muladd_8ns_8ns_24s_24_4_1_U1307/tme_top_mac_muladd_8ns_8ns_24s_24_4_1_DSP48_0_U/p_reg_reg_i_126__2/O
                         net (fo=2, routed)           1.008     7.413    tme_bd_i/tme_top_0/inst/grp_correlation_core_fu_1779/grp_correlation_core_Pipeline_mac_loop_fu_8736/mac_muladd_8ns_8ns_24s_24_4_1_U1299/tme_top_mac_muladd_8ns_8ns_24s_24_4_1_DSP48_0_U/p_reg_reg_i_13__4_7
    SLICE_X49Y62         LUT6 (Prop_lut6_I3_O)        0.124     7.537 r  tme_bd_i/tme_top_0/inst/grp_correlation_core_fu_1779/grp_correlation_core_Pipeline_mac_loop_fu_8736/mac_muladd_8ns_8ns_24s_24_4_1_U1299/tme_top_mac_muladd_8ns_8ns_24s_24_4_1_DSP48_0_U/p_reg_reg_i_40__2/O
                         net (fo=1, routed)           1.136     8.673    tme_bd_i/tme_top_0/inst/grp_correlation_core_fu_1779/grp_correlation_core_Pipeline_mac_loop_fu_8736/mac_muladd_8ns_8ns_24s_24_4_1_U1299/tme_top_mac_muladd_8ns_8ns_24s_24_4_1_DSP48_0_U/p_reg_reg_i_40__2_n_2
    SLICE_X54Y70         LUT6 (Prop_lut6_I1_O)        0.124     8.797 r  tme_bd_i/tme_top_0/inst/grp_correlation_core_fu_1779/grp_correlation_core_Pipeline_mac_loop_fu_8736/mac_muladd_8ns_8ns_24s_24_4_1_U1299/tme_top_mac_muladd_8ns_8ns_24s_24_4_1_DSP48_0_U/p_reg_reg_i_13__4/O
                         net (fo=1, routed)           0.000     8.797    tme_bd_i/tme_top_0/inst/grp_correlation_core_fu_1779/grp_correlation_core_Pipeline_mac_loop_fu_8736/mac_muladd_8ns_8ns_24s_24_4_1_U1299/tme_top_mac_muladd_8ns_8ns_24s_24_4_1_DSP48_0_U/p_reg_reg_i_13__4_n_2
    SLICE_X54Y70         MUXF7 (Prop_muxf7_I0_O)      0.209     9.006 r  tme_bd_i/tme_top_0/inst/grp_correlation_core_fu_1779/grp_correlation_core_Pipeline_mac_loop_fu_8736/mac_muladd_8ns_8ns_24s_24_4_1_U1299/tme_top_mac_muladd_8ns_8ns_24s_24_4_1_DSP48_0_U/p_reg_reg_i_3__12/O
                         net (fo=1, routed)           1.410    10.416    tme_bd_i/tme_top_0/inst/grp_correlation_core_fu_1779/grp_correlation_core_Pipeline_mac_loop_fu_8736/p_reg_reg_i_3__12_n_2_alias
    SLICE_X67Y81         FDRE                                         r  tme_bd_i/tme_top_0/inst/grp_correlation_core_fu_1779/grp_correlation_core_Pipeline_mac_loop_fu_8736/empty_43_fu_1408_reg[23]_psdsp_2/D
  -------------------------------------------------------------------    -------------------

                         (clock clk_fpga_0 rise edge)
                                                      8.000     8.000 r  
    PS7_X0Y0             PS7                          0.000     8.000 r  tme_bd_i/processing_system7_0/inst/PS7_i/FCLKCLK[0]
                         net (fo=1, routed)           1.088     9.088    tme_bd_i/processing_system7_0/inst/FCLK_CLK_unbuffered[0]
    BUFGCTRL_X0Y16       BUFG (Prop_bufg_I_O)         0.091     9.179 r  tme_bd_i/processing_system7_0/inst/buffer_fclk_clk_0.FCLK_CLK_0_BUFG/O
                         net (fo=25602, routed)       1.531    10.710    tme_bd_i/tme_top_0/inst/grp_correlation_core_fu_1779/grp_correlation_core_Pipeline_mac_loop_fu_8736/ap_clk
    SLICE_X67Y81         FDRE                                         r  tme_bd_i/tme_top_0/inst/grp_correlation_core_fu_1779/grp_correlation_core_Pipeline_mac_loop_fu_8736/empty_43_fu_1408_reg[23]_psdsp_2/C
                         clock pessimism              0.129    10.839    
                         clock uncertainty           -0.125    10.714    
    SLICE_X67Y81         FDRE (Setup_fdre_C_D)       -0.240    10.474    tme_bd_i/tme_top_0/inst/grp_correlation_core_fu_1779/grp_correlation_core_Pipeline_mac_loop_fu_8736/empty_43_fu_1408_reg[23]_psdsp_2
  -------------------------------------------------------------------
                         required time                         10.474    
                         arrival time                         -10.416    
  -------------------------------------------------------------------
                         slack                                  0.058    

Slack (MET) :             0.122ns  (required time - arrival time)
  Source:                 tme_bd_i/tme_top_0/inst/grp_correlation_core_fu_1779/seg_999_reg_6662_reg[3]/C
                            (rising edge-triggered cell FDRE clocked by clk_fpga_0  {rise@0.000ns fall@4.000ns period=8.000ns})
  Destination:            tme_bd_i/tme_top_0/inst/grp_correlation_core_fu_1779/grp_correlation_core_Pipeline_mac_loop_fu_8736/empty_46_fu_1420_reg[23]_psdsp_4/D
                            (rising edge-triggered cell FDRE clocked by clk_fpga_0  {rise@0.000ns fall@4.000ns period=8.000ns})
  Path Group:             clk_fpga_0
  Path Type:              Setup (Max at Slow Process Corner)
  Requirement:            8.000ns  (clk_fpga_0 rise@8.000ns - clk_fpga_0 rise@0.000ns)
  Data Path Delay:        7.382ns  (logic 1.299ns (17.597%)  route 6.083ns (82.403%))
  Logic Levels:           5  (LUT3=1 LUT6=3 MUXF7=1)
  Clock Path Skew:        -0.155ns (DCD - SCD + CPR)
    Destination Clock Delay (DCD):    2.706ns = ( 10.706 - 8.000 ) 
    Source Clock Delay      (SCD):    2.990ns
    Clock Pessimism Removal (CPR):    0.129ns
  Clock Uncertainty:      0.125ns  ((TSJ^2 + TIJ^2)^1/2 + DJ) / 2 + PE
    Total System Jitter     (TSJ):    0.071ns
    Total Input Jitter      (TIJ):    0.240ns
    Discrete Jitter          (DJ):    0.000ns
    Phase Error              (PE):    0.000ns

    Location             Delay type                Incr(ns)  Path(ns)    Netlist Resource(s)
  -------------------------------------------------------------------    -------------------
                         (clock clk_fpga_0 rise edge)
                                                      0.000     0.000 r  
    PS7_X0Y0             PS7                          0.000     0.000 r  tme_bd_i/processing_system7_0/inst/PS7_i/FCLKCLK[0]
                         net (fo=1, routed)           1.193     1.193    tme_bd_i/processing_system7_0/inst/FCLK_CLK_unbuffered[0]
    BUFGCTRL_X0Y16       BUFG (Prop_bufg_I_O)         0.101     1.294 r  tme_bd_i/processing_system7_0/inst/buffer_fclk_clk_0.FCLK_CLK_0_BUFG/O
                         net (fo=25602, routed)       1.696     2.990    tme_bd_i/tme_top_0/inst/grp_correlation_core_fu_1779/ap_clk
    SLICE_X27Y52         FDRE                                         r  tme_bd_i/tme_top_0/inst/grp_correlation_core_fu_1779/seg_999_reg_6662_reg[3]/C
  -------------------------------------------------------------------    -------------------
    SLICE_X27Y52         FDRE (Prop_fdre_C_Q)         0.419     3.409 r  tme_bd_i/tme_top_0/inst/grp_correlation_core_fu_1779/seg_999_reg_6662_reg[3]/Q
                         net (fo=5, routed)           1.252     4.661    tme_bd_i/tme_top_0/inst/grp_correlation_core_fu_1779/grp_correlation_core_Pipeline_mac_loop_fu_8736/mac_muladd_8ns_8ns_24s_24_4_1_U1306/tme_top_mac_muladd_8ns_8ns_24s_24_4_1_DSP48_0_U/p_reg_reg_i_93__9_2[3]
    SLICE_X29Y65         LUT6 (Prop_lut6_I5_O)        0.299     4.960 r  tme_bd_i/tme_top_0/inst/grp_correlation_core_fu_1779/grp_correlation_core_Pipeline_mac_loop_fu_8736/mac_muladd_8ns_8ns_24s_24_4_1_U1306/tme_top_mac_muladd_8ns_8ns_24s_24_4_1_DSP48_0_U/p_reg_reg_i_393__2/O
                         net (fo=2, routed)           1.011     5.970    tme_bd_i/tme_top_0/inst/grp_correlation_core_fu_1779/grp_correlation_core_Pipeline_mac_loop_fu_8736/mac_muladd_8ns_8ns_24s_24_4_1_U1302/tme_top_mac_muladd_8ns_8ns_24s_24_4_1_DSP48_0_U/p_reg_reg_i_58__8
    SLICE_X32Y73         LUT3 (Prop_lut3_I0_O)        0.124     6.094 r  tme_bd_i/tme_top_0/inst/grp_correlation_core_fu_1779/grp_correlation_core_Pipeline_mac_loop_fu_8736/mac_muladd_8ns_8ns_24s_24_4_1_U1302/tme_top_mac_muladd_8ns_8ns_24s_24_4_1_DSP48_0_U/p_reg_reg_i_169__6/O
                         net (fo=2, routed)           1.143     7.237    tme_bd_i/tme_top_0/inst/grp_correlation_core_fu_1779/grp_correlation_core_Pipeline_mac_loop_fu_8736/mac_muladd_8ns_8ns_24s_24_4_1_U1302/tme_top_mac_muladd_8ns_8ns_24s_24_4_1_DSP48_0_U/x_2_reg_21480_reg[2]_rep__0_1
    SLICE_X41Y78         LUT6 (Prop_lut6_I5_O)        0.124     7.361 r  tme_bd_i/tme_top_0/inst/grp_correlation_core_fu_1779/grp_correlation_core_Pipeline_mac_loop_fu_8736/mac_muladd_8ns_8ns_24s_24_4_1_U1302/tme_top_mac_muladd_8ns_8ns_24s_24_4_1_DSP48_0_U/p_reg_reg_i_53__12/O
                         net (fo=1, routed)           1.438     8.799    tme_bd_i/tme_top_0/inst/grp_correlation_core_fu_1779/grp_correlation_core_Pipeline_mac_loop_fu_8736/mac_muladd_8ns_8ns_24s_24_4_1_U1302/tme_top_mac_muladd_8ns_8ns_24s_24_4_1_DSP48_0_U/p_reg_reg_i_53__12_n_2
    SLICE_X54Y76         LUT6 (Prop_lut6_I0_O)        0.124     8.923 r  tme_bd_i/tme_top_0/inst/grp_correlation_core_fu_1779/grp_correlation_core_Pipeline_mac_loop_fu_8736/mac_muladd_8ns_8ns_24s_24_4_1_U1302/tme_top_mac_muladd_8ns_8ns_24s_24_4_1_DSP48_0_U/p_reg_reg_i_17__12/O
                         net (fo=1, routed)           0.000     8.923    tme_bd_i/tme_top_0/inst/grp_correlation_core_fu_1779/grp_correlation_core_Pipeline_mac_loop_fu_8736/mac_muladd_8ns_8ns_24s_24_4_1_U1302/tme_top_mac_muladd_8ns_8ns_24s_24_4_1_DSP48_0_U/p_reg_reg_i_17__12_n_2
    SLICE_X54Y76         MUXF7 (Prop_muxf7_I0_O)      0.209     9.132 r  tme_bd_i/tme_top_0/inst/grp_correlation_core_fu_1779/grp_correlation_core_Pipeline_mac_loop_fu_8736/mac_muladd_8ns_8ns_24s_24_4_1_U1302/tme_top_mac_muladd_8ns_8ns_24s_24_4_1_DSP48_0_U/p_reg_reg_i_5__2/O
                         net (fo=1, routed)           1.240    10.372    tme_bd_i/tme_top_0/inst/grp_correlation_core_fu_1779/grp_correlation_core_Pipeline_mac_loop_fu_8736/p_reg_reg_i_5__2_n_2_alias
    SLICE_X59Y81         FDRE                                         r  tme_bd_i/tme_top_0/inst/grp_correlation_core_fu_1779/grp_correlation_core_Pipeline_mac_loop_fu_8736/empty_46_fu_1420_reg[23]_psdsp_4/D
  -------------------------------------------------------------------    -------------------

                         (clock clk_fpga_0 rise edge)
                                                      8.000     8.000 r  
    PS7_X0Y0             PS7                          0.000     8.000 r  tme_bd_i/processing_system7_0/inst/PS7_i/FCLKCLK[0]
                         net (fo=1, routed)           1.088     9.088    tme_bd_i/processing_system7_0/inst/FCLK_CLK_unbuffered[0]
    BUFGCTRL_X0Y16       BUFG (Prop_bufg_I_O)         0.091     9.179 r  tme_bd_i/processing_system7_0/inst/buffer_fclk_clk_0.FCLK_CLK_0_BUFG/O
                         net (fo=25602, routed)       1.527    10.706    tme_bd_i/tme_top_0/inst/grp_correlation_core_fu_1779/grp_correlation_core_Pipeline_mac_loop_fu_8736/ap_clk
    SLICE_X59Y81         FDRE                                         r  tme_bd_i/tme_top_0/inst/grp_correlation_core_fu_1779/grp_correlation_core_Pipeline_mac_loop_fu_8736/empty_46_fu_1420_reg[23]_psdsp_4/C
                         clock pessimism              0.129    10.835    
                         clock uncertainty           -0.125    10.710    
    SLICE_X59Y81         FDRE (Setup_fdre_C_D)       -0.216    10.494    tme_bd_i/tme_top_0/inst/grp_correlation_core_fu_1779/grp_correlation_core_Pipeline_mac_loop_fu_8736/empty_46_fu_1420_reg[23]_psdsp_4
  -------------------------------------------------------------------
                         required time                         10.494    
                         arrival time                         -10.372    
  -------------------------------------------------------------------
                         slack                                  0.122    

Slack (MET) :             0.129ns  (required time - arrival time)
  Source:                 tme_bd_i/tme_top_0/inst/templ_buf_U/ram_reg_0_1/CLKBWRCLK
                            (rising edge-triggered cell RAMB36E1 clocked by clk_fpga_0  {rise@0.000ns fall@4.000ns period=8.000ns})
  Destination:            tme_bd_i/tme_top_0/inst/grp_tme_top_Pipeline_VITIS_LOOP_181_3_fu_1446/t_row_32_fu_1644_reg[1]/D
                            (rising edge-triggered cell FDRE clocked by clk_fpga_0  {rise@0.000ns fall@4.000ns period=8.000ns})
  Path Group:             clk_fpga_0
  Path Type:              Setup (Max at Slow Process Corner)
  Requirement:            8.000ns  (clk_fpga_0 rise@8.000ns - clk_fpga_0 rise@0.000ns)
  Data Path Delay:        7.427ns  (logic 2.454ns (33.043%)  route 4.973ns (66.957%))
  Logic Levels:           0  
  Clock Path Skew:        -0.261ns (DCD - SCD + CPR)
    Destination Clock Delay (DCD):    2.715ns = ( 10.715 - 8.000 ) 
    Source Clock Delay      (SCD):    3.090ns
    Clock Pessimism Removal (CPR):    0.115ns
  Clock Uncertainty:      0.125ns  ((TSJ^2 + TIJ^2)^1/2 + DJ) / 2 + PE
    Total System Jitter     (TSJ):    0.071ns
    Total Input Jitter      (TIJ):    0.240ns
    Discrete Jitter          (DJ):    0.000ns
    Phase Error              (PE):    0.000ns

    Location             Delay type                Incr(ns)  Path(ns)    Netlist Resource(s)
  -------------------------------------------------------------------    -------------------
                         (clock clk_fpga_0 rise edge)
                                                      0.000     0.000 r  
    PS7_X0Y0             PS7                          0.000     0.000 r  tme_bd_i/processing_system7_0/inst/PS7_i/FCLKCLK[0]
                         net (fo=1, routed)           1.193     1.193    tme_bd_i/processing_system7_0/inst/FCLK_CLK_unbuffered[0]
    BUFGCTRL_X0Y16       BUFG (Prop_bufg_I_O)         0.101     1.294 r  tme_bd_i/processing_system7_0/inst/buffer_fclk_clk_0.FCLK_CLK_0_BUFG/O
                         net (fo=25602, routed)       1.796     3.090    tme_bd_i/tme_top_0/inst/templ_buf_U/ap_clk
    RAMB36_X1Y0          RAMB36E1                                     r  tme_bd_i/tme_top_0/inst/templ_buf_U/ram_reg_0_1/CLKBWRCLK
  -------------------------------------------------------------------    -------------------
    RAMB36_X1Y0          RAMB36E1 (Prop_ramb36e1_CLKBWRCLK_DOBDO[0])
                                                      2.454     5.544 r  tme_bd_i/tme_top_0/inst/templ_buf_U/ram_reg_0_1/DOBDO[0]
                         net (fo=216, routed)         4.973    10.517    tme_bd_i/tme_top_0/inst/grp_tme_top_Pipeline_VITIS_LOOP_181_3_fu_1446/q0[1]
    SLICE_X67Y86         FDRE                                         r  tme_bd_i/tme_top_0/inst/grp_tme_top_Pipeline_VITIS_LOOP_181_3_fu_1446/t_row_32_fu_1644_reg[1]/D
  -------------------------------------------------------------------    -------------------

                         (clock clk_fpga_0 rise edge)
                                                      8.000     8.000 r  
    PS7_X0Y0             PS7                          0.000     8.000 r  tme_bd_i/processing_system7_0/inst/PS7_i/FCLKCLK[0]
                         net (fo=1, routed)           1.088     9.088    tme_bd_i/processing_system7_0/inst/FCLK_CLK_unbuffered[0]
    BUFGCTRL_X0Y16       BUFG (Prop_bufg_I_O)         0.091     9.179 r  tme_bd_i/processing_system7_0/inst/buffer_fclk_clk_0.FCLK_CLK_0_BUFG/O
                         net (fo=25602, routed)       1.536    10.715    tme_bd_i/tme_top_0/inst/grp_tme_top_Pipeline_VITIS_LOOP_181_3_fu_1446/ap_clk
    SLICE_X67Y86         FDRE                                         r  tme_bd_i/tme_top_0/inst/grp_tme_top_Pipeline_VITIS_LOOP_181_3_fu_1446/t_row_32_fu_1644_reg[1]/C
                         clock pessimism              0.115    10.830    
                         clock uncertainty           -0.125    10.705    
    SLICE_X67Y86         FDRE (Setup_fdre_C_D)       -0.058    10.647    tme_bd_i/tme_top_0/inst/grp_tme_top_Pipeline_VITIS_LOOP_181_3_fu_1446/t_row_32_fu_1644_reg[1]
  -------------------------------------------------------------------
                         required time                         10.647    
                         arrival time                         -10.517    
  -------------------------------------------------------------------
                         slack                                  0.129    

Slack (MET) :             0.132ns  (required time - arrival time)
  Source:                 tme_bd_i/tme_top_0/inst/templ_buf_U/ram_reg_0_5/CLKBWRCLK
                            (rising edge-triggered cell RAMB36E1 clocked by clk_fpga_0  {rise@0.000ns fall@4.000ns period=8.000ns})
  Destination:            tme_bd_i/tme_top_0/inst/grp_tme_top_Pipeline_VITIS_LOOP_181_3_fu_1446/t_row_71_fu_1488_reg[5]/D
                            (rising edge-triggered cell FDRE clocked by clk_fpga_0  {rise@0.000ns fall@4.000ns period=8.000ns})
  Path Group:             clk_fpga_0
  Path Type:              Setup (Max at Slow Process Corner)
  Requirement:            8.000ns  (clk_fpga_0 rise@8.000ns - clk_fpga_0 rise@0.000ns)
  Data Path Delay:        7.365ns  (logic 2.454ns (33.321%)  route 4.911ns (66.679%))
  Logic Levels:           0  
  Clock Path Skew:        -0.333ns (DCD - SCD + CPR)
    Destination Clock Delay (DCD):    2.640ns = ( 10.640 - 8.000 ) 
    Source Clock Delay      (SCD):    3.087ns
    Clock Pessimism Removal (CPR):    0.115ns
  Clock Uncertainty:      0.125ns  ((TSJ^2 + TIJ^2)^1/2 + DJ) / 2 + PE
    Total System Jitter     (TSJ):    0.071ns
    Total Input Jitter      (TIJ):    0.240ns
    Discrete Jitter          (DJ):    0.000ns
    Phase Error              (PE):    0.000ns

    Location             Delay type                Incr(ns)  Path(ns)    Netlist Resource(s)
  -------------------------------------------------------------------    -------------------
                         (clock clk_fpga_0 rise edge)
                                                      0.000     0.000 r  
    PS7_X0Y0             PS7                          0.000     0.000 r  tme_bd_i/processing_system7_0/inst/PS7_i/FCLKCLK[0]
                         net (fo=1, routed)           1.193     1.193    tme_bd_i/processing_system7_0/inst/FCLK_CLK_unbuffered[0]
    BUFGCTRL_X0Y16       BUFG (Prop_bufg_I_O)         0.101     1.294 r  tme_bd_i/processing_system7_0/inst/buffer_fclk_clk_0.FCLK_CLK_0_BUFG/O
                         net (fo=25602, routed)       1.793     3.087    tme_bd_i/tme_top_0/inst/templ_buf_U/ap_clk
    RAMB36_X0Y7          RAMB36E1                                     r  tme_bd_i/tme_top_0/inst/templ_buf_U/ram_reg_0_5/CLKBWRCLK
  -------------------------------------------------------------------    -------------------
    RAMB36_X0Y7          RAMB36E1 (Prop_ramb36e1_CLKBWRCLK_DOBDO[0])
                                                      2.454     5.541 r  tme_bd_i/tme_top_0/inst/templ_buf_U/ram_reg_0_5/DOBDO[0]
                         net (fo=216, routed)         4.911    10.452    tme_bd_i/tme_top_0/inst/grp_tme_top_Pipeline_VITIS_LOOP_181_3_fu_1446/q0[5]
    SLICE_X50Y86         FDRE                                         r  tme_bd_i/tme_top_0/inst/grp_tme_top_Pipeline_VITIS_LOOP_181_3_fu_1446/t_row_71_fu_1488_reg[5]/D
  -------------------------------------------------------------------    -------------------

                         (clock clk_fpga_0 rise edge)
                                                      8.000     8.000 r  
    PS7_X0Y0             PS7                          0.000     8.000 r  tme_bd_i/processing_system7_0/inst/PS7_i/FCLKCLK[0]
                         net (fo=1, routed)           1.088     9.088    tme_bd_i/processing_system7_0/inst/FCLK_CLK_unbuffered[0]
    BUFGCTRL_X0Y16       BUFG (Prop_bufg_I_O)         0.091     9.179 r  tme_bd_i/processing_system7_0/inst/buffer_fclk_clk_0.FCLK_CLK_0_BUFG/O
                         net (fo=25602, routed)       1.461    10.640    tme_bd_i/tme_top_0/inst/grp_tme_top_Pipeline_VITIS_LOOP_181_3_fu_1446/ap_clk
    SLICE_X50Y86         FDRE                                         r  tme_bd_i/tme_top_0/inst/grp_tme_top_Pipeline_VITIS_LOOP_181_3_fu_1446/t_row_71_fu_1488_reg[5]/C
                         clock pessimism              0.115    10.755    
                         clock uncertainty           -0.125    10.630    
    SLICE_X50Y86         FDRE (Setup_fdre_C_D)       -0.045    10.585    tme_bd_i/tme_top_0/inst/grp_tme_top_Pipeline_VITIS_LOOP_181_3_fu_1446/t_row_71_fu_1488_reg[5]
  -------------------------------------------------------------------
                         required time                         10.585    
                         arrival time                         -10.452    
  -------------------------------------------------------------------
                         slack                                  0.132    

Slack (MET) :             0.139ns  (required time - arrival time)
  Source:                 tme_bd_i/tme_top_0/inst/grp_correlation_core_fu_1779/overlap_reg_20667_reg[15]/C
                            (rising edge-triggered cell FDRE clocked by clk_fpga_0  {rise@0.000ns fall@4.000ns period=8.000ns})
  Destination:            tme_bd_i/tme_top_0/inst/grp_correlation_core_fu_1779/icmp_ln169_16_reg_22101_reg[0]/D
                            (rising edge-triggered cell FDRE clocked by clk_fpga_0  {rise@0.000ns fall@4.000ns period=8.000ns})
  Path Group:             clk_fpga_0
  Path Type:              Setup (Max at Slow Process Corner)
  Requirement:            8.000ns  (clk_fpga_0 rise@8.000ns - clk_fpga_0 rise@0.000ns)
  Data Path Delay:        7.684ns  (logic 1.314ns (17.100%)  route 6.370ns (82.900%))
  Logic Levels:           3  (CARRY4=2 LUT2=1)
  Clock Path Skew:        -0.098ns (DCD - SCD + CPR)
    Destination Clock Delay (DCD):    2.733ns = ( 10.733 - 8.000 ) 
    Source Clock Delay      (SCD):    2.946ns
    Clock Pessimism Removal (CPR):    0.115ns
  Clock Uncertainty:      0.125ns  ((TSJ^2 + TIJ^2)^1/2 + DJ) / 2 + PE
    Total System Jitter     (TSJ):    0.071ns
    Total Input Jitter      (TIJ):    0.240ns
    Discrete Jitter          (DJ):    0.000ns
    Phase Error              (PE):    0.000ns

    Location             Delay type                Incr(ns)  Path(ns)    Netlist Resource(s)
  -------------------------------------------------------------------    -------------------
                         (clock clk_fpga_0 rise edge)
                                                      0.000     0.000 r  
    PS7_X0Y0             PS7                          0.000     0.000 r  tme_bd_i/processing_system7_0/inst/PS7_i/FCLKCLK[0]
                         net (fo=1, routed)           1.193     1.193    tme_bd_i/processing_system7_0/inst/FCLK_CLK_unbuffered[0]
    BUFGCTRL_X0Y16       BUFG (Prop_bufg_I_O)         0.101     1.294 r  tme_bd_i/processing_system7_0/inst/buffer_fclk_clk_0.FCLK_CLK_0_BUFG/O
                         net (fo=25602, routed)       1.652     2.946    tme_bd_i/tme_top_0/inst/grp_correlation_core_fu_1779/ap_clk
    SLICE_X36Y54         FDRE                                         r  tme_bd_i/tme_top_0/inst/grp_correlation_core_fu_1779/overlap_reg_20667_reg[15]/C
  -------------------------------------------------------------------    -------------------
    SLICE_X36Y54         FDRE (Prop_fdre_C_Q)         0.518     3.464 f  tme_bd_i/tme_top_0/inst/grp_correlation_core_fu_1779/overlap_reg_20667_reg[15]/Q
                         net (fo=427, routed)         6.370     9.834    tme_bd_i/tme_top_0/inst/grp_correlation_core_fu_1779/overlap_reg_20667[15]
    SLICE_X78Y32         LUT2 (Prop_lut2_I1_O)        0.124     9.958 r  tme_bd_i/tme_top_0/inst/grp_correlation_core_fu_1779/icmp_ln169_16_reg_22101[0]_i_9/O
                         net (fo=1, routed)           0.000     9.958    tme_bd_i/tme_top_0/inst/grp_correlation_core_fu_1779/icmp_ln169_16_reg_22101[0]_i_9_n_2
    SLICE_X78Y32         CARRY4 (Prop_carry4_S[3]_CO[3])
                                                      0.401    10.359 r  tme_bd_i/tme_top_0/inst/grp_correlation_core_fu_1779/icmp_ln169_16_reg_22101_reg[0]_i_2/CO[3]
                         net (fo=1, routed)           0.000    10.359    tme_bd_i/tme_top_0/inst/grp_correlation_core_fu_1779/icmp_ln169_16_reg_22101_reg[0]_i_2_n_2
    SLICE_X78Y33         CARRY4 (Prop_carry4_CI_CO[0])
                                                      0.271    10.630 r  tme_bd_i/tme_top_0/inst/grp_correlation_core_fu_1779/icmp_ln169_16_reg_22101_reg[0]_i_1/CO[0]
                         net (fo=1, routed)           0.000    10.630    tme_bd_i/tme_top_0/inst/grp_correlation_core_fu_1779/icmp_ln169_16_fu_9675_p2[0]
    SLICE_X78Y33         FDRE                                         r  tme_bd_i/tme_top_0/inst/grp_correlation_core_fu_1779/icmp_ln169_16_reg_22101_reg[0]/D
  -------------------------------------------------------------------    -------------------

                         (clock clk_fpga_0 rise edge)
                                                      8.000     8.000 r  
    PS7_X0Y0             PS7                          0.000     8.000 r  tme_bd_i/processing_system7_0/inst/PS7_i/FCLKCLK[0]
                         net (fo=1, routed)           1.088     9.088    tme_bd_i/processing_system7_0/inst/FCLK_CLK_unbuffered[0]
    BUFGCTRL_X0Y16       BUFG (Prop_bufg_I_O)         0.091     9.179 r  tme_bd_i/processing_system7_0/inst/buffer_fclk_clk_0.FCLK_CLK_0_BUFG/O
                         net (fo=25602, routed)       1.554    10.733    tme_bd_i/tme_top_0/inst/grp_correlation_core_fu_1779/ap_clk
    SLICE_X78Y33         FDRE                                         r  tme_bd_i/tme_top_0/inst/grp_correlation_core_fu_1779/icmp_ln169_16_reg_22101_reg[0]/C
                         clock pessimism              0.115    10.848    
                         clock uncertainty           -0.125    10.723    
    SLICE_X78Y33         FDRE (Setup_fdre_C_D)        0.046    10.769    tme_bd_i/tme_top_0/inst/grp_correlation_core_fu_1779/icmp_ln169_16_reg_22101_reg[0]
  -------------------------------------------------------------------
                         required time                         10.769    
                         arrival time                         -10.630    
  -------------------------------------------------------------------
                         slack                                  0.139    

Slack (MET) :             0.139ns  (required time - arrival time)
  Source:                 tme_bd_i/tme_top_0/inst/grp_correlation_core_fu_1779/overlap_reg_20667_reg[15]/C
                            (rising edge-triggered cell FDRE clocked by clk_fpga_0  {rise@0.000ns fall@4.000ns period=8.000ns})
  Destination:            tme_bd_i/tme_top_0/inst/grp_correlation_core_fu_1779/icmp_ln169_40_reg_22216_reg[0]/D
                            (rising edge-triggered cell FDRE clocked by clk_fpga_0  {rise@0.000ns fall@4.000ns period=8.000ns})
  Path Group:             clk_fpga_0
  Path Type:              Setup (Max at Slow Process Corner)
  Requirement:            8.000ns  (clk_fpga_0 rise@8.000ns - clk_fpga_0 rise@0.000ns)
  Data Path Delay:        7.684ns  (logic 1.314ns (17.100%)  route 6.370ns (82.900%))
  Logic Levels:           3  (CARRY4=2 LUT2=1)
  Clock Path Skew:        -0.098ns (DCD - SCD + CPR)
    Destination Clock Delay (DCD):    2.733ns = ( 10.733 - 8.000 ) 
    Source Clock Delay      (SCD):    2.946ns
    Clock Pessimism Removal (CPR):    0.115ns
  Clock Uncertainty:      0.125ns  ((TSJ^2 + TIJ^2)^1/2 + DJ) / 2 + PE
    Total System Jitter     (TSJ):    0.071ns
    Total Input Jitter      (TIJ):    0.240ns
    Discrete Jitter          (DJ):    0.000ns
    Phase Error              (PE):    0.000ns

    Location             Delay type                Incr(ns)  Path(ns)    Netlist Resource(s)
  -------------------------------------------------------------------    -------------------
                         (clock clk_fpga_0 rise edge)
                                                      0.000     0.000 r  
    PS7_X0Y0             PS7                          0.000     0.000 r  tme_bd_i/processing_system7_0/inst/PS7_i/FCLKCLK[0]
                         net (fo=1, routed)           1.193     1.193    tme_bd_i/processing_system7_0/inst/FCLK_CLK_unbuffered[0]
    BUFGCTRL_X0Y16       BUFG (Prop_bufg_I_O)         0.101     1.294 r  tme_bd_i/processing_system7_0/inst/buffer_fclk_clk_0.FCLK_CLK_0_BUFG/O
                         net (fo=25602, routed)       1.652     2.946    tme_bd_i/tme_top_0/inst/grp_correlation_core_fu_1779/ap_clk
    SLICE_X36Y54         FDRE                                         r  tme_bd_i/tme_top_0/inst/grp_correlation_core_fu_1779/overlap_reg_20667_reg[15]/C
  -------------------------------------------------------------------    -------------------
    SLICE_X36Y54         FDRE (Prop_fdre_C_Q)         0.518     3.464 f  tme_bd_i/tme_top_0/inst/grp_correlation_core_fu_1779/overlap_reg_20667_reg[15]/Q
                         net (fo=427, routed)         6.370     9.834    tme_bd_i/tme_top_0/inst/grp_correlation_core_fu_1779/overlap_reg_20667[15]
    SLICE_X79Y32         LUT2 (Prop_lut2_I1_O)        0.124     9.958 r  tme_bd_i/tme_top_0/inst/grp_correlation_core_fu_1779/icmp_ln169_40_reg_22216[0]_i_9/O
                         net (fo=1, routed)           0.000     9.958    tme_bd_i/tme_top_0/inst/grp_correlation_core_fu_1779/icmp_ln169_40_reg_22216[0]_i_9_n_2
    SLICE_X79Y32         CARRY4 (Prop_carry4_S[3]_CO[3])
                                                      0.401    10.359 r  tme_bd_i/tme_top_0/inst/grp_correlation_core_fu_1779/icmp_ln169_40_reg_22216_reg[0]_i_2/CO[3]
                         net (fo=1, routed)           0.000    10.359    tme_bd_i/tme_top_0/inst/grp_correlation_core_fu_1779/icmp_ln169_40_reg_22216_reg[0]_i_2_n_2
    SLICE_X79Y33         CARRY4 (Prop_carry4_CI_CO[0])
                                                      0.271    10.630 r  tme_bd_i/tme_top_0/inst/grp_correlation_core_fu_1779/icmp_ln169_40_reg_22216_reg[0]_i_1/CO[0]
                         net (fo=1, routed)           0.000    10.630    tme_bd_i/tme_top_0/inst/grp_correlation_core_fu_1779/icmp_ln169_40_fu_9790_p2[0]
    SLICE_X79Y33         FDRE                                         r  tme_bd_i/tme_top_0/inst/grp_correlation_core_fu_1779/icmp_ln169_40_reg_22216_reg[0]/D
  -------------------------------------------------------------------    -------------------

                         (clock clk_fpga_0 rise edge)
                                                      8.000     8.000 r  
    PS7_X0Y0             PS7                          0.000     8.000 r  tme_bd_i/processing_system7_0/inst/PS7_i/FCLKCLK[0]
                         net (fo=1, routed)           1.088     9.088    tme_bd_i/processing_system7_0/inst/FCLK_CLK_unbuffered[0]
    BUFGCTRL_X0Y16       BUFG (Prop_bufg_I_O)         0.091     9.179 r  tme_bd_i/processing_system7_0/inst/buffer_fclk_clk_0.FCLK_CLK_0_BUFG/O
                         net (fo=25602, routed)       1.554    10.733    tme_bd_i/tme_top_0/inst/grp_correlation_core_fu_1779/ap_clk
    SLICE_X79Y33         FDRE                                         r  tme_bd_i/tme_top_0/inst/grp_correlation_core_fu_1779/icmp_ln169_40_reg_22216_reg[0]/C
                         clock pessimism              0.115    10.848    
                         clock uncertainty           -0.125    10.723    
    SLICE_X79Y33         FDRE (Setup_fdre_C_D)        0.046    10.769    tme_bd_i/tme_top_0/inst/grp_correlation_core_fu_1779/icmp_ln169_40_reg_22216_reg[0]
  -------------------------------------------------------------------
                         required time                         10.769    
                         arrival time                         -10.630    
  -------------------------------------------------------------------
                         slack                                  0.139    

Slack (MET) :             0.147ns  (required time - arrival time)
  Source:                 tme_bd_i/tme_top_0/inst/templ_buf_U/ram_reg_0_1/CLKBWRCLK
                            (rising edge-triggered cell RAMB36E1 clocked by clk_fpga_0  {rise@0.000ns fall@4.000ns period=8.000ns})
  Destination:            tme_bd_i/tme_top_0/inst/grp_tme_top_Pipeline_VITIS_LOOP_181_3_fu_1446/t_row_8_fu_1740_reg[1]/D
                            (rising edge-triggered cell FDRE clocked by clk_fpga_0  {rise@0.000ns fall@4.000ns period=8.000ns})
  Path Group:             clk_fpga_0
  Path Type:              Setup (Max at Slow Process Corner)
  Requirement:            8.000ns  (clk_fpga_0 rise@8.000ns - clk_fpga_0 rise@0.000ns)
  Data Path Delay:        7.403ns  (logic 2.454ns (33.150%)  route 4.949ns (66.851%))
  Logic Levels:           0  
  Clock Path Skew:        -0.258ns (DCD - SCD + CPR)
    Destination Clock Delay (DCD):    2.718ns = ( 10.718 - 8.000 ) 
    Source Clock Delay      (SCD):    3.090ns
    Clock Pessimism Removal (CPR):    0.115ns
  Clock Uncertainty:      0.125ns  ((TSJ^2 + TIJ^2)^1/2 + DJ) / 2 + PE
    Total System Jitter     (TSJ):    0.071ns
    Total Input Jitter      (TIJ):    0.240ns
    Discrete Jitter          (DJ):    0.000ns
    Phase Error              (PE):    0.000ns

    Location             Delay type                Incr(ns)  Path(ns)    Netlist Resource(s)
  -------------------------------------------------------------------    -------------------
                         (clock clk_fpga_0 rise edge)
                                                      0.000     0.000 r  
    PS7_X0Y0             PS7                          0.000     0.000 r  tme_bd_i/processing_system7_0/inst/PS7_i/FCLKCLK[0]
                         net (fo=1, routed)           1.193     1.193    tme_bd_i/processing_system7_0/inst/FCLK_CLK_unbuffered[0]
    BUFGCTRL_X0Y16       BUFG (Prop_bufg_I_O)         0.101     1.294 r  tme_bd_i/processing_system7_0/inst/buffer_fclk_clk_0.FCLK_CLK_0_BUFG/O
                         net (fo=25602, routed)       1.796     3.090    tme_bd_i/tme_top_0/inst/templ_buf_U/ap_clk
    RAMB36_X1Y0          RAMB36E1                                     r  tme_bd_i/tme_top_0/inst/templ_buf_U/ram_reg_0_1/CLKBWRCLK
  -------------------------------------------------------------------    -------------------
    RAMB36_X1Y0          RAMB36E1 (Prop_ramb36e1_CLKBWRCLK_DOBDO[0])
                                                      2.454     5.544 r  tme_bd_i/tme_top_0/inst/templ_buf_U/ram_reg_0_1/DOBDO[0]
                         net (fo=216, routed)         4.949    10.493    tme_bd_i/tme_top_0/inst/grp_tme_top_Pipeline_VITIS_LOOP_181_3_fu_1446/q0[1]
    SLICE_X67Y89         FDRE                                         r  tme_bd_i/tme_top_0/inst/grp_tme_top_Pipeline_VITIS_LOOP_181_3_fu_1446/t_row_8_fu_1740_reg[1]/D
  -------------------------------------------------------------------    -------------------

                         (clock clk_fpga_0 rise edge)
                                                      8.000     8.000 r  
    PS7_X0Y0             PS7                          0.000     8.000 r  tme_bd_i/processing_system7_0/inst/PS7_i/FCLKCLK[0]
                         net (fo=1, routed)           1.088     9.088    tme_bd_i/processing_system7_0/inst/FCLK_CLK_unbuffered[0]
    BUFGCTRL_X0Y16       BUFG (Prop_bufg_I_O)         0.091     9.179 r  tme_bd_i/processing_system7_0/inst/buffer_fclk_clk_0.FCLK_CLK_0_BUFG/O
                         net (fo=25602, routed)       1.539    10.718    tme_bd_i/tme_top_0/inst/grp_tme_top_Pipeline_VITIS_LOOP_181_3_fu_1446/ap_clk
    SLICE_X67Y89         FDRE                                         r  tme_bd_i/tme_top_0/inst/grp_tme_top_Pipeline_VITIS_LOOP_181_3_fu_1446/t_row_8_fu_1740_reg[1]/C
                         clock pessimism              0.115    10.833    
                         clock uncertainty           -0.125    10.708    
    SLICE_X67Y89         FDRE (Setup_fdre_C_D)       -0.067    10.641    tme_bd_i/tme_top_0/inst/grp_tme_top_Pipeline_VITIS_LOOP_181_3_fu_1446/t_row_8_fu_1740_reg[1]
  -------------------------------------------------------------------
                         required time                         10.641    
                         arrival time                         -10.493    
  -------------------------------------------------------------------
                         slack                                  0.147    

Slack (MET) :             0.168ns  (required time - arrival time)
  Source:                 tme_bd_i/tme_top_0/inst/templ_buf_U/ram_reg_0_1/CLKBWRCLK
                            (rising edge-triggered cell RAMB36E1 clocked by clk_fpga_0  {rise@0.000ns fall@4.000ns period=8.000ns})
  Destination:            tme_bd_i/tme_top_0/inst/grp_tme_top_Pipeline_VITIS_LOOP_181_3_fu_1446/t_row_75_fu_1472_reg[1]/D
                            (rising edge-triggered cell FDRE clocked by clk_fpga_0  {rise@0.000ns fall@4.000ns period=8.000ns})
  Path Group:             clk_fpga_0
  Path Type:              Setup (Max at Slow Process Corner)
  Requirement:            8.000ns  (clk_fpga_0 rise@8.000ns - clk_fpga_0 rise@0.000ns)
  Data Path Delay:        7.415ns  (logic 2.454ns (33.095%)  route 4.961ns (66.905%))
  Logic Levels:           0  
  Clock Path Skew:        -0.261ns (DCD - SCD + CPR)
    Destination Clock Delay (DCD):    2.715ns = ( 10.715 - 8.000 ) 
    Source Clock Delay      (SCD):    3.090ns
    Clock Pessimism Removal (CPR):    0.115ns
  Clock Uncertainty:      0.125ns  ((TSJ^2 + TIJ^2)^1/2 + DJ) / 2 + PE
    Total System Jitter     (TSJ):    0.071ns
    Total Input Jitter      (TIJ):    0.240ns
    Discrete Jitter          (DJ):    0.000ns
    Phase Error              (PE):    0.000ns

    Location             Delay type                Incr(ns)  Path(ns)    Netlist Resource(s)
  -------------------------------------------------------------------    -------------------
                         (clock clk_fpga_0 rise edge)
                                                      0.000     0.000 r  
    PS7_X0Y0             PS7                          0.000     0.000 r  tme_bd_i/processing_system7_0/inst/PS7_i/FCLKCLK[0]
                         net (fo=1, routed)           1.193     1.193    tme_bd_i/processing_system7_0/inst/FCLK_CLK_unbuffered[0]
    BUFGCTRL_X0Y16       BUFG (Prop_bufg_I_O)         0.101     1.294 r  tme_bd_i/processing_system7_0/inst/buffer_fclk_clk_0.FCLK_CLK_0_BUFG/O
                         net (fo=25602, routed)       1.796     3.090    tme_bd_i/tme_top_0/inst/templ_buf_U/ap_clk
    RAMB36_X1Y0          RAMB36E1                                     r  tme_bd_i/tme_top_0/inst/templ_buf_U/ram_reg_0_1/CLKBWRCLK
  -------------------------------------------------------------------    -------------------
    RAMB36_X1Y0          RAMB36E1 (Prop_ramb36e1_CLKBWRCLK_DOBDO[0])
                                                      2.454     5.544 r  tme_bd_i/tme_top_0/inst/templ_buf_U/ram_reg_0_1/DOBDO[0]
                         net (fo=216, routed)         4.961    10.505    tme_bd_i/tme_top_0/inst/grp_tme_top_Pipeline_VITIS_LOOP_181_3_fu_1446/q0[1]
    SLICE_X58Y92         FDRE                                         r  tme_bd_i/tme_top_0/inst/grp_tme_top_Pipeline_VITIS_LOOP_181_3_fu_1446/t_row_75_fu_1472_reg[1]/D
  -------------------------------------------------------------------    -------------------

                         (clock clk_fpga_0 rise edge)
                                                      8.000     8.000 r  
    PS7_X0Y0             PS7                          0.000     8.000 r  tme_bd_i/processing_system7_0/inst/PS7_i/FCLKCLK[0]
                         net (fo=1, routed)           1.088     9.088    tme_bd_i/processing_system7_0/inst/FCLK_CLK_unbuffered[0]
    BUFGCTRL_X0Y16       BUFG (Prop_bufg_I_O)         0.091     9.179 r  tme_bd_i/processing_system7_0/inst/buffer_fclk_clk_0.FCLK_CLK_0_BUFG/O
                         net (fo=25602, routed)       1.536    10.715    tme_bd_i/tme_top_0/inst/grp_tme_top_Pipeline_VITIS_LOOP_181_3_fu_1446/ap_clk
    SLICE_X58Y92         FDRE                                         r  tme_bd_i/tme_top_0/inst/grp_tme_top_Pipeline_VITIS_LOOP_181_3_fu_1446/t_row_75_fu_1472_reg[1]/C
                         clock pessimism              0.115    10.830    
                         clock uncertainty           -0.125    10.705    
    SLICE_X58Y92         FDRE (Setup_fdre_C_D)       -0.031    10.674    tme_bd_i/tme_top_0/inst/grp_tme_top_Pipeline_VITIS_LOOP_181_3_fu_1446/t_row_75_fu_1472_reg[1]
  -------------------------------------------------------------------
                         required time                         10.674    
                         arrival time                         -10.505    
  -------------------------------------------------------------------
                         slack                                  0.168    

Slack (MET) :             0.169ns  (required time - arrival time)
  Source:                 tme_bd_i/tme_top_0/inst/templ_buf_U/ram_reg_0_5/CLKBWRCLK
                            (rising edge-triggered cell RAMB36E1 clocked by clk_fpga_0  {rise@0.000ns fall@4.000ns period=8.000ns})
  Destination:            tme_bd_i/tme_top_0/inst/grp_tme_top_Pipeline_VITIS_LOOP_181_3_fu_1446/t_row_4_fu_1756_reg[5]/D
                            (rising edge-triggered cell FDRE clocked by clk_fpga_0  {rise@0.000ns fall@4.000ns period=8.000ns})
  Path Group:             clk_fpga_0
  Path Type:              Setup (Max at Slow Process Corner)
  Requirement:            8.000ns  (clk_fpga_0 rise@8.000ns - clk_fpga_0 rise@0.000ns)
  Data Path Delay:        7.326ns  (logic 2.454ns (33.499%)  route 4.872ns (66.501%))
  Logic Levels:           0  
  Clock Path Skew:        -0.323ns (DCD - SCD + CPR)
    Destination Clock Delay (DCD):    2.650ns = ( 10.650 - 8.000 ) 
    Source Clock Delay      (SCD):    3.087ns
    Clock Pessimism Removal (CPR):    0.115ns
  Clock Uncertainty:      0.125ns  ((TSJ^2 + TIJ^2)^1/2 + DJ) / 2 + PE
    Total System Jitter     (TSJ):    0.071ns
    Total Input Jitter      (TIJ):    0.240ns
    Discrete Jitter          (DJ):    0.000ns
    Phase Error              (PE):    0.000ns

    Location             Delay type                Incr(ns)  Path(ns)    Netlist Resource(s)
  -------------------------------------------------------------------    -------------------
                         (clock clk_fpga_0 rise edge)
                                                      0.000     0.000 r  
    PS7_X0Y0             PS7                          0.000     0.000 r  tme_bd_i/processing_system7_0/inst/PS7_i/FCLKCLK[0]
                         net (fo=1, routed)           1.193     1.193    tme_bd_i/processing_system7_0/inst/FCLK_CLK_unbuffered[0]
    BUFGCTRL_X0Y16       BUFG (Prop_bufg_I_O)         0.101     1.294 r  tme_bd_i/processing_system7_0/inst/buffer_fclk_clk_0.FCLK_CLK_0_BUFG/O
                         net (fo=25602, routed)       1.793     3.087    tme_bd_i/tme_top_0/inst/templ_buf_U/ap_clk
    RAMB36_X0Y7          RAMB36E1                                     r  tme_bd_i/tme_top_0/inst/templ_buf_U/ram_reg_0_5/CLKBWRCLK
  -------------------------------------------------------------------    -------------------
    RAMB36_X0Y7          RAMB36E1 (Prop_ramb36e1_CLKBWRCLK_DOBDO[0])
                                                      2.454     5.541 r  tme_bd_i/tme_top_0/inst/templ_buf_U/ram_reg_0_5/DOBDO[0]
                         net (fo=216, routed)         4.872    10.413    tme_bd_i/tme_top_0/inst/grp_tme_top_Pipeline_VITIS_LOOP_181_3_fu_1446/q0[5]
    SLICE_X43Y82         FDRE                                         r  tme_bd_i/tme_top_0/inst/grp_tme_top_Pipeline_VITIS_LOOP_181_3_fu_1446/t_row_4_fu_1756_reg[5]/D
  -------------------------------------------------------------------    -------------------

                         (clock clk_fpga_0 rise edge)
                                                      8.000     8.000 r  
    PS7_X0Y0             PS7                          0.000     8.000 r  tme_bd_i/processing_system7_0/inst/PS7_i/FCLKCLK[0]
                         net (fo=1, routed)           1.088     9.088    tme_bd_i/processing_system7_0/inst/FCLK_CLK_unbuffered[0]
    BUFGCTRL_X0Y16       BUFG (Prop_bufg_I_O)         0.091     9.179 r  tme_bd_i/processing_system7_0/inst/buffer_fclk_clk_0.FCLK_CLK_0_BUFG/O
                         net (fo=25602, routed)       1.471    10.650    tme_bd_i/tme_top_0/inst/grp_tme_top_Pipeline_VITIS_LOOP_181_3_fu_1446/ap_clk
    SLICE_X43Y82         FDRE                                         r  tme_bd_i/tme_top_0/inst/grp_tme_top_Pipeline_VITIS_LOOP_181_3_fu_1446/t_row_4_fu_1756_reg[5]/C
                         clock pessimism              0.115    10.765    
                         clock uncertainty           -0.125    10.640    
    SLICE_X43Y82         FDRE (Setup_fdre_C_D)       -0.058    10.582    tme_bd_i/tme_top_0/inst/grp_tme_top_Pipeline_VITIS_LOOP_181_3_fu_1446/t_row_4_fu_1756_reg[5]
  -------------------------------------------------------------------
                         required time                         10.582    
                         arrival time                         -10.413    
  -------------------------------------------------------------------
                         slack                                  0.169    





Min Delay Paths
--------------------------------------------------------------------------------------
Slack (MET) :             0.012ns  (arrival time - required time)
  Source:                 tme_bd_i/smartconnect_lite/inst/s00_entry_pipeline/s00_mmu/inst/ar_reg_stall/skid_buffer_reg[1033]/C
                            (rising edge-triggered cell FDRE clocked by clk_fpga_0  {rise@0.000ns fall@4.000ns period=8.000ns})
  Destination:            tme_bd_i/smartconnect_lite/inst/s00_entry_pipeline/s00_mmu/inst/ar_reg_stall/m_vector_i_reg[1033]/D
                            (rising edge-triggered cell FDRE clocked by clk_fpga_0  {rise@0.000ns fall@4.000ns period=8.000ns})
  Path Group:             clk_fpga_0
  Path Type:              Hold (Min at Fast Process Corner)
  Requirement:            0.000ns  (clk_fpga_0 rise@0.000ns - clk_fpga_0 rise@0.000ns)
  Data Path Delay:        0.454ns  (logic 0.226ns (49.803%)  route 0.228ns (50.197%))
  Logic Levels:           1  (LUT3=1)
  Clock Path Skew:        0.349ns (DCD - SCD - CPR)
    Destination Clock Delay (DCD):    1.297ns
    Source Clock Delay      (SCD):    0.913ns
    Clock Pessimism Removal (CPR):    0.035ns

    Location             Delay type                Incr(ns)  Path(ns)    Netlist Resource(s)
  -------------------------------------------------------------------    -------------------
                         (clock clk_fpga_0 rise edge)
                                                      0.000     0.000 r  
    PS7_X0Y0             PS7                          0.000     0.000 r  tme_bd_i/processing_system7_0/inst/PS7_i/FCLKCLK[0]
                         net (fo=1, routed)           0.310     0.310    tme_bd_i/processing_system7_0/inst/FCLK_CLK_unbuffered[0]
    BUFGCTRL_X0Y16       BUFG (Prop_bufg_I_O)         0.026     0.336 r  tme_bd_i/processing_system7_0/inst/buffer_fclk_clk_0.FCLK_CLK_0_BUFG/O
                         net (fo=25602, routed)       0.577     0.913    tme_bd_i/smartconnect_lite/inst/s00_entry_pipeline/s00_mmu/inst/ar_reg_stall/aclk
    SLICE_X28Y99         FDRE                                         r  tme_bd_i/smartconnect_lite/inst/s00_entry_pipeline/s00_mmu/inst/ar_reg_stall/skid_buffer_reg[1033]/C
  -------------------------------------------------------------------    -------------------
    SLICE_X28Y99         FDRE (Prop_fdre_C_Q)         0.128     1.041 r  tme_bd_i/smartconnect_lite/inst/s00_entry_pipeline/s00_mmu/inst/ar_reg_stall/skid_buffer_reg[1033]/Q
                         net (fo=1, routed)           0.228     1.268    tme_bd_i/smartconnect_lite/inst/s00_entry_pipeline/s00_mmu/inst/ar_reg_stall/skid_buffer_reg_n_0_[1033]
    SLICE_X28Y100        LUT3 (Prop_lut3_I0_O)        0.098     1.366 r  tme_bd_i/smartconnect_lite/inst/s00_entry_pipeline/s00_mmu/inst/ar_reg_stall/m_vector_i[1033]_i_1/O
                         net (fo=1, routed)           0.000     1.366    tme_bd_i/smartconnect_lite/inst/s00_entry_pipeline/s00_mmu/inst/ar_reg_stall/m_vector_i[1033]_i_1_n_0
    SLICE_X28Y100        FDRE                                         r  tme_bd_i/smartconnect_lite/inst/s00_entry_pipeline/s00_mmu/inst/ar_reg_stall/m_vector_i_reg[1033]/D
  -------------------------------------------------------------------    -------------------

                         (clock clk_fpga_0 rise edge)
                                                      0.000     0.000 r  
    PS7_X0Y0             PS7                          0.000     0.000 r  tme_bd_i/processing_system7_0/inst/PS7_i/FCLKCLK[0]
                         net (fo=1, routed)           0.337     0.337    tme_bd_i/processing_system7_0/inst/FCLK_CLK_unbuffered[0]
    BUFGCTRL_X0Y16       BUFG (Prop_bufg_I_O)         0.029     0.366 r  tme_bd_i/processing_system7_0/inst/buffer_fclk_clk_0.FCLK_CLK_0_BUFG/O
                         net (fo=25602, routed)       0.931     1.297    tme_bd_i/smartconnect_lite/inst/s00_entry_pipeline/s00_mmu/inst/ar_reg_stall/aclk
    SLICE_X28Y100        FDRE                                         r  tme_bd_i/smartconnect_lite/inst/s00_entry_pipeline/s00_mmu/inst/ar_reg_stall/m_vector_i_reg[1033]/C
                         clock pessimism             -0.035     1.262    
    SLICE_X28Y100        FDRE (Hold_fdre_C_D)         0.092     1.354    tme_bd_i/smartconnect_lite/inst/s00_entry_pipeline/s00_mmu/inst/ar_reg_stall/m_vector_i_reg[1033]
  -------------------------------------------------------------------
                         required time                         -1.354    
                         arrival time                           1.366    
  -------------------------------------------------------------------
                         slack                                  0.012    

Slack (MET) :             0.022ns  (arrival time - required time)
  Source:                 tme_bd_i/tme_top_0/inst/grp_correlation_core_fu_1779/grp_correlation_core_Pipeline_load_seg_fu_8234/seg_641_fu_2292_reg[7]/C
                            (rising edge-triggered cell FDRE clocked by clk_fpga_0  {rise@0.000ns fall@4.000ns period=8.000ns})
  Destination:            tme_bd_i/tme_top_0/inst/grp_correlation_core_fu_1779/seg_1088_reg_5772_reg[7]/D
                            (rising edge-triggered cell FDRE clocked by clk_fpga_0  {rise@0.000ns fall@4.000ns period=8.000ns})
  Path Group:             clk_fpga_0
  Path Type:              Hold (Min at Fast Process Corner)
  Requirement:            0.000ns  (clk_fpga_0 rise@0.000ns - clk_fpga_0 rise@0.000ns)
  Data Path Delay:        0.416ns  (logic 0.212ns (50.917%)  route 0.204ns (49.083%))
  Logic Levels:           1  (LUT3=1)
  Clock Path Skew:        0.263ns (DCD - SCD - CPR)
    Destination Clock Delay (DCD):    1.243ns
    Source Clock Delay      (SCD):    0.950ns
    Clock Pessimism Removal (CPR):    0.030ns

    Location             Delay type                Incr(ns)  Path(ns)    Netlist Resource(s)
  -------------------------------------------------------------------    -------------------
                         (clock clk_fpga_0 rise edge)
                                                      0.000     0.000 r  
    PS7_X0Y0             PS7                          0.000     0.000 r  tme_bd_i/processing_system7_0/inst/PS7_i/FCLKCLK[0]
                         net (fo=1, routed)           0.310     0.310    tme_bd_i/processing_system7_0/inst/FCLK_CLK_unbuffered[0]
    BUFGCTRL_X0Y16       BUFG (Prop_bufg_I_O)         0.026     0.336 r  tme_bd_i/processing_system7_0/inst/buffer_fclk_clk_0.FCLK_CLK_0_BUFG/O
                         net (fo=25602, routed)       0.614     0.950    tme_bd_i/tme_top_0/inst/grp_correlation_core_fu_1779/grp_correlation_core_Pipeline_load_seg_fu_8234/ap_clk
    SLICE_X94Y48         FDRE                                         r  tme_bd_i/tme_top_0/inst/grp_correlation_core_fu_1779/grp_correlation_core_Pipeline_load_seg_fu_8234/seg_641_fu_2292_reg[7]/C
  -------------------------------------------------------------------    -------------------
    SLICE_X94Y48         FDRE (Prop_fdre_C_Q)         0.164     1.114 r  tme_bd_i/tme_top_0/inst/grp_correlation_core_fu_1779/grp_correlation_core_Pipeline_load_seg_fu_8234/seg_641_fu_2292_reg[7]/Q
                         net (fo=1, routed)           0.204     1.318    tme_bd_i/tme_top_0/inst/grp_correlation_core_fu_1779/grp_correlation_core_Pipeline_load_seg_fu_8234/grp_correlation_core_Pipeline_load_seg_fu_8234_seg_641_out[7]
    SLICE_X92Y50         LUT3 (Prop_lut3_I0_O)        0.048     1.366 r  tme_bd_i/tme_top_0/inst/grp_correlation_core_fu_1779/grp_correlation_core_Pipeline_load_seg_fu_8234/seg_1088_reg_5772[7]_i_1/O
                         net (fo=1, routed)           0.000     1.366    tme_bd_i/tme_top_0/inst/grp_correlation_core_fu_1779/grp_correlation_core_Pipeline_load_seg_fu_8234_n_725
    SLICE_X92Y50         FDRE                                         r  tme_bd_i/tme_top_0/inst/grp_correlation_core_fu_1779/seg_1088_reg_5772_reg[7]/D
  -------------------------------------------------------------------    -------------------

                         (clock clk_fpga_0 rise edge)
                                                      0.000     0.000 r  
    PS7_X0Y0             PS7                          0.000     0.000 r  tme_bd_i/processing_system7_0/inst/PS7_i/FCLKCLK[0]
                         net (fo=1, routed)           0.337     0.337    tme_bd_i/processing_system7_0/inst/FCLK_CLK_unbuffered[0]
    BUFGCTRL_X0Y16       BUFG (Prop_bufg_I_O)         0.029     0.366 r  tme_bd_i/processing_system7_0/inst/buffer_fclk_clk_0.FCLK_CLK_0_BUFG/O
                         net (fo=25602, routed)       0.877     1.243    tme_bd_i/tme_top_0/inst/grp_correlation_core_fu_1779/ap_clk
    SLICE_X92Y50         FDRE                                         r  tme_bd_i/tme_top_0/inst/grp_correlation_core_fu_1779/seg_1088_reg_5772_reg[7]/C
                         clock pessimism             -0.030     1.213    
    SLICE_X92Y50         FDRE (Hold_fdre_C_D)         0.131     1.344    tme_bd_i/tme_top_0/inst/grp_correlation_core_fu_1779/seg_1088_reg_5772_reg[7]
  -------------------------------------------------------------------
                         required time                         -1.344    
                         arrival time                           1.366    
  -------------------------------------------------------------------
                         slack                                  0.022    

Slack (MET) :             0.026ns  (arrival time - required time)
  Source:                 tme_bd_i/tme_top_0/inst/grp_tme_top_Pipeline_VITIS_LOOP_181_3_fu_1446/add_ln181_reg_7049_reg[4]/C
                            (rising edge-triggered cell FDRE clocked by clk_fpga_0  {rise@0.000ns fall@4.000ns period=8.000ns})
  Destination:            tme_bd_i/tme_top_0/inst/grp_tme_top_Pipeline_VITIS_LOOP_181_3_fu_1446/c_fu_908_reg[4]/D
                            (rising edge-triggered cell FDRE clocked by clk_fpga_0  {rise@0.000ns fall@4.000ns period=8.000ns})
  Path Group:             clk_fpga_0
  Path Type:              Hold (Min at Fast Process Corner)
  Requirement:            0.000ns  (clk_fpga_0 rise@0.000ns - clk_fpga_0 rise@0.000ns)
  Data Path Delay:        0.281ns  (logic 0.164ns (58.272%)  route 0.117ns (41.728%))
  Logic Levels:           0  
  Clock Path Skew:        0.184ns (DCD - SCD - CPR)
    Destination Clock Delay (DCD):    1.214ns
    Source Clock Delay      (SCD):    0.995ns
    Clock Pessimism Removal (CPR):    0.035ns

    Location             Delay type                Incr(ns)  Path(ns)    Netlist Resource(s)
  -------------------------------------------------------------------    -------------------
                         (clock clk_fpga_0 rise edge)
                                                      0.000     0.000 r  
    PS7_X0Y0             PS7                          0.000     0.000 r  tme_bd_i/processing_system7_0/inst/PS7_i/FCLKCLK[0]
                         net (fo=1, routed)           0.310     0.310    tme_bd_i/processing_system7_0/inst/FCLK_CLK_unbuffered[0]
    BUFGCTRL_X0Y16       BUFG (Prop_bufg_I_O)         0.026     0.336 r  tme_bd_i/processing_system7_0/inst/buffer_fclk_clk_0.FCLK_CLK_0_BUFG/O
                         net (fo=25602, routed)       0.659     0.995    tme_bd_i/tme_top_0/inst/grp_tme_top_Pipeline_VITIS_LOOP_181_3_fu_1446/ap_clk
    SLICE_X54Y100        FDRE                                         r  tme_bd_i/tme_top_0/inst/grp_tme_top_Pipeline_VITIS_LOOP_181_3_fu_1446/add_ln181_reg_7049_reg[4]/C
  -------------------------------------------------------------------    -------------------
    SLICE_X54Y100        FDRE (Prop_fdre_C_Q)         0.164     1.159 r  tme_bd_i/tme_top_0/inst/grp_tme_top_Pipeline_VITIS_LOOP_181_3_fu_1446/add_ln181_reg_7049_reg[4]/Q
                         net (fo=1, routed)           0.117     1.276    tme_bd_i/tme_top_0/inst/grp_tme_top_Pipeline_VITIS_LOOP_181_3_fu_1446/add_ln181_reg_7049[4]
    SLICE_X57Y99         FDRE                                         r  tme_bd_i/tme_top_0/inst/grp_tme_top_Pipeline_VITIS_LOOP_181_3_fu_1446/c_fu_908_reg[4]/D
  -------------------------------------------------------------------    -------------------

                         (clock clk_fpga_0 rise edge)
                                                      0.000     0.000 r  
    PS7_X0Y0             PS7                          0.000     0.000 r  tme_bd_i/processing_system7_0/inst/PS7_i/FCLKCLK[0]
                         net (fo=1, routed)           0.337     0.337    tme_bd_i/processing_system7_0/inst/FCLK_CLK_unbuffered[0]
    BUFGCTRL_X0Y16       BUFG (Prop_bufg_I_O)         0.029     0.366 r  tme_bd_i/processing_system7_0/inst/buffer_fclk_clk_0.FCLK_CLK_0_BUFG/O
                         net (fo=25602, routed)       0.848     1.214    tme_bd_i/tme_top_0/inst/grp_tme_top_Pipeline_VITIS_LOOP_181_3_fu_1446/ap_clk
    SLICE_X57Y99         FDRE                                         r  tme_bd_i/tme_top_0/inst/grp_tme_top_Pipeline_VITIS_LOOP_181_3_fu_1446/c_fu_908_reg[4]/C
                         clock pessimism             -0.035     1.179    
    SLICE_X57Y99         FDRE (Hold_fdre_C_D)         0.072     1.251    tme_bd_i/tme_top_0/inst/grp_tme_top_Pipeline_VITIS_LOOP_181_3_fu_1446/c_fu_908_reg[4]
  -------------------------------------------------------------------
                         required time                         -1.251    
                         arrival time                           1.276    
  -------------------------------------------------------------------
                         slack                                  0.026    

Slack (MET) :             0.027ns  (arrival time - required time)
  Source:                 tme_bd_wrapper/tme_bd/tme_bd_tme_top_0_0/tme_bd_tme_top_0_0_tme_top/tme_bd_tme_top_0_0_tme_top_tme_top_Pipeline_norm_cols/tme_bd_tme_top_0_0_tme_top_sitofp_64s_32_7_no_dsp_1/tme_bd_tme_top_0_0_tme_top_sitofp_64s_32_7_no_dsp_1_ip/<hidden>/<hidden>/<hidden>/<hidden>/<hidden>/<hidden>
                            (rising edge-triggered cell FDRE clocked by clk_fpga_0  {rise@0.000ns fall@4.000ns period=8.000ns})
  Destination:            tme_bd_wrapper/tme_bd/tme_bd_tme_top_0_0/tme_bd_tme_top_0_0_tme_top/tme_bd_tme_top_0_0_tme_top_tme_top_Pipeline_norm_cols/tme_bd_tme_top_0_0_tme_top_sitofp_64s_32_7_no_dsp_1/tme_bd_tme_top_0_0_tme_top_sitofp_64s_32_7_no_dsp_1_ip/<hidden>/<hidden>/<hidden>/<hidden>/<hidden>/<hidden>
                            (rising edge-triggered cell FDRE clocked by clk_fpga_0  {rise@0.000ns fall@4.000ns period=8.000ns})
  Path Group:             clk_fpga_0
  Path Type:              Hold (Min at Fast Process Corner)
  Requirement:            0.000ns  (clk_fpga_0 rise@0.000ns - clk_fpga_0 rise@0.000ns)
  Data Path Delay:        0.387ns  (logic 0.186ns (48.109%)  route 0.201ns (51.891%))
  Logic Levels:           1  (LUT6=1)
  Clock Path Skew:        0.267ns (DCD - SCD - CPR)
    Destination Clock Delay (DCD):    1.272ns
    Source Clock Delay      (SCD):    0.966ns
    Clock Pessimism Removal (CPR):    0.039ns

    Location             Delay type                Incr(ns)  Path(ns)    Netlist Resource(s)
  -------------------------------------------------------------------    -------------------
                         (clock clk_fpga_0 rise edge)
                                                      0.000     0.000 r  
    PS7_X0Y0             PS7                          0.000     0.000 r  tme_bd_i/processing_system7_0/inst/PS7_i/FCLKCLK[0]
                         net (fo=1, routed)           0.310     0.310    tme_bd_i/processing_system7_0/inst/FCLK_CLK_unbuffered[0]
    BUFGCTRL_X0Y16       BUFG (Prop_bufg_I_O)         0.026     0.336 r  tme_bd_i/processing_system7_0/inst/buffer_fclk_clk_0.FCLK_CLK_0_BUFG/O
                         net (fo=25602, routed)       0.630     0.966    tme_bd_wrapper/tme_bd/tme_bd_tme_top_0_0/tme_bd_tme_top_0_0_tme_top/tme_bd_tme_top_0_0_tme_top_tme_top_Pipeline_norm_cols/tme_bd_tme_top_0_0_tme_top_sitofp_64s_32_7_no_dsp_1/tme_bd_tme_top_0_0_tme_top_sitofp_64s_32_7_no_dsp_1_ip/<hidden>/<hidden>/<hidden>/<hidden>/<hidden>/<hidden>
    SLICE_X53Y113        FDRE                                         r  tme_bd_wrapper/tme_bd/tme_bd_tme_top_0_0/tme_bd_tme_top_0_0_tme_top/tme_bd_tme_top_0_0_tme_top_tme_top_Pipeline_norm_cols/tme_bd_tme_top_0_0_tme_top_sitofp_64s_32_7_no_dsp_1/tme_bd_tme_top_0_0_tme_top_sitofp_64s_32_7_no_dsp_1_ip/<hidden>/<hidden>/<hidden>/<hidden>/<hidden>/<hidden>
  -------------------------------------------------------------------    -------------------
    SLICE_X53Y113        FDRE (Prop_fdre_C_Q)         0.141     1.107 r  tme_bd_wrapper/tme_bd/tme_bd_tme_top_0_0/tme_bd_tme_top_0_0_tme_top/tme_bd_tme_top_0_0_tme_top_tme_top_Pipeline_norm_cols/tme_bd_tme_top_0_0_tme_top_sitofp_64s_32_7_no_dsp_1/tme_bd_tme_top_0_0_tme_top_sitofp_64s_32_7_no_dsp_1_ip/<hidden>/<hidden>/<hidden>/<hidden>/<hidden>/<hidden>
                         net (fo=4, routed)           0.201     1.308    tme_bd_wrapper/tme_bd/tme_bd_tme_top_0_0/tme_bd_tme_top_0_0_tme_top/tme_bd_tme_top_0_0_tme_top_tme_top_Pipeline_norm_cols/tme_bd_tme_top_0_0_tme_top_sitofp_64s_32_7_no_dsp_1/tme_bd_tme_top_0_0_tme_top_sitofp_64s_32_7_no_dsp_1_ip/<hidden>/<hidden>/<hidden>/<hidden>/<hidden>/<hidden>
    SLICE_X49Y112        LUT6 (Prop_lut6_I5_O)        0.045     1.353 r  tme_bd_wrapper/tme_bd/tme_bd_tme_top_0_0/tme_bd_tme_top_0_0_tme_top/tme_bd_tme_top_0_0_tme_top_tme_top_Pipeline_norm_cols/tme_bd_tme_top_0_0_tme_top_sitofp_64s_32_7_no_dsp_1/tme_bd_tme_top_0_0_tme_top_sitofp_64s_32_7_no_dsp_1_ip/<hidden>/<hidden>/<hidden>/<hidden>/<hidden>/<hidden>
                         net (fo=1, routed)           0.000     1.353    tme_bd_wrapper/tme_bd/tme_bd_tme_top_0_0/tme_bd_tme_top_0_0_tme_top/tme_bd_tme_top_0_0_tme_top_tme_top_Pipeline_norm_cols/tme_bd_tme_top_0_0_tme_top_sitofp_64s_32_7_no_dsp_1/tme_bd_tme_top_0_0_tme_top_sitofp_64s_32_7_no_dsp_1_ip/<hidden>/<hidden>/<hidden>/<hidden>/<hidden>/<hidden>
    SLICE_X49Y112        FDRE                                         r  tme_bd_wrapper/tme_bd/tme_bd_tme_top_0_0/tme_bd_tme_top_0_0_tme_top/tme_bd_tme_top_0_0_tme_top_tme_top_Pipeline_norm_cols/tme_bd_tme_top_0_0_tme_top_sitofp_64s_32_7_no_dsp_1/tme_bd_tme_top_0_0_tme_top_sitofp_64s_32_7_no_dsp_1_ip/<hidden>/<hidden>/<hidden>/<hidden>/<hidden>/<hidden>
  -------------------------------------------------------------------    -------------------

                         (clock clk_fpga_0 rise edge)
                                                      0.000     0.000 r  
    PS7_X0Y0             PS7                          0.000     0.000 r  tme_bd_i/processing_system7_0/inst/PS7_i/FCLKCLK[0]
                         net (fo=1, routed)           0.337     0.337    tme_bd_i/processing_system7_0/inst/FCLK_CLK_unbuffered[0]
    BUFGCTRL_X0Y16       BUFG (Prop_bufg_I_O)         0.029     0.366 r  tme_bd_i/processing_system7_0/inst/buffer_fclk_clk_0.FCLK_CLK_0_BUFG/O
                         net (fo=25602, routed)       0.906     1.272    tme_bd_wrapper/tme_bd/tme_bd_tme_top_0_0/tme_bd_tme_top_0_0_tme_top/tme_bd_tme_top_0_0_tme_top_tme_top_Pipeline_norm_cols/tme_bd_tme_top_0_0_tme_top_sitofp_64s_32_7_no_dsp_1/tme_bd_tme_top_0_0_tme_top_sitofp_64s_32_7_no_dsp_1_ip/<hidden>/<hidden>/<hidden>/<hidden>/<hidden>/<hidden>
    SLICE_X49Y112        FDRE                                         r  tme_bd_wrapper/tme_bd/tme_bd_tme_top_0_0/tme_bd_tme_top_0_0_tme_top/tme_bd_tme_top_0_0_tme_top_tme_top_Pipeline_norm_cols/tme_bd_tme_top_0_0_tme_top_sitofp_64s_32_7_no_dsp_1/tme_bd_tme_top_0_0_tme_top_sitofp_64s_32_7_no_dsp_1_ip/<hidden>/<hidden>/<hidden>/<hidden>/<hidden>/<hidden>
                         clock pessimism             -0.039     1.233    
    SLICE_X49Y112        FDRE (Hold_fdre_C_D)         0.092     1.325    tme_bd_wrapper/tme_bd/tme_bd_tme_top_0_0/tme_bd_tme_top_0_0_tme_top/tme_bd_tme_top_0_0_tme_top_tme_top_Pipeline_norm_cols/tme_bd_tme_top_0_0_tme_top_sitofp_64s_32_7_no_dsp_1/tme_bd_tme_top_0_0_tme_top_sitofp_64s_32_7_no_dsp_1_ip/<hidden>/<hidden>/<hidden>/<hidden>/<hidden>/<hidden>
  -------------------------------------------------------------------
                         required time                         -1.325    
                         arrival time                           1.353    
  -------------------------------------------------------------------
                         slack                                  0.027    

Slack (MET) :             0.028ns  (arrival time - required time)
  Source:                 tme_bd_i/tme_top_0/inst/grp_tme_top_Pipeline_VITIS_LOOP_181_3_fu_1446/add_ln181_reg_7049_reg[3]/C
                            (rising edge-triggered cell FDRE clocked by clk_fpga_0  {rise@0.000ns fall@4.000ns period=8.000ns})
  Destination:            tme_bd_i/tme_top_0/inst/grp_tme_top_Pipeline_VITIS_LOOP_181_3_fu_1446/c_fu_908_reg[3]/D
                            (rising edge-triggered cell FDRE clocked by clk_fpga_0  {rise@0.000ns fall@4.000ns period=8.000ns})
  Path Group:             clk_fpga_0
  Path Type:              Hold (Min at Fast Process Corner)
  Requirement:            0.000ns  (clk_fpga_0 rise@0.000ns - clk_fpga_0 rise@0.000ns)
  Data Path Delay:        0.281ns  (logic 0.164ns (58.272%)  route 0.117ns (41.728%))
  Logic Levels:           0  
  Clock Path Skew:        0.184ns (DCD - SCD - CPR)
    Destination Clock Delay (DCD):    1.214ns
    Source Clock Delay      (SCD):    0.995ns
    Clock Pessimism Removal (CPR):    0.035ns

    Location             Delay type                Incr(ns)  Path(ns)    Netlist Resource(s)
  -------------------------------------------------------------------    -------------------
                         (clock clk_fpga_0 rise edge)
                                                      0.000     0.000 r  
    PS7_X0Y0             PS7                          0.000     0.000 r  tme_bd_i/processing_system7_0/inst/PS7_i/FCLKCLK[0]
                         net (fo=1, routed)           0.310     0.310    tme_bd_i/processing_system7_0/inst/FCLK_CLK_unbuffered[0]
    BUFGCTRL_X0Y16       BUFG (Prop_bufg_I_O)         0.026     0.336 r  tme_bd_i/processing_system7_0/inst/buffer_fclk_clk_0.FCLK_CLK_0_BUFG/O
                         net (fo=25602, routed)       0.659     0.995    tme_bd_i/tme_top_0/inst/grp_tme_top_Pipeline_VITIS_LOOP_181_3_fu_1446/ap_clk
    SLICE_X54Y100        FDRE                                         r  tme_bd_i/tme_top_0/inst/grp_tme_top_Pipeline_VITIS_LOOP_181_3_fu_1446/add_ln181_reg_7049_reg[3]/C
  -------------------------------------------------------------------    -------------------
    SLICE_X54Y100        FDRE (Prop_fdre_C_Q)         0.164     1.159 r  tme_bd_i/tme_top_0/inst/grp_tme_top_Pipeline_VITIS_LOOP_181_3_fu_1446/add_ln181_reg_7049_reg[3]/Q
                         net (fo=1, routed)           0.117     1.276    tme_bd_i/tme_top_0/inst/grp_tme_top_Pipeline_VITIS_LOOP_181_3_fu_1446/add_ln181_reg_7049[3]
    SLICE_X57Y99         FDRE                                         r  tme_bd_i/tme_top_0/inst/grp_tme_top_Pipeline_VITIS_LOOP_181_3_fu_1446/c_fu_908_reg[3]/D
  -------------------------------------------------------------------    -------------------

                         (clock clk_fpga_0 rise edge)
                                                      0.000     0.000 r  
    PS7_X0Y0             PS7                          0.000     0.000 r  tme_bd_i/processing_system7_0/inst/PS7_i/FCLKCLK[0]
                         net (fo=1, routed)           0.337     0.337    tme_bd_i/processing_system7_0/inst/FCLK_CLK_unbuffered[0]
    BUFGCTRL_X0Y16       BUFG (Prop_bufg_I_O)         0.029     0.366 r  tme_bd_i/processing_system7_0/inst/buffer_fclk_clk_0.FCLK_CLK_0_BUFG/O
                         net (fo=25602, routed)       0.848     1.214    tme_bd_i/tme_top_0/inst/grp_tme_top_Pipeline_VITIS_LOOP_181_3_fu_1446/ap_clk
    SLICE_X57Y99         FDRE                                         r  tme_bd_i/tme_top_0/inst/grp_tme_top_Pipeline_VITIS_LOOP_181_3_fu_1446/c_fu_908_reg[3]/C
                         clock pessimism             -0.035     1.179    
    SLICE_X57Y99         FDRE (Hold_fdre_C_D)         0.070     1.249    tme_bd_i/tme_top_0/inst/grp_tme_top_Pipeline_VITIS_LOOP_181_3_fu_1446/c_fu_908_reg[3]
  -------------------------------------------------------------------
                         required time                         -1.249    
                         arrival time                           1.276    
  -------------------------------------------------------------------
                         slack                                  0.028    

Slack (MET) :             0.028ns  (arrival time - required time)
  Source:                 tme_bd_i/tme_top_0/inst/grp_correlation_core_fu_1779/tme_top_stream_stream_ap_uint_ap_uint_ap_uint_ap_uint_float_ap_uint_ap_uint_253_reg_26445_reg[2]/C
                            (rising edge-triggered cell FDRE clocked by clk_fpga_0  {rise@0.000ns fall@4.000ns period=8.000ns})
  Destination:            tme_bd_i/tme_top_0/inst/grp_correlation_core_fu_1779/add_ln207_5_reg_26450_reg[12]/D
                            (rising edge-triggered cell FDRE clocked by clk_fpga_0  {rise@0.000ns fall@4.000ns period=8.000ns})
  Path Group:             clk_fpga_0
  Path Type:              Hold (Min at Fast Process Corner)
  Requirement:            0.000ns  (clk_fpga_0 rise@0.000ns - clk_fpga_0 rise@0.000ns)
  Data Path Delay:        0.513ns  (logic 0.393ns (76.648%)  route 0.120ns (23.352%))
  Logic Levels:           4  (CARRY4=4)
  Clock Path Skew:        0.350ns (DCD - SCD - CPR)
    Destination Clock Delay (DCD):    1.301ns
    Source Clock Delay      (SCD):    0.916ns
    Clock Pessimism Removal (CPR):    0.035ns

    Location             Delay type                Incr(ns)  Path(ns)    Netlist Resource(s)
  -------------------------------------------------------------------    -------------------
                         (clock clk_fpga_0 rise edge)
                                                      0.000     0.000 r  
    PS7_X0Y0             PS7                          0.000     0.000 r  tme_bd_i/processing_system7_0/inst/PS7_i/FCLKCLK[0]
                         net (fo=1, routed)           0.310     0.310    tme_bd_i/processing_system7_0/inst/FCLK_CLK_unbuffered[0]
    BUFGCTRL_X0Y16       BUFG (Prop_bufg_I_O)         0.026     0.336 r  tme_bd_i/processing_system7_0/inst/buffer_fclk_clk_0.FCLK_CLK_0_BUFG/O
                         net (fo=25602, routed)       0.580     0.916    tme_bd_i/tme_top_0/inst/grp_correlation_core_fu_1779/ap_clk
    SLICE_X63Y98         FDRE                                         r  tme_bd_i/tme_top_0/inst/grp_correlation_core_fu_1779/tme_top_stream_stream_ap_uint_ap_uint_ap_uint_ap_uint_float_ap_uint_ap_uint_253_reg_26445_reg[2]/C
  -------------------------------------------------------------------    -------------------
    SLICE_X63Y98         FDRE (Prop_fdre_C_Q)         0.141     1.057 r  tme_bd_i/tme_top_0/inst/grp_correlation_core_fu_1779/tme_top_stream_stream_ap_uint_ap_uint_ap_uint_ap_uint_float_ap_uint_ap_uint_253_reg_26445_reg[2]/Q
                         net (fo=2, routed)           0.119     1.176    tme_bd_i/tme_top_0/inst/grp_correlation_core_fu_1779/tme_top_stream_stream_ap_uint_ap_uint_ap_uint_ap_uint_float_ap_uint_ap_uint_253_reg_26445[2]
    SLICE_X62Y97         CARRY4 (Prop_carry4_DI[2]_CO[3])
                                                      0.119     1.295 r  tme_bd_i/tme_top_0/inst/grp_correlation_core_fu_1779/add_ln207_5_reg_26450_reg[3]_i_1/CO[3]
                         net (fo=1, routed)           0.000     1.295    tme_bd_i/tme_top_0/inst/grp_correlation_core_fu_1779/add_ln207_5_reg_26450_reg[3]_i_1_n_2
    SLICE_X62Y98         CARRY4 (Prop_carry4_CI_CO[3])
                                                      0.040     1.335 r  tme_bd_i/tme_top_0/inst/grp_correlation_core_fu_1779/add_ln207_5_reg_26450_reg[7]_i_1/CO[3]
                         net (fo=1, routed)           0.000     1.335    tme_bd_i/tme_top_0/inst/grp_correlation_core_fu_1779/add_ln207_5_reg_26450_reg[7]_i_1_n_2
    SLICE_X62Y99         CARRY4 (Prop_carry4_CI_CO[3])
                                                      0.040     1.375 r  tme_bd_i/tme_top_0/inst/grp_correlation_core_fu_1779/add_ln207_5_reg_26450_reg[11]_i_1/CO[3]
                         net (fo=1, routed)           0.001     1.375    tme_bd_i/tme_top_0/inst/grp_correlation_core_fu_1779/add_ln207_5_reg_26450_reg[11]_i_1_n_2
    SLICE_X62Y100        CARRY4 (Prop_carry4_CI_O[0])
                                                      0.053     1.428 r  tme_bd_i/tme_top_0/inst/grp_correlation_core_fu_1779/add_ln207_5_reg_26450_reg[15]_i_1/O[0]
                         net (fo=1, routed)           0.000     1.428    tme_bd_i/tme_top_0/inst/grp_correlation_core_fu_1779/add_ln207_5_fu_14955_p2[12]
    SLICE_X62Y100        FDRE                                         r  tme_bd_i/tme_top_0/inst/grp_correlation_core_fu_1779/add_ln207_5_reg_26450_reg[12]/D
  -------------------------------------------------------------------    -------------------

                         (clock clk_fpga_0 rise edge)
                                                      0.000     0.000 r  
    PS7_X0Y0             PS7                          0.000     0.000 r  tme_bd_i/processing_system7_0/inst/PS7_i/FCLKCLK[0]
                         net (fo=1, routed)           0.337     0.337    tme_bd_i/processing_system7_0/inst/FCLK_CLK_unbuffered[0]
    BUFGCTRL_X0Y16       BUFG (Prop_bufg_I_O)         0.029     0.366 r  tme_bd_i/processing_system7_0/inst/buffer_fclk_clk_0.FCLK_CLK_0_BUFG/O
                         net (fo=25602, routed)       0.935     1.301    tme_bd_i/tme_top_0/inst/grp_correlation_core_fu_1779/ap_clk
    SLICE_X62Y100        FDRE                                         r  tme_bd_i/tme_top_0/inst/grp_correlation_core_fu_1779/add_ln207_5_reg_26450_reg[12]/C
                         clock pessimism             -0.035     1.266    
    SLICE_X62Y100        FDRE (Hold_fdre_C_D)         0.134     1.400    tme_bd_i/tme_top_0/inst/grp_correlation_core_fu_1779/add_ln207_5_reg_26450_reg[12]
  -------------------------------------------------------------------
                         required time                         -1.400    
                         arrival time                           1.428    
  -------------------------------------------------------------------
                         slack                                  0.028    

Slack (MET) :             0.035ns  (arrival time - required time)
  Source:                 tme_bd_i/tme_top_0/inst/grp_correlation_core_fu_1779/add_ln63_reg_20626_reg[11]/C
                            (rising edge-triggered cell FDRE clocked by clk_fpga_0  {rise@0.000ns fall@4.000ns period=8.000ns})
  Destination:            tme_bd_i/tme_top_0/inst/grp_correlation_core_fu_1779/rw_reg_20637_reg[11]/D
                            (rising edge-triggered cell FDRE clocked by clk_fpga_0  {rise@0.000ns fall@4.000ns period=8.000ns})
  Path Group:             clk_fpga_0
  Path Type:              Hold (Min at Fast Process Corner)
  Requirement:            0.000ns  (clk_fpga_0 rise@0.000ns - clk_fpga_0 rise@0.000ns)
  Data Path Delay:        0.430ns  (logic 0.250ns (58.083%)  route 0.180ns (41.917%))
  Logic Levels:           2  (CARRY4=1 LUT2=1)
  Clock Path Skew:        0.261ns (DCD - SCD - CPR)
    Destination Clock Delay (DCD):    1.186ns
    Source Clock Delay      (SCD):    0.890ns
    Clock Pessimism Removal (CPR):    0.035ns

    Location             Delay type                Incr(ns)  Path(ns)    Netlist Resource(s)
  -------------------------------------------------------------------    -------------------
                         (clock clk_fpga_0 rise edge)
                                                      0.000     0.000 r  
    PS7_X0Y0             PS7                          0.000     0.000 r  tme_bd_i/processing_system7_0/inst/PS7_i/FCLKCLK[0]
                         net (fo=1, routed)           0.310     0.310    tme_bd_i/processing_system7_0/inst/FCLK_CLK_unbuffered[0]
    BUFGCTRL_X0Y16       BUFG (Prop_bufg_I_O)         0.026     0.336 r  tme_bd_i/processing_system7_0/inst/buffer_fclk_clk_0.FCLK_CLK_0_BUFG/O
                         net (fo=25602, routed)       0.554     0.890    tme_bd_i/tme_top_0/inst/grp_correlation_core_fu_1779/ap_clk
    SLICE_X49Y92         FDRE                                         r  tme_bd_i/tme_top_0/inst/grp_correlation_core_fu_1779/add_ln63_reg_20626_reg[11]/C
  -------------------------------------------------------------------    -------------------
    SLICE_X49Y92         FDRE (Prop_fdre_C_Q)         0.141     1.031 r  tme_bd_i/tme_top_0/inst/grp_correlation_core_fu_1779/add_ln63_reg_20626_reg[11]/Q
                         net (fo=2, routed)           0.180     1.211    tme_bd_i/tme_top_0/inst/grp_correlation_core_fu_1779/add_ln63_reg_20626[11]
    SLICE_X50Y93         LUT2 (Prop_lut2_I0_O)        0.045     1.256 r  tme_bd_i/tme_top_0/inst/grp_correlation_core_fu_1779/rw_reg_20637[11]_i_2/O
                         net (fo=1, routed)           0.000     1.256    tme_bd_i/tme_top_0/inst/grp_correlation_core_fu_1779/rw_reg_20637[11]_i_2_n_2
    SLICE_X50Y93         CARRY4 (Prop_carry4_S[3]_O[3])
                                                      0.064     1.320 r  tme_bd_i/tme_top_0/inst/grp_correlation_core_fu_1779/rw_reg_20637_reg[11]_i_1/O[3]
                         net (fo=1, routed)           0.000     1.320    tme_bd_i/tme_top_0/inst/grp_correlation_core_fu_1779/rw_fu_9452_p2[11]
    SLICE_X50Y93         FDRE                                         r  tme_bd_i/tme_top_0/inst/grp_correlation_core_fu_1779/rw_reg_20637_reg[11]/D
  -------------------------------------------------------------------    -------------------

                         (clock clk_fpga_0 rise edge)
                                                      0.000     0.000 r  
    PS7_X0Y0             PS7                          0.000     0.000 r  tme_bd_i/processing_system7_0/inst/PS7_i/FCLKCLK[0]
                         net (fo=1, routed)           0.337     0.337    tme_bd_i/processing_system7_0/inst/FCLK_CLK_unbuffered[0]
    BUFGCTRL_X0Y16       BUFG (Prop_bufg_I_O)         0.029     0.366 r  tme_bd_i/processing_system7_0/inst/buffer_fclk_clk_0.FCLK_CLK_0_BUFG/O
                         net (fo=25602, routed)       0.820     1.186    tme_bd_i/tme_top_0/inst/grp_correlation_core_fu_1779/ap_clk
    SLICE_X50Y93         FDRE                                         r  tme_bd_i/tme_top_0/inst/grp_correlation_core_fu_1779/rw_reg_20637_reg[11]/C
                         clock pessimism             -0.035     1.151    
    SLICE_X50Y93         FDRE (Hold_fdre_C_D)         0.134     1.285    tme_bd_i/tme_top_0/inst/grp_correlation_core_fu_1779/rw_reg_20637_reg[11]
  -------------------------------------------------------------------
                         required time                         -1.285    
                         arrival time                           1.320    
  -------------------------------------------------------------------
                         slack                                  0.035    

Slack (MET) :             0.036ns  (arrival time - required time)
  Source:                 tme_bd_wrapper/tme_bd/tme_bd_tme_top_0_0/tme_bd_tme_top_0_0_tme_top/tme_bd_tme_top_0_0_tme_top_tme_top_Pipeline_norm_cols/tme_bd_tme_top_0_0_tme_top_sitofp_64s_32_7_no_dsp_1/tme_bd_tme_top_0_0_tme_top_sitofp_64s_32_7_no_dsp_1_ip/<hidden>/<hidden>/<hidden>/<hidden>/<hidden>/<hidden>
                            (rising edge-triggered cell FDRE clocked by clk_fpga_0  {rise@0.000ns fall@4.000ns period=8.000ns})
  Destination:            tme_bd_wrapper/tme_bd/tme_bd_tme_top_0_0/tme_bd_tme_top_0_0_tme_top/tme_bd_tme_top_0_0_tme_top_tme_top_Pipeline_norm_cols/tme_bd_tme_top_0_0_tme_top_sitofp_64s_32_7_no_dsp_1/tme_bd_tme_top_0_0_tme_top_sitofp_64s_32_7_no_dsp_1_ip/<hidden>/<hidden>/<hidden>/<hidden>
                            (rising edge-triggered cell FDRE clocked by clk_fpga_0  {rise@0.000ns fall@4.000ns period=8.000ns})
  Path Group:             clk_fpga_0
  Path Type:              Hold (Min at Fast Process Corner)
  Requirement:            0.000ns  (clk_fpga_0 rise@0.000ns - clk_fpga_0 rise@0.000ns)
  Data Path Delay:        0.438ns  (logic 0.250ns (57.137%)  route 0.188ns (42.863%))
  Logic Levels:           1  (CARRY4=1)
  Clock Path Skew:        0.267ns (DCD - SCD - CPR)
    Destination Clock Delay (DCD):    1.271ns
    Source Clock Delay      (SCD):    0.965ns
    Clock Pessimism Removal (CPR):    0.039ns

    Location             Delay type                Incr(ns)  Path(ns)    Netlist Resource(s)
  -------------------------------------------------------------------    -------------------
                         (clock clk_fpga_0 rise edge)
                                                      0.000     0.000 r  
    PS7_X0Y0             PS7                          0.000     0.000 r  tme_bd_i/processing_system7_0/inst/PS7_i/FCLKCLK[0]
                         net (fo=1, routed)           0.310     0.310    tme_bd_i/processing_system7_0/inst/FCLK_CLK_unbuffered[0]
    BUFGCTRL_X0Y16       BUFG (Prop_bufg_I_O)         0.026     0.336 r  tme_bd_i/processing_system7_0/inst/buffer_fclk_clk_0.FCLK_CLK_0_BUFG/O
                         net (fo=25602, routed)       0.629     0.965    tme_bd_wrapper/tme_bd/tme_bd_tme_top_0_0/tme_bd_tme_top_0_0_tme_top/tme_bd_tme_top_0_0_tme_top_tme_top_Pipeline_norm_cols/tme_bd_tme_top_0_0_tme_top_sitofp_64s_32_7_no_dsp_1/tme_bd_tme_top_0_0_tme_top_sitofp_64s_32_7_no_dsp_1_ip/<hidden>/<hidden>/<hidden>/<hidden>/<hidden>/<hidden>
    SLICE_X53Y116        FDRE                                         r  tme_bd_wrapper/tme_bd/tme_bd_tme_top_0_0/tme_bd_tme_top_0_0_tme_top/tme_bd_tme_top_0_0_tme_top_tme_top_Pipeline_norm_cols/tme_bd_tme_top_0_0_tme_top_sitofp_64s_32_7_no_dsp_1/tme_bd_tme_top_0_0_tme_top_sitofp_64s_32_7_no_dsp_1_ip/<hidden>/<hidden>/<hidden>/<hidden>/<hidden>/<hidden>
  -------------------------------------------------------------------    -------------------
    SLICE_X53Y116        FDRE (Prop_fdre_C_Q)         0.141     1.106 r  tme_bd_wrapper/tme_bd/tme_bd_tme_top_0_0/tme_bd_tme_top_0_0_tme_top/tme_bd_tme_top_0_0_tme_top_tme_top_Pipeline_norm_cols/tme_bd_tme_top_0_0_tme_top_sitofp_64s_32_7_no_dsp_1/tme_bd_tme_top_0_0_tme_top_sitofp_64s_32_7_no_dsp_1_ip/<hidden>/<hidden>/<hidden>/<hidden>/<hidden>/<hidden>
                         net (fo=1, routed)           0.188     1.294    tme_bd_wrapper/tme_bd/tme_bd_tme_top_0_0/tme_bd_tme_top_0_0_tme_top/tme_bd_tme_top_0_0_tme_top_tme_top_Pipeline_norm_cols/tme_bd_tme_top_0_0_tme_top_sitofp_64s_32_7_no_dsp_1/tme_bd_tme_top_0_0_tme_top_sitofp_64s_32_7_no_dsp_1_ip/<hidden>/<hidden>/<hidden>/<hidden>/<hidden>
    SLICE_X46Y114        CARRY4 (Prop_carry4_S[3]_O[3])
                                                      0.109     1.403 r  tme_bd_wrapper/tme_bd/tme_bd_tme_top_0_0/tme_bd_tme_top_0_0_tme_top/tme_bd_tme_top_0_0_tme_top_tme_top_Pipeline_norm_cols/tme_bd_tme_top_0_0_tme_top_sitofp_64s_32_7_no_dsp_1/tme_bd_tme_top_0_0_tme_top_sitofp_64s_32_7_no_dsp_1_ip/<hidden>/<hidden>/<hidden>/<hidden>/<hidden>
                         net (fo=1, routed)           0.000     1.403    tme_bd_wrapper/tme_bd/tme_bd_tme_top_0_0/tme_bd_tme_top_0_0_tme_top/tme_bd_tme_top_0_0_tme_top_tme_top_Pipeline_norm_cols/tme_bd_tme_top_0_0_tme_top_sitofp_64s_32_7_no_dsp_1/tme_bd_tme_top_0_0_tme_top_sitofp_64s_32_7_no_dsp_1_ip/<hidden>/<hidden>/<hidden>/<hidden>
    SLICE_X46Y114        FDRE                                         r  tme_bd_wrapper/tme_bd/tme_bd_tme_top_0_0/tme_bd_tme_top_0_0_tme_top/tme_bd_tme_top_0_0_tme_top_tme_top_Pipeline_norm_cols/tme_bd_tme_top_0_0_tme_top_sitofp_64s_32_7_no_dsp_1/tme_bd_tme_top_0_0_tme_top_sitofp_64s_32_7_no_dsp_1_ip/<hidden>/<hidden>/<hidden>/<hidden>
  -------------------------------------------------------------------    -------------------

                         (clock clk_fpga_0 rise edge)
                                                      0.000     0.000 r  
    PS7_X0Y0             PS7                          0.000     0.000 r  tme_bd_i/processing_system7_0/inst/PS7_i/FCLKCLK[0]
                         net (fo=1, routed)           0.337     0.337    tme_bd_i/processing_system7_0/inst/FCLK_CLK_unbuffered[0]
    BUFGCTRL_X0Y16       BUFG (Prop_bufg_I_O)         0.029     0.366 r  tme_bd_i/processing_system7_0/inst/buffer_fclk_clk_0.FCLK_CLK_0_BUFG/O
                         net (fo=25602, routed)       0.905     1.271    tme_bd_wrapper/tme_bd/tme_bd_tme_top_0_0/tme_bd_tme_top_0_0_tme_top/tme_bd_tme_top_0_0_tme_top_tme_top_Pipeline_norm_cols/tme_bd_tme_top_0_0_tme_top_sitofp_64s_32_7_no_dsp_1/tme_bd_tme_top_0_0_tme_top_sitofp_64s_32_7_no_dsp_1_ip/<hidden>/<hidden>/<hidden>/<hidden>
    SLICE_X46Y114        FDRE                                         r  tme_bd_wrapper/tme_bd/tme_bd_tme_top_0_0/tme_bd_tme_top_0_0_tme_top/tme_bd_tme_top_0_0_tme_top_tme_top_Pipeline_norm_cols/tme_bd_tme_top_0_0_tme_top_sitofp_64s_32_7_no_dsp_1/tme_bd_tme_top_0_0_tme_top_sitofp_64s_32_7_no_dsp_1_ip/<hidden>/<hidden>/<hidden>/<hidden>
                         clock pessimism             -0.039     1.232    
    SLICE_X46Y114        FDRE (Hold_fdre_C_D)         0.134     1.366    tme_bd_wrapper/tme_bd/tme_bd_tme_top_0_0/tme_bd_tme_top_0_0_tme_top/tme_bd_tme_top_0_0_tme_top_tme_top_Pipeline_norm_cols/tme_bd_tme_top_0_0_tme_top_sitofp_64s_32_7_no_dsp_1/tme_bd_tme_top_0_0_tme_top_sitofp_64s_32_7_no_dsp_1_ip/<hidden>/<hidden>/<hidden>/<hidden>
  -------------------------------------------------------------------
                         required time                         -1.366    
                         arrival time                           1.403    
  -------------------------------------------------------------------
                         slack                                  0.036    

Slack (MET) :             0.038ns  (arrival time - required time)
  Source:                 tme_bd_wrapper/tme_bd/tme_bd_tme_top_0_0/tme_bd_tme_top_0_0_tme_top/tme_bd_tme_top_0_0_tme_top_tme_top_Pipeline_norm_cols/tme_bd_tme_top_0_0_tme_top_fdiv_32ns_32ns_32_30_no_dsp_1/tme_bd_tme_top_0_0_tme_top_fdiv_32ns_32ns_32_30_no_dsp_1_ip/<hidden>/<hidden>/<hidden>/<hidden>/<hidden>/<hidden>
                            (rising edge-triggered cell FDRE clocked by clk_fpga_0  {rise@0.000ns fall@4.000ns period=8.000ns})
  Destination:            tme_bd_wrapper/tme_bd/tme_bd_tme_top_0_0/tme_bd_tme_top_0_0_tme_top/tme_bd_tme_top_0_0_tme_top_tme_top_Pipeline_norm_cols/tme_bd_tme_top_0_0_tme_top_fdiv_32ns_32ns_32_30_no_dsp_1/tme_bd_tme_top_0_0_tme_top_fdiv_32ns_32ns_32_30_no_dsp_1_ip/<hidden>/<hidden>/<hidden>/<hidden>/<hidden>/<hidden>/<hidden>/<hidden>
                            (rising edge-triggered cell FDRE clocked by clk_fpga_0  {rise@0.000ns fall@4.000ns period=8.000ns})
  Path Group:             clk_fpga_0
  Path Type:              Hold (Min at Fast Process Corner)
  Requirement:            0.000ns  (clk_fpga_0 rise@0.000ns - clk_fpga_0 rise@0.000ns)
  Data Path Delay:        0.523ns  (logic 0.424ns (81.086%)  route 0.099ns (18.914%))
  Logic Levels:           4  (CARRY4=3 LUT2=1)
  Clock Path Skew:        0.351ns (DCD - SCD - CPR)
    Destination Clock Delay (DCD):    1.306ns
    Source Clock Delay      (SCD):    0.920ns
    Clock Pessimism Removal (CPR):    0.035ns

    Location             Delay type                Incr(ns)  Path(ns)    Netlist Resource(s)
  -------------------------------------------------------------------    -------------------
                         (clock clk_fpga_0 rise edge)
                                                      0.000     0.000 r  
    PS7_X0Y0             PS7                          0.000     0.000 r  tme_bd_i/processing_system7_0/inst/PS7_i/FCLKCLK[0]
                         net (fo=1, routed)           0.310     0.310    tme_bd_i/processing_system7_0/inst/FCLK_CLK_unbuffered[0]
    BUFGCTRL_X0Y16       BUFG (Prop_bufg_I_O)         0.026     0.336 r  tme_bd_i/processing_system7_0/inst/buffer_fclk_clk_0.FCLK_CLK_0_BUFG/O
                         net (fo=25602, routed)       0.584     0.920    tme_bd_wrapper/tme_bd/tme_bd_tme_top_0_0/tme_bd_tme_top_0_0_tme_top/tme_bd_tme_top_0_0_tme_top_tme_top_Pipeline_norm_cols/tme_bd_tme_top_0_0_tme_top_fdiv_32ns_32ns_32_30_no_dsp_1/tme_bd_tme_top_0_0_tme_top_fdiv_32ns_32ns_32_30_no_dsp_1_ip/<hidden>/<hidden>/<hidden>/<hidden>/<hidden>/<hidden>
    SLICE_X87Y98         FDRE                                         r  tme_bd_wrapper/tme_bd/tme_bd_tme_top_0_0/tme_bd_tme_top_0_0_tme_top/tme_bd_tme_top_0_0_tme_top_tme_top_Pipeline_norm_cols/tme_bd_tme_top_0_0_tme_top_fdiv_32ns_32ns_32_30_no_dsp_1/tme_bd_tme_top_0_0_tme_top_fdiv_32ns_32ns_32_30_no_dsp_1_ip/<hidden>/<hidden>/<hidden>/<hidden>/<hidden>/<hidden>
  -------------------------------------------------------------------    -------------------
    SLICE_X87Y98         FDRE (Prop_fdre_C_Q)         0.141     1.061 r  tme_bd_wrapper/tme_bd/tme_bd_tme_top_0_0/tme_bd_tme_top_0_0_tme_top/tme_bd_tme_top_0_0_tme_top_tme_top_Pipeline_norm_cols/tme_bd_tme_top_0_0_tme_top_fdiv_32ns_32ns_32_30_no_dsp_1/tme_bd_tme_top_0_0_tme_top_fdiv_32ns_32ns_32_30_no_dsp_1_ip/<hidden>/<hidden>/<hidden>/<hidden>/<hidden>/<hidden>
                         net (fo=2, routed)           0.098     1.159    tme_bd_wrapper/tme_bd/tme_bd_tme_top_0_0/tme_bd_tme_top_0_0_tme_top/tme_bd_tme_top_0_0_tme_top_tme_top_Pipeline_norm_cols/tme_bd_tme_top_0_0_tme_top_fdiv_32ns_32ns_32_30_no_dsp_1/tme_bd_tme_top_0_0_tme_top_fdiv_32ns_32ns_32_30_no_dsp_1_ip/<hidden>/<hidden>/<hidden>/<hidden>/<hidden>
    SLICE_X86Y98         LUT2 (Prop_lut2_I1_O)        0.045     1.204 r  tme_bd_wrapper/tme_bd/tme_bd_tme_top_0_0/tme_bd_tme_top_0_0_tme_top/tme_bd_tme_top_0_0_tme_top_tme_top_Pipeline_norm_cols/tme_bd_tme_top_0_0_tme_top_fdiv_32ns_32ns_32_30_no_dsp_1/tme_bd_tme_top_0_0_tme_top_fdiv_32ns_32ns_32_30_no_dsp_1_ip/<hidden>/<hidden>/<hidden>/<hidden>/<hidden>
                         net (fo=1, routed)           0.000     1.204    tme_bd_wrapper/tme_bd/tme_bd_tme_top_0_0/tme_bd_tme_top_0_0_tme_top/tme_bd_tme_top_0_0_tme_top_tme_top_Pipeline_norm_cols/tme_bd_tme_top_0_0_tme_top_fdiv_32ns_32ns_32_30_no_dsp_1/tme_bd_tme_top_0_0_tme_top_fdiv_32ns_32ns_32_30_no_dsp_1_ip/<hidden>/<hidden>/<hidden>/<hidden>/<hidden>/<hidden>
    SLICE_X86Y98         CARRY4 (Prop_carry4_S[0]_CO[3])
                                                      0.145     1.349 r  tme_bd_wrapper/tme_bd/tme_bd_tme_top_0_0/tme_bd_tme_top_0_0_tme_top/tme_bd_tme_top_0_0_tme_top_tme_top_Pipeline_norm_cols/tme_bd_tme_top_0_0_tme_top_fdiv_32ns_32ns_32_30_no_dsp_1/tme_bd_tme_top_0_0_tme_top_fdiv_32ns_32ns_32_30_no_dsp_1_ip/<hidden>/<hidden>/<hidden>/<hidden>/<hidden>/<hidden>
                         net (fo=1, routed)           0.000     1.349    tme_bd_wrapper/tme_bd/tme_bd_tme_top_0_0/tme_bd_tme_top_0_0_tme_top/tme_bd_tme_top_0_0_tme_top_tme_top_Pipeline_norm_cols/tme_bd_tme_top_0_0_tme_top_fdiv_32ns_32ns_32_30_no_dsp_1/tme_bd_tme_top_0_0_tme_top_fdiv_32ns_32ns_32_30_no_dsp_1_ip/<hidden>/<hidden>/<hidden>/<hidden>/<hidden>/<hidden>
    SLICE_X86Y99         CARRY4 (Prop_carry4_CI_CO[3])
                                                      0.040     1.389 r  tme_bd_wrapper/tme_bd/tme_bd_tme_top_0_0/tme_bd_tme_top_0_0_tme_top/tme_bd_tme_top_0_0_tme_top_tme_top_Pipeline_norm_cols/tme_bd_tme_top_0_0_tme_top_fdiv_32ns_32ns_32_30_no_dsp_1/tme_bd_tme_top_0_0_tme_top_fdiv_32ns_32ns_32_30_no_dsp_1_ip/<hidden>/<hidden>/<hidden>/<hidden>/<hidden>/<hidden>
                         net (fo=1, routed)           0.001     1.390    tme_bd_wrapper/tme_bd/tme_bd_tme_top_0_0/tme_bd_tme_top_0_0_tme_top/tme_bd_tme_top_0_0_tme_top_tme_top_Pipeline_norm_cols/tme_bd_tme_top_0_0_tme_top_fdiv_32ns_32ns_32_30_no_dsp_1/tme_bd_tme_top_0_0_tme_top_fdiv_32ns_32ns_32_30_no_dsp_1_ip/<hidden>/<hidden>/<hidden>/<hidden>/<hidden>/<hidden>
    SLICE_X86Y100        CARRY4 (Prop_carry4_CI_O[0])
                                                      0.053     1.443 r  tme_bd_wrapper/tme_bd/tme_bd_tme_top_0_0/tme_bd_tme_top_0_0_tme_top/tme_bd_tme_top_0_0_tme_top_tme_top_Pipeline_norm_cols/tme_bd_tme_top_0_0_tme_top_fdiv_32ns_32ns_32_30_no_dsp_1/tme_bd_tme_top_0_0_tme_top_fdiv_32ns_32ns_32_30_no_dsp_1_ip/<hidden>/<hidden>/<hidden>/<hidden>/<hidden>/<hidden>
                         net (fo=1, routed)           0.000     1.443    tme_bd_wrapper/tme_bd/tme_bd_tme_top_0_0/tme_bd_tme_top_0_0_tme_top/tme_bd_tme_top_0_0_tme_top_tme_top_Pipeline_norm_cols/tme_bd_tme_top_0_0_tme_top_fdiv_32ns_32ns_32_30_no_dsp_1/tme_bd_tme_top_0_0_tme_top_fdiv_32ns_32ns_32_30_no_dsp_1_ip/<hidden>/<hidden>/<hidden>/<hidden>/<hidden>/<hidden>/<hidden>/<hidden>
    SLICE_X86Y100        FDRE                                         r  tme_bd_wrapper/tme_bd/tme_bd_tme_top_0_0/tme_bd_tme_top_0_0_tme_top/tme_bd_tme_top_0_0_tme_top_tme_top_Pipeline_norm_cols/tme_bd_tme_top_0_0_tme_top_fdiv_32ns_32ns_32_30_no_dsp_1/tme_bd_tme_top_0_0_tme_top_fdiv_32ns_32ns_32_30_no_dsp_1_ip/<hidden>/<hidden>/<hidden>/<hidden>/<hidden>/<hidden>/<hidden>/<hidden>
  -------------------------------------------------------------------    -------------------

                         (clock clk_fpga_0 rise edge)
                                                      0.000     0.000 r  
    PS7_X0Y0             PS7                          0.000     0.000 r  tme_bd_i/processing_system7_0/inst/PS7_i/FCLKCLK[0]
                         net (fo=1, routed)           0.337     0.337    tme_bd_i/processing_system7_0/inst/FCLK_CLK_unbuffered[0]
    BUFGCTRL_X0Y16       BUFG (Prop_bufg_I_O)         0.029     0.366 r  tme_bd_i/processing_system7_0/inst/buffer_fclk_clk_0.FCLK_CLK_0_BUFG/O
                         net (fo=25602, routed)       0.940     1.306    tme_bd_wrapper/tme_bd/tme_bd_tme_top_0_0/tme_bd_tme_top_0_0_tme_top/tme_bd_tme_top_0_0_tme_top_tme_top_Pipeline_norm_cols/tme_bd_tme_top_0_0_tme_top_fdiv_32ns_32ns_32_30_no_dsp_1/tme_bd_tme_top_0_0_tme_top_fdiv_32ns_32ns_32_30_no_dsp_1_ip/<hidden>/<hidden>/<hidden>/<hidden>/<hidden>/<hidden>/<hidden>/<hidden>
    SLICE_X86Y100        FDRE                                         r  tme_bd_wrapper/tme_bd/tme_bd_tme_top_0_0/tme_bd_tme_top_0_0_tme_top/tme_bd_tme_top_0_0_tme_top_tme_top_Pipeline_norm_cols/tme_bd_tme_top_0_0_tme_top_fdiv_32ns_32ns_32_30_no_dsp_1/tme_bd_tme_top_0_0_tme_top_fdiv_32ns_32ns_32_30_no_dsp_1_ip/<hidden>/<hidden>/<hidden>/<hidden>/<hidden>/<hidden>/<hidden>/<hidden>
                         clock pessimism             -0.035     1.271    
    SLICE_X86Y100        FDRE (Hold_fdre_C_D)         0.134     1.405    tme_bd_wrapper/tme_bd/tme_bd_tme_top_0_0/tme_bd_tme_top_0_0_tme_top/tme_bd_tme_top_0_0_tme_top_tme_top_Pipeline_norm_cols/tme_bd_tme_top_0_0_tme_top_fdiv_32ns_32ns_32_30_no_dsp_1/tme_bd_tme_top_0_0_tme_top_fdiv_32ns_32ns_32_30_no_dsp_1_ip/<hidden>/<hidden>/<hidden>/<hidden>/<hidden>/<hidden>/<hidden>/<hidden>
  -------------------------------------------------------------------
                         required time                         -1.405    
                         arrival time                           1.443    
  -------------------------------------------------------------------
                         slack                                  0.038    

Slack (MET) :             0.038ns  (arrival time - required time)
  Source:                 tme_bd_i/tme_top_0/inst/grp_correlation_core_fu_1779/seg_106_fu_1488_reg[3]/C
                            (rising edge-triggered cell FDRE clocked by clk_fpga_0  {rise@0.000ns fall@4.000ns period=8.000ns})
  Destination:            tme_bd_i/tme_top_0/inst/grp_correlation_core_fu_1779/seg_784_reg_24369_reg[3]/D
                            (rising edge-triggered cell FDRE clocked by clk_fpga_0  {rise@0.000ns fall@4.000ns period=8.000ns})
  Path Group:             clk_fpga_0
  Path Type:              Hold (Min at Fast Process Corner)
  Requirement:            0.000ns  (clk_fpga_0 rise@0.000ns - clk_fpga_0 rise@0.000ns)
  Data Path Delay:        0.431ns  (logic 0.212ns (49.230%)  route 0.219ns (50.770%))
  Logic Levels:           1  (LUT3=1)
  Clock Path Skew:        0.285ns (DCD - SCD - CPR)
    Destination Clock Delay (DCD):    1.225ns
    Source Clock Delay      (SCD):    0.910ns
    Clock Pessimism Removal (CPR):    0.030ns

    Location             Delay type                Incr(ns)  Path(ns)    Netlist Resource(s)
  -------------------------------------------------------------------    -------------------
                         (clock clk_fpga_0 rise edge)
                                                      0.000     0.000 r  
    PS7_X0Y0             PS7                          0.000     0.000 r  tme_bd_i/processing_system7_0/inst/PS7_i/FCLKCLK[0]
                         net (fo=1, routed)           0.310     0.310    tme_bd_i/processing_system7_0/inst/FCLK_CLK_unbuffered[0]
    BUFGCTRL_X0Y16       BUFG (Prop_bufg_I_O)         0.026     0.336 r  tme_bd_i/processing_system7_0/inst/buffer_fclk_clk_0.FCLK_CLK_0_BUFG/O
                         net (fo=25602, routed)       0.574     0.910    tme_bd_i/tme_top_0/inst/grp_correlation_core_fu_1779/ap_clk
    SLICE_X26Y51         FDRE                                         r  tme_bd_i/tme_top_0/inst/grp_correlation_core_fu_1779/seg_106_fu_1488_reg[3]/C
  -------------------------------------------------------------------    -------------------
    SLICE_X26Y51         FDRE (Prop_fdre_C_Q)         0.164     1.074 r  tme_bd_i/tme_top_0/inst/grp_correlation_core_fu_1779/seg_106_fu_1488_reg[3]/Q
                         net (fo=3, routed)           0.219     1.292    tme_bd_i/tme_top_0/inst/grp_correlation_core_fu_1779/seg_106_fu_1488[3]
    SLICE_X29Y47         LUT3 (Prop_lut3_I1_O)        0.048     1.340 r  tme_bd_i/tme_top_0/inst/grp_correlation_core_fu_1779/seg_784_reg_24369[3]_i_1/O
                         net (fo=1, routed)           0.000     1.340    tme_bd_i/tme_top_0/inst/grp_correlation_core_fu_1779/seg_784_fu_12525_p3[3]
    SLICE_X29Y47         FDRE                                         r  tme_bd_i/tme_top_0/inst/grp_correlation_core_fu_1779/seg_784_reg_24369_reg[3]/D
  -------------------------------------------------------------------    -------------------

                         (clock clk_fpga_0 rise edge)
                                                      0.000     0.000 r  
    PS7_X0Y0             PS7                          0.000     0.000 r  tme_bd_i/processing_system7_0/inst/PS7_i/FCLKCLK[0]
                         net (fo=1, routed)           0.337     0.337    tme_bd_i/processing_system7_0/inst/FCLK_CLK_unbuffered[0]
    BUFGCTRL_X0Y16       BUFG (Prop_bufg_I_O)         0.029     0.366 r  tme_bd_i/processing_system7_0/inst/buffer_fclk_clk_0.FCLK_CLK_0_BUFG/O
                         net (fo=25602, routed)       0.859     1.225    tme_bd_i/tme_top_0/inst/grp_correlation_core_fu_1779/ap_clk
    SLICE_X29Y47         FDRE                                         r  tme_bd_i/tme_top_0/inst/grp_correlation_core_fu_1779/seg_784_reg_24369_reg[3]/C
                         clock pessimism             -0.030     1.195    
    SLICE_X29Y47         FDRE (Hold_fdre_C_D)         0.107     1.302    tme_bd_i/tme_top_0/inst/grp_correlation_core_fu_1779/seg_784_reg_24369_reg[3]
  -------------------------------------------------------------------
                         required time                         -1.302    
                         arrival time                           1.340    
  -------------------------------------------------------------------
                         slack                                  0.038    





Pulse Width Checks
--------------------------------------------------------------------------------------
Clock Name:         clk_fpga_0
Waveform(ns):       { 0.000 4.000 }
Period(ns):         8.000
Sources:            { tme_bd_i/processing_system7_0/inst/PS7_i/FCLKCLK[0] }

Check Type        Corner  Lib Pin             Reference Pin  Required(ns)  Actual(ns)  Slack(ns)  Location      Pin
Min Period        n/a     RAMB18E1/CLKARDCLK  n/a            2.944         8.000       5.056      RAMB18_X3Y34  tme_bd_i/tme_top_0/inst/p_ZZ7tme_topRN3hls6streamINS_4axisI7ap_uintILi8EELm1ELm1ELm1ELh56ELb0EEELi0EEES6_10_U/ram_reg/CLKARDCLK
Min Period        n/a     RAMB18E1/CLKBWRCLK  n/a            2.944         8.000       5.056      RAMB18_X3Y34  tme_bd_i/tme_top_0/inst/p_ZZ7tme_topRN3hls6streamINS_4axisI7ap_uintILi8EELm1ELm1ELm1ELh56ELb0EEELi0EEES6_10_U/ram_reg/CLKBWRCLK
Min Period        n/a     RAMB18E1/CLKARDCLK  n/a            2.944         8.000       5.056      RAMB18_X5Y52  tme_bd_i/tme_top_0/inst/p_ZZ7tme_topRN3hls6streamINS_4axisI7ap_uintILi8EELm1ELm1ELm1ELh56ELb0EEELi0EEES6_11_U/ram_reg/CLKARDCLK
Min Period        n/a     RAMB18E1/CLKBWRCLK  n/a            2.944         8.000       5.056      RAMB18_X5Y52  tme_bd_i/tme_top_0/inst/p_ZZ7tme_topRN3hls6streamINS_4axisI7ap_uintILi8EELm1ELm1ELm1ELh56ELb0EEELi0EEES6_11_U/ram_reg/CLKBWRCLK
Min Period        n/a     RAMB36E1/CLKARDCLK  n/a            2.944         8.000       5.056      RAMB36_X2Y18  tme_bd_i/tme_top_0/inst/p_ZZ7tme_topRN3hls6streamINS_4axisI7ap_uintILi8EELm1ELm1ELm1ELh56ELb0EEELi0EEES6_12_U/ram_reg/CLKARDCLK
Min Period        n/a     RAMB36E1/CLKARDCLK  n/a            2.944         8.000       5.056      RAMB36_X2Y16  tme_bd_i/tme_top_0/inst/p_ZZ7tme_topRN3hls6streamINS_4axisI7ap_uintILi8EELm1ELm1ELm1ELh56ELb0EEELi0EEES6_13_U/ram_reg/CLKARDCLK
Min Period        n/a     RAMB36E1/CLKARDCLK  n/a            2.944         8.000       5.056      RAMB36_X3Y16  tme_bd_i/tme_top_0/inst/p_ZZ7tme_topRN3hls6streamINS_4axisI7ap_uintILi8EELm1ELm1ELm1ELh56ELb0EEELi0EEES6_14_U/ram_reg/CLKARDCLK
Min Period        n/a     RAMB36E1/CLKARDCLK  n/a            2.944         8.000       5.056      RAMB36_X2Y17  tme_bd_i/tme_top_0/inst/p_ZZ7tme_topRN3hls6streamINS_4axisI7ap_uintILi8EELm1ELm1ELm1ELh56ELb0EEELi0EEES6_15_U/ram_reg/CLKARDCLK
Min Period        n/a     RAMB36E1/CLKARDCLK  n/a            2.944         8.000       5.056      RAMB36_X2Y21  tme_bd_i/tme_top_0/inst/p_ZZ7tme_topRN3hls6streamINS_4axisI7ap_uintILi8EELm1ELm1ELm1ELh56ELb0EEELi0EEES6_16_U/ram_reg/CLKARDCLK
Min Period        n/a     RAMB36E1/CLKARDCLK  n/a            2.944         8.000       5.056      RAMB36_X3Y21  tme_bd_i/tme_top_0/inst/p_ZZ7tme_topRN3hls6streamINS_4axisI7ap_uintILi8EELm1ELm1ELm1ELh56ELb0EEELi0EEES6_17_U/ram_reg/CLKARDCLK
Low Pulse Width   Slow    RAMD32/CLK          n/a            1.250         4.000       2.750      SLICE_X18Y26  tme_bd_i/smartconnect_mem/inst/m00_nodes/m00_ar_node/inst/inst_mi_handler/gen_normal_area.inst_fifo_node_payld/gen_xpm_memory_fifo.inst_fifo/gen_mem_rep[0].inst_xpm_memory/xpm_memory_base_inst/gen_wr_a.gen_word_narrow.mem_reg_0_31_0_5/RAMA/CLK
Low Pulse Width   Fast    RAMD32/CLK          n/a            1.250         4.000       2.750      SLICE_X18Y26  tme_bd_i/smartconnect_mem/inst/m00_nodes/m00_ar_node/inst/inst_mi_handler/gen_normal_area.inst_fifo_node_payld/gen_xpm_memory_fifo.inst_fifo/gen_mem_rep[0].inst_xpm_memory/xpm_memory_base_inst/gen_wr_a.gen_word_narrow.mem_reg_0_31_0_5/RAMA/CLK
Low Pulse Width   Slow    RAMD32/CLK          n/a            1.250         4.000       2.750      SLICE_X18Y26  tme_bd_i/smartconnect_mem/inst/m00_nodes/m00_ar_node/inst/inst_mi_handler/gen_normal_area.inst_fifo_node_payld/gen_xpm_memory_fifo.inst_fifo/gen_mem_rep[0].inst_xpm_memory/xpm_memory_base_inst/gen_wr_a.gen_word_narrow.mem_reg_0_31_0_5/RAMA_D1/CLK
Low Pulse Width   Fast    RAMD32/CLK          n/a            1.250         4.000       2.750      SLICE_X18Y26  tme_bd_i/smartconnect_mem/inst/m00_nodes/m00_ar_node/inst/inst_mi_handler/gen_normal_area.inst_fifo_node_payld/gen_xpm_memory_fifo.inst_fifo/gen_mem_rep[0].inst_xpm_memory/xpm_memory_base_inst/gen_wr_a.gen_word_narrow.mem_reg_0_31_0_5/RAMA_D1/CLK
Low Pulse Width   Slow    RAMD32/CLK          n/a            1.250         4.000       2.750      SLICE_X18Y26  tme_bd_i/smartconnect_mem/inst/m00_nodes/m00_ar_node/inst/inst_mi_handler/gen_normal_area.inst_fifo_node_payld/gen_xpm_memory_fifo.inst_fifo/gen_mem_rep[0].inst_xpm_memory/xpm_memory_base_inst/gen_wr_a.gen_word_narrow.mem_reg_0_31_0_5/RAMB/CLK
Low Pulse Width   Fast    RAMD32/CLK          n/a            1.250         4.000       2.750      SLICE_X18Y26  tme_bd_i/smartconnect_mem/inst/m00_nodes/m00_ar_node/inst/inst_mi_handler/gen_normal_area.inst_fifo_node_payld/gen_xpm_memory_fifo.inst_fifo/gen_mem_rep[0].inst_xpm_memory/xpm_memory_base_inst/gen_wr_a.gen_word_narrow.mem_reg_0_31_0_5/RAMB/CLK
Low Pulse Width   Slow    RAMD32/CLK          n/a            1.250         4.000       2.750      SLICE_X18Y26  tme_bd_i/smartconnect_mem/inst/m00_nodes/m00_ar_node/inst/inst_mi_handler/gen_normal_area.inst_fifo_node_payld/gen_xpm_memory_fifo.inst_fifo/gen_mem_rep[0].inst_xpm_memory/xpm_memory_base_inst/gen_wr_a.gen_word_narrow.mem_reg_0_31_0_5/RAMB_D1/CLK
Low Pulse Width   Fast    RAMD32/CLK          n/a            1.250         4.000       2.750      SLICE_X18Y26  tme_bd_i/smartconnect_mem/inst/m00_nodes/m00_ar_node/inst/inst_mi_handler/gen_normal_area.inst_fifo_node_payld/gen_xpm_memory_fifo.inst_fifo/gen_mem_rep[0].inst_xpm_memory/xpm_memory_base_inst/gen_wr_a.gen_word_narrow.mem_reg_0_31_0_5/RAMB_D1/CLK
Low Pulse Width   Slow    RAMD32/CLK          n/a            1.250         4.000       2.750      SLICE_X18Y26  tme_bd_i/smartconnect_mem/inst/m00_nodes/m00_ar_node/inst/inst_mi_handler/gen_normal_area.inst_fifo_node_payld/gen_xpm_memory_fifo.inst_fifo/gen_mem_rep[0].inst_xpm_memory/xpm_memory_base_inst/gen_wr_a.gen_word_narrow.mem_reg_0_31_0_5/RAMC/CLK
Low Pulse Width   Fast    RAMD32/CLK          n/a            1.250         4.000       2.750      SLICE_X18Y26  tme_bd_i/smartconnect_mem/inst/m00_nodes/m00_ar_node/inst/inst_mi_handler/gen_normal_area.inst_fifo_node_payld/gen_xpm_memory_fifo.inst_fifo/gen_mem_rep[0].inst_xpm_memory/xpm_memory_base_inst/gen_wr_a.gen_word_narrow.mem_reg_0_31_0_5/RAMC/CLK
High Pulse Width  Slow    RAMD32/CLK          n/a            1.250         4.000       2.750      SLICE_X18Y26  tme_bd_i/smartconnect_mem/inst/m00_nodes/m00_ar_node/inst/inst_mi_handler/gen_normal_area.inst_fifo_node_payld/gen_xpm_memory_fifo.inst_fifo/gen_mem_rep[0].inst_xpm_memory/xpm_memory_base_inst/gen_wr_a.gen_word_narrow.mem_reg_0_31_0_5/RAMA/CLK
High Pulse Width  Fast    RAMD32/CLK          n/a            1.250         4.000       2.750      SLICE_X18Y26  tme_bd_i/smartconnect_mem/inst/m00_nodes/m00_ar_node/inst/inst_mi_handler/gen_normal_area.inst_fifo_node_payld/gen_xpm_memory_fifo.inst_fifo/gen_mem_rep[0].inst_xpm_memory/xpm_memory_base_inst/gen_wr_a.gen_word_narrow.mem_reg_0_31_0_5/RAMA/CLK
High Pulse Width  Slow    RAMD32/CLK          n/a            1.250         4.000       2.750      SLICE_X18Y26  tme_bd_i/smartconnect_mem/inst/m00_nodes/m00_ar_node/inst/inst_mi_handler/gen_normal_area.inst_fifo_node_payld/gen_xpm_memory_fifo.inst_fifo/gen_mem_rep[0].inst_xpm_memory/xpm_memory_base_inst/gen_wr_a.gen_word_narrow.mem_reg_0_31_0_5/RAMA_D1/CLK
High Pulse Width  Fast    RAMD32/CLK          n/a            1.250         4.000       2.750      SLICE_X18Y26  tme_bd_i/smartconnect_mem/inst/m00_nodes/m00_ar_node/inst/inst_mi_handler/gen_normal_area.inst_fifo_node_payld/gen_xpm_memory_fifo.inst_fifo/gen_mem_rep[0].inst_xpm_memory/xpm_memory_base_inst/gen_wr_a.gen_word_narrow.mem_reg_0_31_0_5/RAMA_D1/CLK
High Pulse Width  Slow    RAMD32/CLK          n/a            1.250         4.000       2.750      SLICE_X18Y26  tme_bd_i/smartconnect_mem/inst/m00_nodes/m00_ar_node/inst/inst_mi_handler/gen_normal_area.inst_fifo_node_payld/gen_xpm_memory_fifo.inst_fifo/gen_mem_rep[0].inst_xpm_memory/xpm_memory_base_inst/gen_wr_a.gen_word_narrow.mem_reg_0_31_0_5/RAMB/CLK
High Pulse Width  Fast    RAMD32/CLK          n/a            1.250         4.000       2.750      SLICE_X18Y26  tme_bd_i/smartconnect_mem/inst/m00_nodes/m00_ar_node/inst/inst_mi_handler/gen_normal_area.inst_fifo_node_payld/gen_xpm_memory_fifo.inst_fifo/gen_mem_rep[0].inst_xpm_memory/xpm_memory_base_inst/gen_wr_a.gen_word_narrow.mem_reg_0_31_0_5/RAMB/CLK
High Pulse Width  Slow    RAMD32/CLK          n/a            1.250         4.000       2.750      SLICE_X18Y26  tme_bd_i/smartconnect_mem/inst/m00_nodes/m00_ar_node/inst/inst_mi_handler/gen_normal_area.inst_fifo_node_payld/gen_xpm_memory_fifo.inst_fifo/gen_mem_rep[0].inst_xpm_memory/xpm_memory_base_inst/gen_wr_a.gen_word_narrow.mem_reg_0_31_0_5/RAMB_D1/CLK
High Pulse Width  Fast    RAMD32/CLK          n/a            1.250         4.000       2.750      SLICE_X18Y26  tme_bd_i/smartconnect_mem/inst/m00_nodes/m00_ar_node/inst/inst_mi_handler/gen_normal_area.inst_fifo_node_payld/gen_xpm_memory_fifo.inst_fifo/gen_mem_rep[0].inst_xpm_memory/xpm_memory_base_inst/gen_wr_a.gen_word_narrow.mem_reg_0_31_0_5/RAMB_D1/CLK
High Pulse Width  Slow    RAMD32/CLK          n/a            1.250         4.000       2.750      SLICE_X18Y26  tme_bd_i/smartconnect_mem/inst/m00_nodes/m00_ar_node/inst/inst_mi_handler/gen_normal_area.inst_fifo_node_payld/gen_xpm_memory_fifo.inst_fifo/gen_mem_rep[0].inst_xpm_memory/xpm_memory_base_inst/gen_wr_a.gen_word_narrow.mem_reg_0_31_0_5/RAMC/CLK
High Pulse Width  Fast    RAMD32/CLK          n/a            1.250         4.000       2.750      SLICE_X18Y26  tme_bd_i/smartconnect_mem/inst/m00_nodes/m00_ar_node/inst/inst_mi_handler/gen_normal_area.inst_fifo_node_payld/gen_xpm_memory_fifo.inst_fifo/gen_mem_rep[0].inst_xpm_memory/xpm_memory_base_inst/gen_wr_a.gen_word_narrow.mem_reg_0_31_0_5/RAMC/CLK



--------------------------------------------------------------------------------------
Path Group:  (none)
From Clock:  
  To Clock:  clk_fpga_0

Max Delay             1 Endpoint
Min Delay             1 Endpoint
--------------------------------------------------------------------------------------


Max Delay Paths
--------------------------------------------------------------------------------------
Slack:                    inf
  Source:                 tme_bd_i/processing_system7_0/inst/PS7_i/FCLKRESETN[0]
                            (internal pin)
  Destination:            tme_bd_i/proc_sys_reset_0/U0/EXT_LPF/ACTIVE_LOW_EXT.ACT_LO_EXT/syncstages_ff_reg[0]/D
                            (rising edge-triggered cell FDRE clocked by clk_fpga_0  {rise@0.000ns fall@4.000ns period=8.000ns})
  Path Group:             (none)
  Path Type:              Setup (Max at Slow Process Corner)
  Data Path Delay:        3.386ns  (logic 0.124ns (3.662%)  route 3.262ns (96.338%))
  Logic Levels:           1  (LUT1=1)
  Clock Uncertainty:      0.123ns  ((TSJ^2 + TIJ^2)^1/2 + DJ) / 2 + PE
    Total System Jitter     (TSJ):    0.050ns
    Total Input Jitter      (TIJ):    0.240ns
    Discrete Jitter          (DJ):    0.000ns
    Phase Error              (PE):    0.000ns
  Timing Exception:       False Path

    Location             Delay type                Incr(ns)  Path(ns)    Netlist Resource(s)
  -------------------------------------------------------------------    -------------------
    PS7_X0Y0             PS7                          0.000     0.000 f  tme_bd_i/processing_system7_0/inst/PS7_i/FCLKRESETN[0]
                         net (fo=1, routed)           2.683     2.683    tme_bd_i/proc_sys_reset_0/U0/EXT_LPF/ext_reset_in
    SLICE_X40Y134        LUT1 (Prop_lut1_I0_O)        0.124     2.807 r  tme_bd_i/proc_sys_reset_0/U0/EXT_LPF/ACTIVE_LOW_EXT.ACT_LO_EXT_i_1/O
                         net (fo=1, routed)           0.579     3.386    tme_bd_i/proc_sys_reset_0/U0/EXT_LPF/ACTIVE_LOW_EXT.ACT_LO_EXT/src_in
    SLICE_X46Y134        FDRE                                         r  tme_bd_i/proc_sys_reset_0/U0/EXT_LPF/ACTIVE_LOW_EXT.ACT_LO_EXT/syncstages_ff_reg[0]/D
  -------------------------------------------------------------------    -------------------

                         (clock clk_fpga_0 rise edge)
                                                      0.000     0.000 r  
    PS7_X0Y0             PS7                          0.000     0.000 r  tme_bd_i/processing_system7_0/inst/PS7_i/FCLKCLK[0]
                         net (fo=1, routed)           1.088     1.088    tme_bd_i/processing_system7_0/inst/FCLK_CLK_unbuffered[0]
    BUFGCTRL_X0Y16       BUFG (Prop_bufg_I_O)         0.091     1.179 r  tme_bd_i/processing_system7_0/inst/buffer_fclk_clk_0.FCLK_CLK_0_BUFG/O
                         net (fo=25602, routed)       1.646     2.825    tme_bd_i/proc_sys_reset_0/U0/EXT_LPF/ACTIVE_LOW_EXT.ACT_LO_EXT/dest_clk
    SLICE_X46Y134        FDRE                                         r  tme_bd_i/proc_sys_reset_0/U0/EXT_LPF/ACTIVE_LOW_EXT.ACT_LO_EXT/syncstages_ff_reg[0]/C





Min Delay Paths
--------------------------------------------------------------------------------------
Slack:                    inf
  Source:                 tme_bd_i/processing_system7_0/inst/PS7_i/FCLKRESETN[0]
                            (internal pin)
  Destination:            tme_bd_i/proc_sys_reset_0/U0/EXT_LPF/ACTIVE_LOW_EXT.ACT_LO_EXT/syncstages_ff_reg[0]/D
                            (rising edge-triggered cell FDRE clocked by clk_fpga_0  {rise@0.000ns fall@4.000ns period=8.000ns})
  Path Group:             (none)
  Path Type:              Hold (Min at Fast Process Corner)
  Data Path Delay:        1.393ns  (logic 0.045ns (3.230%)  route 1.348ns (96.770%))
  Logic Levels:           1  (LUT1=1)
  Clock Uncertainty:      0.123ns  ((TSJ^2 + TIJ^2)^1/2 + DJ) / 2 + PE
    Total System Jitter     (TSJ):    0.050ns
    Total Input Jitter      (TIJ):    0.240ns
    Discrete Jitter          (DJ):    0.000ns
    Phase Error              (PE):    0.000ns
  Timing Exception:       False Path

    Location             Delay type                Incr(ns)  Path(ns)    Netlist Resource(s)
  -------------------------------------------------------------------    -------------------
    PS7_X0Y0             PS7                          0.000     0.000 f  tme_bd_i/processing_system7_0/inst/PS7_i/FCLKRESETN[0]
                         net (fo=1, routed)           1.144     1.144    tme_bd_i/proc_sys_reset_0/U0/EXT_LPF/ext_reset_in
    SLICE_X40Y134        LUT1 (Prop_lut1_I0_O)        0.045     1.189 r  tme_bd_i/proc_sys_reset_0/U0/EXT_LPF/ACTIVE_LOW_EXT.ACT_LO_EXT_i_1/O
                         net (fo=1, routed)           0.204     1.393    tme_bd_i/proc_sys_reset_0/U0/EXT_LPF/ACTIVE_LOW_EXT.ACT_LO_EXT/src_in
    SLICE_X46Y134        FDRE                                         r  tme_bd_i/proc_sys_reset_0/U0/EXT_LPF/ACTIVE_LOW_EXT.ACT_LO_EXT/syncstages_ff_reg[0]/D
  -------------------------------------------------------------------    -------------------

                         (clock clk_fpga_0 rise edge)
                                                      0.000     0.000 r  
    PS7_X0Y0             PS7                          0.000     0.000 r  tme_bd_i/processing_system7_0/inst/PS7_i/FCLKCLK[0]
                         net (fo=1, routed)           0.337     0.337    tme_bd_i/processing_system7_0/inst/FCLK_CLK_unbuffered[0]
    BUFGCTRL_X0Y16       BUFG (Prop_bufg_I_O)         0.029     0.366 r  tme_bd_i/processing_system7_0/inst/buffer_fclk_clk_0.FCLK_CLK_0_BUFG/O
                         net (fo=25602, routed)       0.904     1.270    tme_bd_i/proc_sys_reset_0/U0/EXT_LPF/ACTIVE_LOW_EXT.ACT_LO_EXT/dest_clk
    SLICE_X46Y134        FDRE                                         r  tme_bd_i/proc_sys_reset_0/U0/EXT_LPF/ACTIVE_LOW_EXT.ACT_LO_EXT/syncstages_ff_reg[0]/C





--------------------------------------------------------------------------------------
Path Group:  (none)
From Clock:  clk_fpga_0
  To Clock:  clk_fpga_0

Max Delay           132 Endpoints
Min Delay           132 Endpoints
--------------------------------------------------------------------------------------


Max Delay Paths
--------------------------------------------------------------------------------------
Slack:                    inf
  Source:                 tme_bd_i/proc_sys_reset_0/U0/ACTIVE_LOW_PR_OUT_DFF[0].FDRE_PER_N/C
                            (rising edge-triggered cell FDRE clocked by clk_fpga_0  {rise@0.000ns fall@4.000ns period=8.000ns})
  Destination:            tme_bd_i/smartconnect_mem/inst/clk_map/psr_aclk/U0/EXT_LPF/ACTIVE_LOW_AUX.ACT_LO_AUX/syncstages_ff_reg[0]/D
                            (rising edge-triggered cell FDRE clocked by clk_fpga_0  {rise@0.000ns fall@4.000ns period=8.000ns})
  Path Group:             (none)
  Path Type:              Setup (Max at Slow Process Corner)
  Data Path Delay:        5.839ns  (logic 0.580ns (9.933%)  route 5.259ns (90.067%))
  Logic Levels:           1  (LUT1=1)
  Clock Path Skew:        -0.459ns (DCD - SCD + CPR)
    Destination Clock Delay (DCD):    2.671ns
    Source Clock Delay      (SCD):    3.130ns
    Clock Pessimism Removal (CPR):    0.000ns
  Clock Uncertainty:      0.125ns  ((TSJ^2 + TIJ^2)^1/2 + DJ) / 2 + PE
    Total System Jitter     (TSJ):    0.071ns
    Total Input Jitter      (TIJ):    0.240ns
    Discrete Jitter          (DJ):    0.000ns
    Phase Error              (PE):    0.000ns
  Timing Exception:       False Path

    Location             Delay type                Incr(ns)  Path(ns)    Netlist Resource(s)
  -------------------------------------------------------------------    -------------------
                         (clock clk_fpga_0 rise edge)
                                                      0.000     0.000 r  
    PS7_X0Y0             PS7                          0.000     0.000 r  tme_bd_i/processing_system7_0/inst/PS7_i/FCLKCLK[0]
                         net (fo=1, routed)           1.193     1.193    tme_bd_i/processing_system7_0/inst/FCLK_CLK_unbuffered[0]
    BUFGCTRL_X0Y16       BUFG (Prop_bufg_I_O)         0.101     1.294 r  tme_bd_i/processing_system7_0/inst/buffer_fclk_clk_0.FCLK_CLK_0_BUFG/O
                         net (fo=25602, routed)       1.836     3.130    tme_bd_i/proc_sys_reset_0/U0/slowest_sync_clk
    SLICE_X47Y134        FDRE                                         r  tme_bd_i/proc_sys_reset_0/U0/ACTIVE_LOW_PR_OUT_DFF[0].FDRE_PER_N/C
  -------------------------------------------------------------------    -------------------
    SLICE_X47Y134        FDRE (Prop_fdre_C_Q)         0.456     3.586 f  tme_bd_i/proc_sys_reset_0/U0/ACTIVE_LOW_PR_OUT_DFF[0].FDRE_PER_N/Q
                         net (fo=47, routed)          5.259     8.845    tme_bd_i/smartconnect_mem/inst/clk_map/psr_aclk/U0/EXT_LPF/aresetn
    SLICE_X40Y11         LUT1 (Prop_lut1_I0_O)        0.124     8.969 r  tme_bd_i/smartconnect_mem/inst/clk_map/psr_aclk/U0/EXT_LPF/ACTIVE_LOW_AUX.ACT_LO_AUX_i_1/O
                         net (fo=1, routed)           0.000     8.969    tme_bd_i/smartconnect_mem/inst/clk_map/psr_aclk/U0/EXT_LPF/ACTIVE_LOW_AUX.ACT_LO_AUX/src_in
    SLICE_X40Y11         FDRE                                         r  tme_bd_i/smartconnect_mem/inst/clk_map/psr_aclk/U0/EXT_LPF/ACTIVE_LOW_AUX.ACT_LO_AUX/syncstages_ff_reg[0]/D
  -------------------------------------------------------------------    -------------------

                         (clock clk_fpga_0 rise edge)
                                                      0.000     0.000 r  
    PS7_X0Y0             PS7                          0.000     0.000 r  tme_bd_i/processing_system7_0/inst/PS7_i/FCLKCLK[0]
                         net (fo=1, routed)           1.088     1.088    tme_bd_i/processing_system7_0/inst/FCLK_CLK_unbuffered[0]
    BUFGCTRL_X0Y16       BUFG (Prop_bufg_I_O)         0.091     1.179 r  tme_bd_i/processing_system7_0/inst/buffer_fclk_clk_0.FCLK_CLK_0_BUFG/O
                         net (fo=25602, routed)       1.492     2.671    tme_bd_i/smartconnect_mem/inst/clk_map/psr_aclk/U0/EXT_LPF/ACTIVE_LOW_AUX.ACT_LO_AUX/dest_clk
    SLICE_X40Y11         FDRE                                         r  tme_bd_i/smartconnect_mem/inst/clk_map/psr_aclk/U0/EXT_LPF/ACTIVE_LOW_AUX.ACT_LO_AUX/syncstages_ff_reg[0]/C

Slack:                    inf
  Source:                 tme_bd_i/proc_sys_reset_0/U0/ACTIVE_LOW_PR_OUT_DFF[0].FDRE_PER_N/C
                            (rising edge-triggered cell FDRE clocked by clk_fpga_0  {rise@0.000ns fall@4.000ns period=8.000ns})
  Destination:            tme_bd_i/axi_dma_patch/U0/I_RST_MODULE/REG_HRD_RST/syncstages_ff_reg[0]/D
                            (rising edge-triggered cell FDRE clocked by clk_fpga_0  {rise@0.000ns fall@4.000ns period=8.000ns})
  Path Group:             (none)
  Path Type:              Setup (Max at Slow Process Corner)
  Data Path Delay:        5.833ns  (logic 0.456ns (7.818%)  route 5.377ns (92.182%))
  Logic Levels:           0  
  Clock Path Skew:        -0.400ns (DCD - SCD + CPR)
    Destination Clock Delay (DCD):    2.730ns
    Source Clock Delay      (SCD):    3.130ns
    Clock Pessimism Removal (CPR):    0.000ns
  Clock Uncertainty:      0.125ns  ((TSJ^2 + TIJ^2)^1/2 + DJ) / 2 + PE
    Total System Jitter     (TSJ):    0.071ns
    Total Input Jitter      (TIJ):    0.240ns
    Discrete Jitter          (DJ):    0.000ns
    Phase Error              (PE):    0.000ns
  Timing Exception:       False Path

    Location             Delay type                Incr(ns)  Path(ns)    Netlist Resource(s)
  -------------------------------------------------------------------    -------------------
                         (clock clk_fpga_0 rise edge)
                                                      0.000     0.000 r  
    PS7_X0Y0             PS7                          0.000     0.000 r  tme_bd_i/processing_system7_0/inst/PS7_i/FCLKCLK[0]
                         net (fo=1, routed)           1.193     1.193    tme_bd_i/processing_system7_0/inst/FCLK_CLK_unbuffered[0]
    BUFGCTRL_X0Y16       BUFG (Prop_bufg_I_O)         0.101     1.294 r  tme_bd_i/processing_system7_0/inst/buffer_fclk_clk_0.FCLK_CLK_0_BUFG/O
                         net (fo=25602, routed)       1.836     3.130    tme_bd_i/proc_sys_reset_0/U0/slowest_sync_clk
    SLICE_X47Y134        FDRE                                         r  tme_bd_i/proc_sys_reset_0/U0/ACTIVE_LOW_PR_OUT_DFF[0].FDRE_PER_N/C
  -------------------------------------------------------------------    -------------------
    SLICE_X47Y134        FDRE (Prop_fdre_C_Q)         0.456     3.586 r  tme_bd_i/proc_sys_reset_0/U0/ACTIVE_LOW_PR_OUT_DFF[0].FDRE_PER_N/Q
                         net (fo=47, routed)          5.377     8.963    tme_bd_i/axi_dma_patch/U0/I_RST_MODULE/REG_HRD_RST/src_rst
    SLICE_X63Y14         FDRE                                         r  tme_bd_i/axi_dma_patch/U0/I_RST_MODULE/REG_HRD_RST/syncstages_ff_reg[0]/D
  -------------------------------------------------------------------    -------------------

                         (clock clk_fpga_0 rise edge)
                                                      0.000     0.000 r  
    PS7_X0Y0             PS7                          0.000     0.000 r  tme_bd_i/processing_system7_0/inst/PS7_i/FCLKCLK[0]
                         net (fo=1, routed)           1.088     1.088    tme_bd_i/processing_system7_0/inst/FCLK_CLK_unbuffered[0]
    BUFGCTRL_X0Y16       BUFG (Prop_bufg_I_O)         0.091     1.179 r  tme_bd_i/processing_system7_0/inst/buffer_fclk_clk_0.FCLK_CLK_0_BUFG/O
                         net (fo=25602, routed)       1.551     2.730    tme_bd_i/axi_dma_patch/U0/I_RST_MODULE/REG_HRD_RST/dest_clk
    SLICE_X63Y14         FDRE                                         r  tme_bd_i/axi_dma_patch/U0/I_RST_MODULE/REG_HRD_RST/syncstages_ff_reg[0]/C

Slack:                    inf
  Source:                 tme_bd_i/proc_sys_reset_0/U0/ACTIVE_LOW_PR_OUT_DFF[0].FDRE_PER_N/C
                            (rising edge-triggered cell FDRE clocked by clk_fpga_0  {rise@0.000ns fall@4.000ns period=8.000ns})
  Destination:            tme_bd_i/axi_dma_templ/U0/I_RST_MODULE/REG_HRD_RST/syncstages_ff_reg[0]/D
                            (rising edge-triggered cell FDRE clocked by clk_fpga_0  {rise@0.000ns fall@4.000ns period=8.000ns})
  Path Group:             (none)
  Path Type:              Setup (Max at Slow Process Corner)
  Data Path Delay:        5.222ns  (logic 0.456ns (8.733%)  route 4.766ns (91.267%))
  Logic Levels:           0  
  Clock Path Skew:        -0.465ns (DCD - SCD + CPR)
    Destination Clock Delay (DCD):    2.665ns
    Source Clock Delay      (SCD):    3.130ns
    Clock Pessimism Removal (CPR):    0.000ns
  Clock Uncertainty:      0.125ns  ((TSJ^2 + TIJ^2)^1/2 + DJ) / 2 + PE
    Total System Jitter     (TSJ):    0.071ns
    Total Input Jitter      (TIJ):    0.240ns
    Discrete Jitter          (DJ):    0.000ns
    Phase Error              (PE):    0.000ns
  Timing Exception:       False Path

    Location             Delay type                Incr(ns)  Path(ns)    Netlist Resource(s)
  -------------------------------------------------------------------    -------------------
                         (clock clk_fpga_0 rise edge)
                                                      0.000     0.000 r  
    PS7_X0Y0             PS7                          0.000     0.000 r  tme_bd_i/processing_system7_0/inst/PS7_i/FCLKCLK[0]
                         net (fo=1, routed)           1.193     1.193    tme_bd_i/processing_system7_0/inst/FCLK_CLK_unbuffered[0]
    BUFGCTRL_X0Y16       BUFG (Prop_bufg_I_O)         0.101     1.294 r  tme_bd_i/processing_system7_0/inst/buffer_fclk_clk_0.FCLK_CLK_0_BUFG/O
                         net (fo=25602, routed)       1.836     3.130    tme_bd_i/proc_sys_reset_0/U0/slowest_sync_clk
    SLICE_X47Y134        FDRE                                         r  tme_bd_i/proc_sys_reset_0/U0/ACTIVE_LOW_PR_OUT_DFF[0].FDRE_PER_N/C
  -------------------------------------------------------------------    -------------------
    SLICE_X47Y134        FDRE (Prop_fdre_C_Q)         0.456     3.586 r  tme_bd_i/proc_sys_reset_0/U0/ACTIVE_LOW_PR_OUT_DFF[0].FDRE_PER_N/Q
                         net (fo=47, routed)          4.766     8.352    tme_bd_i/axi_dma_templ/U0/I_RST_MODULE/REG_HRD_RST/src_rst
    SLICE_X45Y17         FDRE                                         r  tme_bd_i/axi_dma_templ/U0/I_RST_MODULE/REG_HRD_RST/syncstages_ff_reg[0]/D
  -------------------------------------------------------------------    -------------------

                         (clock clk_fpga_0 rise edge)
                                                      0.000     0.000 r  
    PS7_X0Y0             PS7                          0.000     0.000 r  tme_bd_i/processing_system7_0/inst/PS7_i/FCLKCLK[0]
                         net (fo=1, routed)           1.088     1.088    tme_bd_i/processing_system7_0/inst/FCLK_CLK_unbuffered[0]
    BUFGCTRL_X0Y16       BUFG (Prop_bufg_I_O)         0.091     1.179 r  tme_bd_i/processing_system7_0/inst/buffer_fclk_clk_0.FCLK_CLK_0_BUFG/O
                         net (fo=25602, routed)       1.486     2.665    tme_bd_i/axi_dma_templ/U0/I_RST_MODULE/REG_HRD_RST/dest_clk
    SLICE_X45Y17         FDRE                                         r  tme_bd_i/axi_dma_templ/U0/I_RST_MODULE/REG_HRD_RST/syncstages_ff_reg[0]/C

Slack:                    inf
  Source:                 tme_bd_i/smartconnect_lite/inst/clk_map/psr_aclk/U0/ACTIVE_LOW_BSR_OUT_DFF[0].FDRE_BSR_N/C
                            (rising edge-triggered cell FDRE clocked by clk_fpga_0  {rise@0.000ns fall@4.000ns period=8.000ns})
  Destination:            tme_bd_i/smartconnect_lite/inst/switchboards/i_nodes/i_aw_node/inst/s_sc_xpm_cdc_async_rst_inst/arststages_ff_reg[0]/CLR
                            (recovery check against rising-edge clock clk_fpga_0  {rise@0.000ns fall@4.000ns period=8.000ns})
  Path Group:             (none)
  Path Type:              Recovery (Max at Slow Process Corner)
  Data Path Delay:        3.655ns  (logic 0.610ns (16.689%)  route 3.045ns (83.311%))
  Logic Levels:           1  (LUT1=1)
  Clock Path Skew:        -0.312ns (DCD - SCD + CPR)
    Destination Clock Delay (DCD):    2.860ns
    Source Clock Delay      (SCD):    3.172ns
    Clock Pessimism Removal (CPR):    0.000ns
  Clock Uncertainty:      0.125ns  ((TSJ^2 + TIJ^2)^1/2 + DJ) / 2 + PE
    Total System Jitter     (TSJ):    0.071ns
    Total Input Jitter      (TIJ):    0.240ns
    Discrete Jitter          (DJ):    0.000ns
    Phase Error              (PE):    0.000ns
  Timing Exception:       False Path

    Location             Delay type                Incr(ns)  Path(ns)    Netlist Resource(s)
  -------------------------------------------------------------------    -------------------
                         (clock clk_fpga_0 rise edge)
                                                      0.000     0.000 r  
    PS7_X0Y0             PS7                          0.000     0.000 r  tme_bd_i/processing_system7_0/inst/PS7_i/FCLKCLK[0]
                         net (fo=1, routed)           1.193     1.193    tme_bd_i/processing_system7_0/inst/FCLK_CLK_unbuffered[0]
    BUFGCTRL_X0Y16       BUFG (Prop_bufg_I_O)         0.101     1.294 r  tme_bd_i/processing_system7_0/inst/buffer_fclk_clk_0.FCLK_CLK_0_BUFG/O
                         net (fo=25602, routed)       1.878     3.172    tme_bd_i/smartconnect_lite/inst/clk_map/psr_aclk/U0/aclk
    SLICE_X31Y129        FDRE                                         r  tme_bd_i/smartconnect_lite/inst/clk_map/psr_aclk/U0/ACTIVE_LOW_BSR_OUT_DFF[0].FDRE_BSR_N/C
  -------------------------------------------------------------------    -------------------
    SLICE_X31Y129        FDRE (Prop_fdre_C_Q)         0.456     3.628 r  tme_bd_i/smartconnect_lite/inst/clk_map/psr_aclk/U0/ACTIVE_LOW_BSR_OUT_DFF[0].FDRE_BSR_N/Q
                         net (fo=31, routed)          2.373     6.001    tme_bd_i/smartconnect_lite/inst/switchboards/i_nodes/i_aw_node/inst/s_sc_xpm_cdc_async_rst_inst/src_arst
    SLICE_X27Y118        LUT1 (Prop_lut1_I0_O)        0.154     6.155 f  tme_bd_i/smartconnect_lite/inst/switchboards/i_nodes/i_aw_node/inst/s_sc_xpm_cdc_async_rst_inst/arststages_ff[2]_i_1/O
                         net (fo=3, routed)           0.672     6.827    tme_bd_i/smartconnect_lite/inst/switchboards/i_nodes/i_aw_node/inst/s_sc_xpm_cdc_async_rst_inst/reset_pol
    SLICE_X27Y122        FDCE                                         f  tme_bd_i/smartconnect_lite/inst/switchboards/i_nodes/i_aw_node/inst/s_sc_xpm_cdc_async_rst_inst/arststages_ff_reg[0]/CLR
  -------------------------------------------------------------------    -------------------

                         (clock clk_fpga_0 rise edge)
                                                      0.000     0.000 r  
    PS7_X0Y0             PS7                          0.000     0.000 r  tme_bd_i/processing_system7_0/inst/PS7_i/FCLKCLK[0]
                         net (fo=1, routed)           1.088     1.088    tme_bd_i/processing_system7_0/inst/FCLK_CLK_unbuffered[0]
    BUFGCTRL_X0Y16       BUFG (Prop_bufg_I_O)         0.091     1.179 r  tme_bd_i/processing_system7_0/inst/buffer_fclk_clk_0.FCLK_CLK_0_BUFG/O
                         net (fo=25602, routed)       1.681     2.860    tme_bd_i/smartconnect_lite/inst/switchboards/i_nodes/i_aw_node/inst/s_sc_xpm_cdc_async_rst_inst/dest_clk
    SLICE_X27Y122        FDCE                                         r  tme_bd_i/smartconnect_lite/inst/switchboards/i_nodes/i_aw_node/inst/s_sc_xpm_cdc_async_rst_inst/arststages_ff_reg[0]/C

Slack:                    inf
  Source:                 tme_bd_i/smartconnect_lite/inst/clk_map/psr_aclk/U0/ACTIVE_LOW_BSR_OUT_DFF[0].FDRE_BSR_N/C
                            (rising edge-triggered cell FDRE clocked by clk_fpga_0  {rise@0.000ns fall@4.000ns period=8.000ns})
  Destination:            tme_bd_i/smartconnect_lite/inst/switchboards/i_nodes/i_aw_node/inst/s_sc_xpm_cdc_async_rst_inst/arststages_ff_reg[1]/CLR
                            (recovery check against rising-edge clock clk_fpga_0  {rise@0.000ns fall@4.000ns period=8.000ns})
  Path Group:             (none)
  Path Type:              Recovery (Max at Slow Process Corner)
  Data Path Delay:        3.655ns  (logic 0.610ns (16.689%)  route 3.045ns (83.311%))
  Logic Levels:           1  (LUT1=1)
  Clock Path Skew:        -0.312ns (DCD - SCD + CPR)
    Destination Clock Delay (DCD):    2.860ns
    Source Clock Delay      (SCD):    3.172ns
    Clock Pessimism Removal (CPR):    0.000ns
  Clock Uncertainty:      0.125ns  ((TSJ^2 + TIJ^2)^1/2 + DJ) / 2 + PE
    Total System Jitter     (TSJ):    0.071ns
    Total Input Jitter      (TIJ):    0.240ns
    Discrete Jitter          (DJ):    0.000ns
    Phase Error              (PE):    0.000ns
  Timing Exception:       False Path

    Location             Delay type                Incr(ns)  Path(ns)    Netlist Resource(s)
  -------------------------------------------------------------------    -------------------
                         (clock clk_fpga_0 rise edge)
                                                      0.000     0.000 r  
    PS7_X0Y0             PS7                          0.000     0.000 r  tme_bd_i/processing_system7_0/inst/PS7_i/FCLKCLK[0]
                         net (fo=1, routed)           1.193     1.193    tme_bd_i/processing_system7_0/inst/FCLK_CLK_unbuffered[0]
    BUFGCTRL_X0Y16       BUFG (Prop_bufg_I_O)         0.101     1.294 r  tme_bd_i/processing_system7_0/inst/buffer_fclk_clk_0.FCLK_CLK_0_BUFG/O
                         net (fo=25602, routed)       1.878     3.172    tme_bd_i/smartconnect_lite/inst/clk_map/psr_aclk/U0/aclk
    SLICE_X31Y129        FDRE                                         r  tme_bd_i/smartconnect_lite/inst/clk_map/psr_aclk/U0/ACTIVE_LOW_BSR_OUT_DFF[0].FDRE_BSR_N/C
  -------------------------------------------------------------------    -------------------
    SLICE_X31Y129        FDRE (Prop_fdre_C_Q)         0.456     3.628 r  tme_bd_i/smartconnect_lite/inst/clk_map/psr_aclk/U0/ACTIVE_LOW_BSR_OUT_DFF[0].FDRE_BSR_N/Q
                         net (fo=31, routed)          2.373     6.001    tme_bd_i/smartconnect_lite/inst/switchboards/i_nodes/i_aw_node/inst/s_sc_xpm_cdc_async_rst_inst/src_arst
    SLICE_X27Y118        LUT1 (Prop_lut1_I0_O)        0.154     6.155 f  tme_bd_i/smartconnect_lite/inst/switchboards/i_nodes/i_aw_node/inst/s_sc_xpm_cdc_async_rst_inst/arststages_ff[2]_i_1/O
                         net (fo=3, routed)           0.672     6.827    tme_bd_i/smartconnect_lite/inst/switchboards/i_nodes/i_aw_node/inst/s_sc_xpm_cdc_async_rst_inst/reset_pol
    SLICE_X27Y122        FDCE                                         f  tme_bd_i/smartconnect_lite/inst/switchboards/i_nodes/i_aw_node/inst/s_sc_xpm_cdc_async_rst_inst/arststages_ff_reg[1]/CLR
  -------------------------------------------------------------------    -------------------

                         (clock clk_fpga_0 rise edge)
                                                      0.000     0.000 r  
    PS7_X0Y0             PS7                          0.000     0.000 r  tme_bd_i/processing_system7_0/inst/PS7_i/FCLKCLK[0]
                         net (fo=1, routed)           1.088     1.088    tme_bd_i/processing_system7_0/inst/FCLK_CLK_unbuffered[0]
    BUFGCTRL_X0Y16       BUFG (Prop_bufg_I_O)         0.091     1.179 r  tme_bd_i/processing_system7_0/inst/buffer_fclk_clk_0.FCLK_CLK_0_BUFG/O
                         net (fo=25602, routed)       1.681     2.860    tme_bd_i/smartconnect_lite/inst/switchboards/i_nodes/i_aw_node/inst/s_sc_xpm_cdc_async_rst_inst/dest_clk
    SLICE_X27Y122        FDCE                                         r  tme_bd_i/smartconnect_lite/inst/switchboards/i_nodes/i_aw_node/inst/s_sc_xpm_cdc_async_rst_inst/arststages_ff_reg[1]/C

Slack:                    inf
  Source:                 tme_bd_i/smartconnect_lite/inst/clk_map/psr_aclk/U0/ACTIVE_LOW_BSR_OUT_DFF[0].FDRE_BSR_N/C
                            (rising edge-triggered cell FDRE clocked by clk_fpga_0  {rise@0.000ns fall@4.000ns period=8.000ns})
  Destination:            tme_bd_i/smartconnect_lite/inst/switchboards/i_nodes/i_aw_node/inst/s_sc_xpm_cdc_async_rst_inst/arststages_ff_reg[2]/CLR
                            (recovery check against rising-edge clock clk_fpga_0  {rise@0.000ns fall@4.000ns period=8.000ns})
  Path Group:             (none)
  Path Type:              Recovery (Max at Slow Process Corner)
  Data Path Delay:        3.655ns  (logic 0.610ns (16.689%)  route 3.045ns (83.311%))
  Logic Levels:           1  (LUT1=1)
  Clock Path Skew:        -0.312ns (DCD - SCD + CPR)
    Destination Clock Delay (DCD):    2.860ns
    Source Clock Delay      (SCD):    3.172ns
    Clock Pessimism Removal (CPR):    0.000ns
  Clock Uncertainty:      0.125ns  ((TSJ^2 + TIJ^2)^1/2 + DJ) / 2 + PE
    Total System Jitter     (TSJ):    0.071ns
    Total Input Jitter      (TIJ):    0.240ns
    Discrete Jitter          (DJ):    0.000ns
    Phase Error              (PE):    0.000ns
  Timing Exception:       False Path

    Location             Delay type                Incr(ns)  Path(ns)    Netlist Resource(s)
  -------------------------------------------------------------------    -------------------
                         (clock clk_fpga_0 rise edge)
                                                      0.000     0.000 r  
    PS7_X0Y0             PS7                          0.000     0.000 r  tme_bd_i/processing_system7_0/inst/PS7_i/FCLKCLK[0]
                         net (fo=1, routed)           1.193     1.193    tme_bd_i/processing_system7_0/inst/FCLK_CLK_unbuffered[0]
    BUFGCTRL_X0Y16       BUFG (Prop_bufg_I_O)         0.101     1.294 r  tme_bd_i/processing_system7_0/inst/buffer_fclk_clk_0.FCLK_CLK_0_BUFG/O
                         net (fo=25602, routed)       1.878     3.172    tme_bd_i/smartconnect_lite/inst/clk_map/psr_aclk/U0/aclk
    SLICE_X31Y129        FDRE                                         r  tme_bd_i/smartconnect_lite/inst/clk_map/psr_aclk/U0/ACTIVE_LOW_BSR_OUT_DFF[0].FDRE_BSR_N/C
  -------------------------------------------------------------------    -------------------
    SLICE_X31Y129        FDRE (Prop_fdre_C_Q)         0.456     3.628 r  tme_bd_i/smartconnect_lite/inst/clk_map/psr_aclk/U0/ACTIVE_LOW_BSR_OUT_DFF[0].FDRE_BSR_N/Q
                         net (fo=31, routed)          2.373     6.001    tme_bd_i/smartconnect_lite/inst/switchboards/i_nodes/i_aw_node/inst/s_sc_xpm_cdc_async_rst_inst/src_arst
    SLICE_X27Y118        LUT1 (Prop_lut1_I0_O)        0.154     6.155 f  tme_bd_i/smartconnect_lite/inst/switchboards/i_nodes/i_aw_node/inst/s_sc_xpm_cdc_async_rst_inst/arststages_ff[2]_i_1/O
                         net (fo=3, routed)           0.672     6.827    tme_bd_i/smartconnect_lite/inst/switchboards/i_nodes/i_aw_node/inst/s_sc_xpm_cdc_async_rst_inst/reset_pol
    SLICE_X27Y122        FDCE                                         f  tme_bd_i/smartconnect_lite/inst/switchboards/i_nodes/i_aw_node/inst/s_sc_xpm_cdc_async_rst_inst/arststages_ff_reg[2]/CLR
  -------------------------------------------------------------------    -------------------

                         (clock clk_fpga_0 rise edge)
                                                      0.000     0.000 r  
    PS7_X0Y0             PS7                          0.000     0.000 r  tme_bd_i/processing_system7_0/inst/PS7_i/FCLKCLK[0]
                         net (fo=1, routed)           1.088     1.088    tme_bd_i/processing_system7_0/inst/FCLK_CLK_unbuffered[0]
    BUFGCTRL_X0Y16       BUFG (Prop_bufg_I_O)         0.091     1.179 r  tme_bd_i/processing_system7_0/inst/buffer_fclk_clk_0.FCLK_CLK_0_BUFG/O
                         net (fo=25602, routed)       1.681     2.860    tme_bd_i/smartconnect_lite/inst/switchboards/i_nodes/i_aw_node/inst/s_sc_xpm_cdc_async_rst_inst/dest_clk
    SLICE_X27Y122        FDCE                                         r  tme_bd_i/smartconnect_lite/inst/switchboards/i_nodes/i_aw_node/inst/s_sc_xpm_cdc_async_rst_inst/arststages_ff_reg[2]/C

Slack:                    inf
  Source:                 tme_bd_i/smartconnect_lite/inst/clk_map/psr_aclk/U0/ACTIVE_LOW_BSR_OUT_DFF[0].FDRE_BSR_N/C
                            (rising edge-triggered cell FDRE clocked by clk_fpga_0  {rise@0.000ns fall@4.000ns period=8.000ns})
  Destination:            tme_bd_i/smartconnect_lite/inst/m02_nodes/m02_ar_node/inst/s_sc_xpm_cdc_async_rst_inst/arststages_ff_reg[0]/CLR
                            (recovery check against rising-edge clock clk_fpga_0  {rise@0.000ns fall@4.000ns period=8.000ns})
  Path Group:             (none)
  Path Type:              Recovery (Max at Slow Process Corner)
  Data Path Delay:        3.607ns  (logic 0.609ns (16.883%)  route 2.998ns (83.117%))
  Logic Levels:           1  (LUT1=1)
  Clock Path Skew:        -0.355ns (DCD - SCD + CPR)
    Destination Clock Delay (DCD):    2.817ns
    Source Clock Delay      (SCD):    3.172ns
    Clock Pessimism Removal (CPR):    0.000ns
  Clock Uncertainty:      0.125ns  ((TSJ^2 + TIJ^2)^1/2 + DJ) / 2 + PE
    Total System Jitter     (TSJ):    0.071ns
    Total Input Jitter      (TIJ):    0.240ns
    Discrete Jitter          (DJ):    0.000ns
    Phase Error              (PE):    0.000ns
  Timing Exception:       False Path

    Location             Delay type                Incr(ns)  Path(ns)    Netlist Resource(s)
  -------------------------------------------------------------------    -------------------
                         (clock clk_fpga_0 rise edge)
                                                      0.000     0.000 r  
    PS7_X0Y0             PS7                          0.000     0.000 r  tme_bd_i/processing_system7_0/inst/PS7_i/FCLKCLK[0]
                         net (fo=1, routed)           1.193     1.193    tme_bd_i/processing_system7_0/inst/FCLK_CLK_unbuffered[0]
    BUFGCTRL_X0Y16       BUFG (Prop_bufg_I_O)         0.101     1.294 r  tme_bd_i/processing_system7_0/inst/buffer_fclk_clk_0.FCLK_CLK_0_BUFG/O
                         net (fo=25602, routed)       1.878     3.172    tme_bd_i/smartconnect_lite/inst/clk_map/psr_aclk/U0/aclk
    SLICE_X31Y129        FDRE                                         r  tme_bd_i/smartconnect_lite/inst/clk_map/psr_aclk/U0/ACTIVE_LOW_BSR_OUT_DFF[0].FDRE_BSR_N/C
  -------------------------------------------------------------------    -------------------
    SLICE_X31Y129        FDRE (Prop_fdre_C_Q)         0.456     3.628 r  tme_bd_i/smartconnect_lite/inst/clk_map/psr_aclk/U0/ACTIVE_LOW_BSR_OUT_DFF[0].FDRE_BSR_N/Q
                         net (fo=31, routed)          2.466     6.094    tme_bd_i/smartconnect_lite/inst/m02_nodes/m02_ar_node/inst/s_sc_xpm_cdc_async_rst_inst/src_arst
    SLICE_X36Y123        LUT1 (Prop_lut1_I0_O)        0.153     6.247 f  tme_bd_i/smartconnect_lite/inst/m02_nodes/m02_ar_node/inst/s_sc_xpm_cdc_async_rst_inst/arststages_ff[2]_i_1/O
                         net (fo=3, routed)           0.532     6.779    tme_bd_i/smartconnect_lite/inst/m02_nodes/m02_ar_node/inst/s_sc_xpm_cdc_async_rst_inst/reset_pol
    SLICE_X36Y123        FDCE                                         f  tme_bd_i/smartconnect_lite/inst/m02_nodes/m02_ar_node/inst/s_sc_xpm_cdc_async_rst_inst/arststages_ff_reg[0]/CLR
  -------------------------------------------------------------------    -------------------

                         (clock clk_fpga_0 rise edge)
                                                      0.000     0.000 r  
    PS7_X0Y0             PS7                          0.000     0.000 r  tme_bd_i/processing_system7_0/inst/PS7_i/FCLKCLK[0]
                         net (fo=1, routed)           1.088     1.088    tme_bd_i/processing_system7_0/inst/FCLK_CLK_unbuffered[0]
    BUFGCTRL_X0Y16       BUFG (Prop_bufg_I_O)         0.091     1.179 r  tme_bd_i/processing_system7_0/inst/buffer_fclk_clk_0.FCLK_CLK_0_BUFG/O
                         net (fo=25602, routed)       1.638     2.817    tme_bd_i/smartconnect_lite/inst/m02_nodes/m02_ar_node/inst/s_sc_xpm_cdc_async_rst_inst/dest_clk
    SLICE_X36Y123        FDCE                                         r  tme_bd_i/smartconnect_lite/inst/m02_nodes/m02_ar_node/inst/s_sc_xpm_cdc_async_rst_inst/arststages_ff_reg[0]/C

Slack:                    inf
  Source:                 tme_bd_i/smartconnect_lite/inst/clk_map/psr_aclk/U0/ACTIVE_LOW_BSR_OUT_DFF[0].FDRE_BSR_N/C
                            (rising edge-triggered cell FDRE clocked by clk_fpga_0  {rise@0.000ns fall@4.000ns period=8.000ns})
  Destination:            tme_bd_i/smartconnect_lite/inst/m02_nodes/m02_ar_node/inst/s_sc_xpm_cdc_async_rst_inst/arststages_ff_reg[1]/CLR
                            (recovery check against rising-edge clock clk_fpga_0  {rise@0.000ns fall@4.000ns period=8.000ns})
  Path Group:             (none)
  Path Type:              Recovery (Max at Slow Process Corner)
  Data Path Delay:        3.607ns  (logic 0.609ns (16.883%)  route 2.998ns (83.117%))
  Logic Levels:           1  (LUT1=1)
  Clock Path Skew:        -0.355ns (DCD - SCD + CPR)
    Destination Clock Delay (DCD):    2.817ns
    Source Clock Delay      (SCD):    3.172ns
    Clock Pessimism Removal (CPR):    0.000ns
  Clock Uncertainty:      0.125ns  ((TSJ^2 + TIJ^2)^1/2 + DJ) / 2 + PE
    Total System Jitter     (TSJ):    0.071ns
    Total Input Jitter      (TIJ):    0.240ns
    Discrete Jitter          (DJ):    0.000ns
    Phase Error              (PE):    0.000ns
  Timing Exception:       False Path

    Location             Delay type                Incr(ns)  Path(ns)    Netlist Resource(s)
  -------------------------------------------------------------------    -------------------
                         (clock clk_fpga_0 rise edge)
                                                      0.000     0.000 r  
    PS7_X0Y0             PS7                          0.000     0.000 r  tme_bd_i/processing_system7_0/inst/PS7_i/FCLKCLK[0]
                         net (fo=1, routed)           1.193     1.193    tme_bd_i/processing_system7_0/inst/FCLK_CLK_unbuffered[0]
    BUFGCTRL_X0Y16       BUFG (Prop_bufg_I_O)         0.101     1.294 r  tme_bd_i/processing_system7_0/inst/buffer_fclk_clk_0.FCLK_CLK_0_BUFG/O
                         net (fo=25602, routed)       1.878     3.172    tme_bd_i/smartconnect_lite/inst/clk_map/psr_aclk/U0/aclk
    SLICE_X31Y129        FDRE                                         r  tme_bd_i/smartconnect_lite/inst/clk_map/psr_aclk/U0/ACTIVE_LOW_BSR_OUT_DFF[0].FDRE_BSR_N/C
  -------------------------------------------------------------------    -------------------
    SLICE_X31Y129        FDRE (Prop_fdre_C_Q)         0.456     3.628 r  tme_bd_i/smartconnect_lite/inst/clk_map/psr_aclk/U0/ACTIVE_LOW_BSR_OUT_DFF[0].FDRE_BSR_N/Q
                         net (fo=31, routed)          2.466     6.094    tme_bd_i/smartconnect_lite/inst/m02_nodes/m02_ar_node/inst/s_sc_xpm_cdc_async_rst_inst/src_arst
    SLICE_X36Y123        LUT1 (Prop_lut1_I0_O)        0.153     6.247 f  tme_bd_i/smartconnect_lite/inst/m02_nodes/m02_ar_node/inst/s_sc_xpm_cdc_async_rst_inst/arststages_ff[2]_i_1/O
                         net (fo=3, routed)           0.532     6.779    tme_bd_i/smartconnect_lite/inst/m02_nodes/m02_ar_node/inst/s_sc_xpm_cdc_async_rst_inst/reset_pol
    SLICE_X36Y123        FDCE                                         f  tme_bd_i/smartconnect_lite/inst/m02_nodes/m02_ar_node/inst/s_sc_xpm_cdc_async_rst_inst/arststages_ff_reg[1]/CLR
  -------------------------------------------------------------------    -------------------

                         (clock clk_fpga_0 rise edge)
                                                      0.000     0.000 r  
    PS7_X0Y0             PS7                          0.000     0.000 r  tme_bd_i/processing_system7_0/inst/PS7_i/FCLKCLK[0]
                         net (fo=1, routed)           1.088     1.088    tme_bd_i/processing_system7_0/inst/FCLK_CLK_unbuffered[0]
    BUFGCTRL_X0Y16       BUFG (Prop_bufg_I_O)         0.091     1.179 r  tme_bd_i/processing_system7_0/inst/buffer_fclk_clk_0.FCLK_CLK_0_BUFG/O
                         net (fo=25602, routed)       1.638     2.817    tme_bd_i/smartconnect_lite/inst/m02_nodes/m02_ar_node/inst/s_sc_xpm_cdc_async_rst_inst/dest_clk
    SLICE_X36Y123        FDCE                                         r  tme_bd_i/smartconnect_lite/inst/m02_nodes/m02_ar_node/inst/s_sc_xpm_cdc_async_rst_inst/arststages_ff_reg[1]/C

Slack:                    inf
  Source:                 tme_bd_i/smartconnect_lite/inst/clk_map/psr_aclk/U0/ACTIVE_LOW_BSR_OUT_DFF[0].FDRE_BSR_N/C
                            (rising edge-triggered cell FDRE clocked by clk_fpga_0  {rise@0.000ns fall@4.000ns period=8.000ns})
  Destination:            tme_bd_i/smartconnect_lite/inst/m02_nodes/m02_ar_node/inst/s_sc_xpm_cdc_async_rst_inst/arststages_ff_reg[2]/CLR
                            (recovery check against rising-edge clock clk_fpga_0  {rise@0.000ns fall@4.000ns period=8.000ns})
  Path Group:             (none)
  Path Type:              Recovery (Max at Slow Process Corner)
  Data Path Delay:        3.607ns  (logic 0.609ns (16.883%)  route 2.998ns (83.117%))
  Logic Levels:           1  (LUT1=1)
  Clock Path Skew:        -0.355ns (DCD - SCD + CPR)
    Destination Clock Delay (DCD):    2.817ns
    Source Clock Delay      (SCD):    3.172ns
    Clock Pessimism Removal (CPR):    0.000ns
  Clock Uncertainty:      0.125ns  ((TSJ^2 + TIJ^2)^1/2 + DJ) / 2 + PE
    Total System Jitter     (TSJ):    0.071ns
    Total Input Jitter      (TIJ):    0.240ns
    Discrete Jitter          (DJ):    0.000ns
    Phase Error              (PE):    0.000ns
  Timing Exception:       False Path

    Location             Delay type                Incr(ns)  Path(ns)    Netlist Resource(s)
  -------------------------------------------------------------------    -------------------
                         (clock clk_fpga_0 rise edge)
                                                      0.000     0.000 r  
    PS7_X0Y0             PS7                          0.000     0.000 r  tme_bd_i/processing_system7_0/inst/PS7_i/FCLKCLK[0]
                         net (fo=1, routed)           1.193     1.193    tme_bd_i/processing_system7_0/inst/FCLK_CLK_unbuffered[0]
    BUFGCTRL_X0Y16       BUFG (Prop_bufg_I_O)         0.101     1.294 r  tme_bd_i/processing_system7_0/inst/buffer_fclk_clk_0.FCLK_CLK_0_BUFG/O
                         net (fo=25602, routed)       1.878     3.172    tme_bd_i/smartconnect_lite/inst/clk_map/psr_aclk/U0/aclk
    SLICE_X31Y129        FDRE                                         r  tme_bd_i/smartconnect_lite/inst/clk_map/psr_aclk/U0/ACTIVE_LOW_BSR_OUT_DFF[0].FDRE_BSR_N/C
  -------------------------------------------------------------------    -------------------
    SLICE_X31Y129        FDRE (Prop_fdre_C_Q)         0.456     3.628 r  tme_bd_i/smartconnect_lite/inst/clk_map/psr_aclk/U0/ACTIVE_LOW_BSR_OUT_DFF[0].FDRE_BSR_N/Q
                         net (fo=31, routed)          2.466     6.094    tme_bd_i/smartconnect_lite/inst/m02_nodes/m02_ar_node/inst/s_sc_xpm_cdc_async_rst_inst/src_arst
    SLICE_X36Y123        LUT1 (Prop_lut1_I0_O)        0.153     6.247 f  tme_bd_i/smartconnect_lite/inst/m02_nodes/m02_ar_node/inst/s_sc_xpm_cdc_async_rst_inst/arststages_ff[2]_i_1/O
                         net (fo=3, routed)           0.532     6.779    tme_bd_i/smartconnect_lite/inst/m02_nodes/m02_ar_node/inst/s_sc_xpm_cdc_async_rst_inst/reset_pol
    SLICE_X36Y123        FDCE                                         f  tme_bd_i/smartconnect_lite/inst/m02_nodes/m02_ar_node/inst/s_sc_xpm_cdc_async_rst_inst/arststages_ff_reg[2]/CLR
  -------------------------------------------------------------------    -------------------

                         (clock clk_fpga_0 rise edge)
                                                      0.000     0.000 r  
    PS7_X0Y0             PS7                          0.000     0.000 r  tme_bd_i/processing_system7_0/inst/PS7_i/FCLKCLK[0]
                         net (fo=1, routed)           1.088     1.088    tme_bd_i/processing_system7_0/inst/FCLK_CLK_unbuffered[0]
    BUFGCTRL_X0Y16       BUFG (Prop_bufg_I_O)         0.091     1.179 r  tme_bd_i/processing_system7_0/inst/buffer_fclk_clk_0.FCLK_CLK_0_BUFG/O
                         net (fo=25602, routed)       1.638     2.817    tme_bd_i/smartconnect_lite/inst/m02_nodes/m02_ar_node/inst/s_sc_xpm_cdc_async_rst_inst/dest_clk
    SLICE_X36Y123        FDCE                                         r  tme_bd_i/smartconnect_lite/inst/m02_nodes/m02_ar_node/inst/s_sc_xpm_cdc_async_rst_inst/arststages_ff_reg[2]/C

Slack:                    inf
  Source:                 tme_bd_i/smartconnect_lite/inst/clk_map/psr_aclk/U0/ACTIVE_LOW_BSR_OUT_DFF[0].FDRE_BSR_N/C
                            (rising edge-triggered cell FDRE clocked by clk_fpga_0  {rise@0.000ns fall@4.000ns period=8.000ns})
  Destination:            tme_bd_i/smartconnect_lite/inst/s00_nodes/s00_w_node/inst/s_sc_xpm_cdc_async_rst_inst/arststages_ff_reg[0]/CLR
                            (recovery check against rising-edge clock clk_fpga_0  {rise@0.000ns fall@4.000ns period=8.000ns})
  Path Group:             (none)
  Path Type:              Recovery (Max at Slow Process Corner)
  Data Path Delay:        3.575ns  (logic 0.580ns (16.225%)  route 2.995ns (83.775%))
  Logic Levels:           1  (LUT1=1)
  Clock Path Skew:        -0.308ns (DCD - SCD + CPR)
    Destination Clock Delay (DCD):    2.864ns
    Source Clock Delay      (SCD):    3.172ns
    Clock Pessimism Removal (CPR):    0.000ns
  Clock Uncertainty:      0.125ns  ((TSJ^2 + TIJ^2)^1/2 + DJ) / 2 + PE
    Total System Jitter     (TSJ):    0.071ns
    Total Input Jitter      (TIJ):    0.240ns
    Discrete Jitter          (DJ):    0.000ns
    Phase Error              (PE):    0.000ns
  Timing Exception:       False Path

    Location             Delay type                Incr(ns)  Path(ns)    Netlist Resource(s)
  -------------------------------------------------------------------    -------------------
                         (clock clk_fpga_0 rise edge)
                                                      0.000     0.000 r  
    PS7_X0Y0             PS7                          0.000     0.000 r  tme_bd_i/processing_system7_0/inst/PS7_i/FCLKCLK[0]
                         net (fo=1, routed)           1.193     1.193    tme_bd_i/processing_system7_0/inst/FCLK_CLK_unbuffered[0]
    BUFGCTRL_X0Y16       BUFG (Prop_bufg_I_O)         0.101     1.294 r  tme_bd_i/processing_system7_0/inst/buffer_fclk_clk_0.FCLK_CLK_0_BUFG/O
                         net (fo=25602, routed)       1.878     3.172    tme_bd_i/smartconnect_lite/inst/clk_map/psr_aclk/U0/aclk
    SLICE_X31Y129        FDRE                                         r  tme_bd_i/smartconnect_lite/inst/clk_map/psr_aclk/U0/ACTIVE_LOW_BSR_OUT_DFF[0].FDRE_BSR_N/C
  -------------------------------------------------------------------    -------------------
    SLICE_X31Y129        FDRE (Prop_fdre_C_Q)         0.456     3.628 r  tme_bd_i/smartconnect_lite/inst/clk_map/psr_aclk/U0/ACTIVE_LOW_BSR_OUT_DFF[0].FDRE_BSR_N/Q
                         net (fo=31, routed)          2.373     6.001    tme_bd_i/smartconnect_lite/inst/s00_nodes/s00_w_node/inst/s_sc_xpm_cdc_async_rst_inst/src_arst
    SLICE_X27Y118        LUT1 (Prop_lut1_I0_O)        0.124     6.125 f  tme_bd_i/smartconnect_lite/inst/s00_nodes/s00_w_node/inst/s_sc_xpm_cdc_async_rst_inst/arststages_ff[2]_i_1/O
                         net (fo=3, routed)           0.622     6.747    tme_bd_i/smartconnect_lite/inst/s00_nodes/s00_w_node/inst/s_sc_xpm_cdc_async_rst_inst/reset_pol
    SLICE_X27Y118        FDCE                                         f  tme_bd_i/smartconnect_lite/inst/s00_nodes/s00_w_node/inst/s_sc_xpm_cdc_async_rst_inst/arststages_ff_reg[0]/CLR
  -------------------------------------------------------------------    -------------------

                         (clock clk_fpga_0 rise edge)
                                                      0.000     0.000 r  
    PS7_X0Y0             PS7                          0.000     0.000 r  tme_bd_i/processing_system7_0/inst/PS7_i/FCLKCLK[0]
                         net (fo=1, routed)           1.088     1.088    tme_bd_i/processing_system7_0/inst/FCLK_CLK_unbuffered[0]
    BUFGCTRL_X0Y16       BUFG (Prop_bufg_I_O)         0.091     1.179 r  tme_bd_i/processing_system7_0/inst/buffer_fclk_clk_0.FCLK_CLK_0_BUFG/O
                         net (fo=25602, routed)       1.685     2.864    tme_bd_i/smartconnect_lite/inst/s00_nodes/s00_w_node/inst/s_sc_xpm_cdc_async_rst_inst/dest_clk
    SLICE_X27Y118        FDCE                                         r  tme_bd_i/smartconnect_lite/inst/s00_nodes/s00_w_node/inst/s_sc_xpm_cdc_async_rst_inst/arststages_ff_reg[0]/C





Min Delay Paths
--------------------------------------------------------------------------------------
Slack:                    inf
  Source:                 tme_bd_i/smartconnect_mem/inst/clk_map/psr_aclk/U0/ACTIVE_LOW_BSR_OUT_DFF[0].FDRE_BSR_N/C
                            (rising edge-triggered cell FDRE clocked by clk_fpga_0  {rise@0.000ns fall@4.000ns period=8.000ns})
  Destination:            tme_bd_i/smartconnect_mem/inst/m00_nodes/m00_r_node/inst/s_sc_xpm_cdc_async_rst_inst/arststages_ff_reg[0]/CLR
                            (removal check against rising-edge clock clk_fpga_0  {rise@0.000ns fall@4.000ns period=8.000ns})
  Path Group:             (none)
  Path Type:              Removal (Min at Fast Process Corner)
  Data Path Delay:        0.658ns  (logic 0.186ns (28.263%)  route 0.472ns (71.737%))
  Logic Levels:           1  (LUT1=1)
  Clock Path Skew:        0.297ns (DCD - SCD - CPR)
    Destination Clock Delay (DCD):    1.193ns
    Source Clock Delay      (SCD):    0.896ns
    Clock Pessimism Removal (CPR):    -0.000ns
  Clock Uncertainty:      0.125ns  ((TSJ^2 + TIJ^2)^1/2 + DJ) / 2 + PE
    Total System Jitter     (TSJ):    0.071ns
    Total Input Jitter      (TIJ):    0.240ns
    Discrete Jitter          (DJ):    0.000ns
    Phase Error              (PE):    0.000ns
  Timing Exception:       False Path

    Location             Delay type                Incr(ns)  Path(ns)    Netlist Resource(s)
  -------------------------------------------------------------------    -------------------
                         (clock clk_fpga_0 rise edge)
                                                      0.000     0.000 r  
    PS7_X0Y0             PS7                          0.000     0.000 r  tme_bd_i/processing_system7_0/inst/PS7_i/FCLKCLK[0]
                         net (fo=1, routed)           0.310     0.310    tme_bd_i/processing_system7_0/inst/FCLK_CLK_unbuffered[0]
    BUFGCTRL_X0Y16       BUFG (Prop_bufg_I_O)         0.026     0.336 r  tme_bd_i/processing_system7_0/inst/buffer_fclk_clk_0.FCLK_CLK_0_BUFG/O
                         net (fo=25602, routed)       0.560     0.896    tme_bd_i/smartconnect_mem/inst/clk_map/psr_aclk/U0/aclk
    SLICE_X41Y10         FDRE                                         r  tme_bd_i/smartconnect_mem/inst/clk_map/psr_aclk/U0/ACTIVE_LOW_BSR_OUT_DFF[0].FDRE_BSR_N/C
  -------------------------------------------------------------------    -------------------
    SLICE_X41Y10         FDRE (Prop_fdre_C_Q)         0.141     1.037 r  tme_bd_i/smartconnect_mem/inst/clk_map/psr_aclk/U0/ACTIVE_LOW_BSR_OUT_DFF[0].FDRE_BSR_N/Q
                         net (fo=11, routed)          0.291     1.327    tme_bd_i/smartconnect_mem/inst/m00_nodes/m00_r_node/inst/s_sc_xpm_cdc_async_rst_inst/src_arst
    SLICE_X42Y11         LUT1 (Prop_lut1_I0_O)        0.045     1.372 f  tme_bd_i/smartconnect_mem/inst/m00_nodes/m00_r_node/inst/s_sc_xpm_cdc_async_rst_inst/arststages_ff[2]_i_1/O
                         net (fo=3, routed)           0.181     1.554    tme_bd_i/smartconnect_mem/inst/m00_nodes/m00_r_node/inst/s_sc_xpm_cdc_async_rst_inst/reset_pol
    SLICE_X38Y11         FDCE                                         f  tme_bd_i/smartconnect_mem/inst/m00_nodes/m00_r_node/inst/s_sc_xpm_cdc_async_rst_inst/arststages_ff_reg[0]/CLR
  -------------------------------------------------------------------    -------------------

                         (clock clk_fpga_0 rise edge)
                                                      0.000     0.000 r  
    PS7_X0Y0             PS7                          0.000     0.000 r  tme_bd_i/processing_system7_0/inst/PS7_i/FCLKCLK[0]
                         net (fo=1, routed)           0.337     0.337    tme_bd_i/processing_system7_0/inst/FCLK_CLK_unbuffered[0]
    BUFGCTRL_X0Y16       BUFG (Prop_bufg_I_O)         0.029     0.366 r  tme_bd_i/processing_system7_0/inst/buffer_fclk_clk_0.FCLK_CLK_0_BUFG/O
                         net (fo=25602, routed)       0.827     1.193    tme_bd_i/smartconnect_mem/inst/m00_nodes/m00_r_node/inst/s_sc_xpm_cdc_async_rst_inst/dest_clk
    SLICE_X38Y11         FDCE                                         r  tme_bd_i/smartconnect_mem/inst/m00_nodes/m00_r_node/inst/s_sc_xpm_cdc_async_rst_inst/arststages_ff_reg[0]/C

Slack:                    inf
  Source:                 tme_bd_i/smartconnect_mem/inst/clk_map/psr_aclk/U0/ACTIVE_LOW_BSR_OUT_DFF[0].FDRE_BSR_N/C
                            (rising edge-triggered cell FDRE clocked by clk_fpga_0  {rise@0.000ns fall@4.000ns period=8.000ns})
  Destination:            tme_bd_i/smartconnect_mem/inst/m00_nodes/m00_r_node/inst/s_sc_xpm_cdc_async_rst_inst/arststages_ff_reg[1]/CLR
                            (removal check against rising-edge clock clk_fpga_0  {rise@0.000ns fall@4.000ns period=8.000ns})
  Path Group:             (none)
  Path Type:              Removal (Min at Fast Process Corner)
  Data Path Delay:        0.658ns  (logic 0.186ns (28.263%)  route 0.472ns (71.737%))
  Logic Levels:           1  (LUT1=1)
  Clock Path Skew:        0.297ns (DCD - SCD - CPR)
    Destination Clock Delay (DCD):    1.193ns
    Source Clock Delay      (SCD):    0.896ns
    Clock Pessimism Removal (CPR):    -0.000ns
  Clock Uncertainty:      0.125ns  ((TSJ^2 + TIJ^2)^1/2 + DJ) / 2 + PE
    Total System Jitter     (TSJ):    0.071ns
    Total Input Jitter      (TIJ):    0.240ns
    Discrete Jitter          (DJ):    0.000ns
    Phase Error              (PE):    0.000ns
  Timing Exception:       False Path

    Location             Delay type                Incr(ns)  Path(ns)    Netlist Resource(s)
  -------------------------------------------------------------------    -------------------
                         (clock clk_fpga_0 rise edge)
                                                      0.000     0.000 r  
    PS7_X0Y0             PS7                          0.000     0.000 r  tme_bd_i/processing_system7_0/inst/PS7_i/FCLKCLK[0]
                         net (fo=1, routed)           0.310     0.310    tme_bd_i/processing_system7_0/inst/FCLK_CLK_unbuffered[0]
    BUFGCTRL_X0Y16       BUFG (Prop_bufg_I_O)         0.026     0.336 r  tme_bd_i/processing_system7_0/inst/buffer_fclk_clk_0.FCLK_CLK_0_BUFG/O
                         net (fo=25602, routed)       0.560     0.896    tme_bd_i/smartconnect_mem/inst/clk_map/psr_aclk/U0/aclk
    SLICE_X41Y10         FDRE                                         r  tme_bd_i/smartconnect_mem/inst/clk_map/psr_aclk/U0/ACTIVE_LOW_BSR_OUT_DFF[0].FDRE_BSR_N/C
  -------------------------------------------------------------------    -------------------
    SLICE_X41Y10         FDRE (Prop_fdre_C_Q)         0.141     1.037 r  tme_bd_i/smartconnect_mem/inst/clk_map/psr_aclk/U0/ACTIVE_LOW_BSR_OUT_DFF[0].FDRE_BSR_N/Q
                         net (fo=11, routed)          0.291     1.327    tme_bd_i/smartconnect_mem/inst/m00_nodes/m00_r_node/inst/s_sc_xpm_cdc_async_rst_inst/src_arst
    SLICE_X42Y11         LUT1 (Prop_lut1_I0_O)        0.045     1.372 f  tme_bd_i/smartconnect_mem/inst/m00_nodes/m00_r_node/inst/s_sc_xpm_cdc_async_rst_inst/arststages_ff[2]_i_1/O
                         net (fo=3, routed)           0.181     1.554    tme_bd_i/smartconnect_mem/inst/m00_nodes/m00_r_node/inst/s_sc_xpm_cdc_async_rst_inst/reset_pol
    SLICE_X38Y11         FDCE                                         f  tme_bd_i/smartconnect_mem/inst/m00_nodes/m00_r_node/inst/s_sc_xpm_cdc_async_rst_inst/arststages_ff_reg[1]/CLR
  -------------------------------------------------------------------    -------------------

                         (clock clk_fpga_0 rise edge)
                                                      0.000     0.000 r  
    PS7_X0Y0             PS7                          0.000     0.000 r  tme_bd_i/processing_system7_0/inst/PS7_i/FCLKCLK[0]
                         net (fo=1, routed)           0.337     0.337    tme_bd_i/processing_system7_0/inst/FCLK_CLK_unbuffered[0]
    BUFGCTRL_X0Y16       BUFG (Prop_bufg_I_O)         0.029     0.366 r  tme_bd_i/processing_system7_0/inst/buffer_fclk_clk_0.FCLK_CLK_0_BUFG/O
                         net (fo=25602, routed)       0.827     1.193    tme_bd_i/smartconnect_mem/inst/m00_nodes/m00_r_node/inst/s_sc_xpm_cdc_async_rst_inst/dest_clk
    SLICE_X38Y11         FDCE                                         r  tme_bd_i/smartconnect_mem/inst/m00_nodes/m00_r_node/inst/s_sc_xpm_cdc_async_rst_inst/arststages_ff_reg[1]/C

Slack:                    inf
  Source:                 tme_bd_i/smartconnect_mem/inst/clk_map/psr_aclk/U0/ACTIVE_LOW_BSR_OUT_DFF[0].FDRE_BSR_N/C
                            (rising edge-triggered cell FDRE clocked by clk_fpga_0  {rise@0.000ns fall@4.000ns period=8.000ns})
  Destination:            tme_bd_i/smartconnect_mem/inst/m00_nodes/m00_r_node/inst/s_sc_xpm_cdc_async_rst_inst/arststages_ff_reg[2]/CLR
                            (removal check against rising-edge clock clk_fpga_0  {rise@0.000ns fall@4.000ns period=8.000ns})
  Path Group:             (none)
  Path Type:              Removal (Min at Fast Process Corner)
  Data Path Delay:        0.658ns  (logic 0.186ns (28.263%)  route 0.472ns (71.737%))
  Logic Levels:           1  (LUT1=1)
  Clock Path Skew:        0.297ns (DCD - SCD - CPR)
    Destination Clock Delay (DCD):    1.193ns
    Source Clock Delay      (SCD):    0.896ns
    Clock Pessimism Removal (CPR):    -0.000ns
  Clock Uncertainty:      0.125ns  ((TSJ^2 + TIJ^2)^1/2 + DJ) / 2 + PE
    Total System Jitter     (TSJ):    0.071ns
    Total Input Jitter      (TIJ):    0.240ns
    Discrete Jitter          (DJ):    0.000ns
    Phase Error              (PE):    0.000ns
  Timing Exception:       False Path

    Location             Delay type                Incr(ns)  Path(ns)    Netlist Resource(s)
  -------------------------------------------------------------------    -------------------
                         (clock clk_fpga_0 rise edge)
                                                      0.000     0.000 r  
    PS7_X0Y0             PS7                          0.000     0.000 r  tme_bd_i/processing_system7_0/inst/PS7_i/FCLKCLK[0]
                         net (fo=1, routed)           0.310     0.310    tme_bd_i/processing_system7_0/inst/FCLK_CLK_unbuffered[0]
    BUFGCTRL_X0Y16       BUFG (Prop_bufg_I_O)         0.026     0.336 r  tme_bd_i/processing_system7_0/inst/buffer_fclk_clk_0.FCLK_CLK_0_BUFG/O
                         net (fo=25602, routed)       0.560     0.896    tme_bd_i/smartconnect_mem/inst/clk_map/psr_aclk/U0/aclk
    SLICE_X41Y10         FDRE                                         r  tme_bd_i/smartconnect_mem/inst/clk_map/psr_aclk/U0/ACTIVE_LOW_BSR_OUT_DFF[0].FDRE_BSR_N/C
  -------------------------------------------------------------------    -------------------
    SLICE_X41Y10         FDRE (Prop_fdre_C_Q)         0.141     1.037 r  tme_bd_i/smartconnect_mem/inst/clk_map/psr_aclk/U0/ACTIVE_LOW_BSR_OUT_DFF[0].FDRE_BSR_N/Q
                         net (fo=11, routed)          0.291     1.327    tme_bd_i/smartconnect_mem/inst/m00_nodes/m00_r_node/inst/s_sc_xpm_cdc_async_rst_inst/src_arst
    SLICE_X42Y11         LUT1 (Prop_lut1_I0_O)        0.045     1.372 f  tme_bd_i/smartconnect_mem/inst/m00_nodes/m00_r_node/inst/s_sc_xpm_cdc_async_rst_inst/arststages_ff[2]_i_1/O
                         net (fo=3, routed)           0.181     1.554    tme_bd_i/smartconnect_mem/inst/m00_nodes/m00_r_node/inst/s_sc_xpm_cdc_async_rst_inst/reset_pol
    SLICE_X38Y11         FDCE                                         f  tme_bd_i/smartconnect_mem/inst/m00_nodes/m00_r_node/inst/s_sc_xpm_cdc_async_rst_inst/arststages_ff_reg[2]/CLR
  -------------------------------------------------------------------    -------------------

                         (clock clk_fpga_0 rise edge)
                                                      0.000     0.000 r  
    PS7_X0Y0             PS7                          0.000     0.000 r  tme_bd_i/processing_system7_0/inst/PS7_i/FCLKCLK[0]
                         net (fo=1, routed)           0.337     0.337    tme_bd_i/processing_system7_0/inst/FCLK_CLK_unbuffered[0]
    BUFGCTRL_X0Y16       BUFG (Prop_bufg_I_O)         0.029     0.366 r  tme_bd_i/processing_system7_0/inst/buffer_fclk_clk_0.FCLK_CLK_0_BUFG/O
                         net (fo=25602, routed)       0.827     1.193    tme_bd_i/smartconnect_mem/inst/m00_nodes/m00_r_node/inst/s_sc_xpm_cdc_async_rst_inst/dest_clk
    SLICE_X38Y11         FDCE                                         r  tme_bd_i/smartconnect_mem/inst/m00_nodes/m00_r_node/inst/s_sc_xpm_cdc_async_rst_inst/arststages_ff_reg[2]/C

Slack:                    inf
  Source:                 tme_bd_i/smartconnect_mem/inst/clk_map/psr_aclk/U0/ACTIVE_LOW_BSR_OUT_DFF[0].FDRE_BSR_N/C
                            (rising edge-triggered cell FDRE clocked by clk_fpga_0  {rise@0.000ns fall@4.000ns period=8.000ns})
  Destination:            tme_bd_i/smartconnect_mem/inst/s01_entry_pipeline/s01_si_converter/inst/xpm_cdc_async_rst_inst/arststages_ff_reg[0]/CLR
                            (removal check against rising-edge clock clk_fpga_0  {rise@0.000ns fall@4.000ns period=8.000ns})
  Path Group:             (none)
  Path Type:              Removal (Min at Fast Process Corner)
  Data Path Delay:        0.667ns  (logic 0.186ns (27.902%)  route 0.481ns (72.098%))
  Logic Levels:           1  (LUT1=1)
  Clock Path Skew:        0.298ns (DCD - SCD - CPR)
    Destination Clock Delay (DCD):    1.194ns
    Source Clock Delay      (SCD):    0.896ns
    Clock Pessimism Removal (CPR):    -0.000ns
  Clock Uncertainty:      0.125ns  ((TSJ^2 + TIJ^2)^1/2 + DJ) / 2 + PE
    Total System Jitter     (TSJ):    0.071ns
    Total Input Jitter      (TIJ):    0.240ns
    Discrete Jitter          (DJ):    0.000ns
    Phase Error              (PE):    0.000ns
  Timing Exception:       False Path

    Location             Delay type                Incr(ns)  Path(ns)    Netlist Resource(s)
  -------------------------------------------------------------------    -------------------
                         (clock clk_fpga_0 rise edge)
                                                      0.000     0.000 r  
    PS7_X0Y0             PS7                          0.000     0.000 r  tme_bd_i/processing_system7_0/inst/PS7_i/FCLKCLK[0]
                         net (fo=1, routed)           0.310     0.310    tme_bd_i/processing_system7_0/inst/FCLK_CLK_unbuffered[0]
    BUFGCTRL_X0Y16       BUFG (Prop_bufg_I_O)         0.026     0.336 r  tme_bd_i/processing_system7_0/inst/buffer_fclk_clk_0.FCLK_CLK_0_BUFG/O
                         net (fo=25602, routed)       0.560     0.896    tme_bd_i/smartconnect_mem/inst/clk_map/psr_aclk/U0/aclk
    SLICE_X41Y10         FDRE                                         r  tme_bd_i/smartconnect_mem/inst/clk_map/psr_aclk/U0/ACTIVE_LOW_BSR_OUT_DFF[0].FDRE_BSR_N/C
  -------------------------------------------------------------------    -------------------
    SLICE_X41Y10         FDRE (Prop_fdre_C_Q)         0.141     1.037 r  tme_bd_i/smartconnect_mem/inst/clk_map/psr_aclk/U0/ACTIVE_LOW_BSR_OUT_DFF[0].FDRE_BSR_N/Q
                         net (fo=11, routed)          0.306     1.342    tme_bd_i/smartconnect_mem/inst/s01_entry_pipeline/s01_si_converter/inst/xpm_cdc_async_rst_inst/src_arst
    SLICE_X39Y10         LUT1 (Prop_lut1_I0_O)        0.045     1.387 f  tme_bd_i/smartconnect_mem/inst/s01_entry_pipeline/s01_si_converter/inst/xpm_cdc_async_rst_inst/arststages_ff[2]_i_1/O
                         net (fo=3, routed)           0.175     1.562    tme_bd_i/smartconnect_mem/inst/s01_entry_pipeline/s01_si_converter/inst/xpm_cdc_async_rst_inst/reset_pol
    SLICE_X39Y9          FDCE                                         f  tme_bd_i/smartconnect_mem/inst/s01_entry_pipeline/s01_si_converter/inst/xpm_cdc_async_rst_inst/arststages_ff_reg[0]/CLR
  -------------------------------------------------------------------    -------------------

                         (clock clk_fpga_0 rise edge)
                                                      0.000     0.000 r  
    PS7_X0Y0             PS7                          0.000     0.000 r  tme_bd_i/processing_system7_0/inst/PS7_i/FCLKCLK[0]
                         net (fo=1, routed)           0.337     0.337    tme_bd_i/processing_system7_0/inst/FCLK_CLK_unbuffered[0]
    BUFGCTRL_X0Y16       BUFG (Prop_bufg_I_O)         0.029     0.366 r  tme_bd_i/processing_system7_0/inst/buffer_fclk_clk_0.FCLK_CLK_0_BUFG/O
                         net (fo=25602, routed)       0.828     1.194    tme_bd_i/smartconnect_mem/inst/s01_entry_pipeline/s01_si_converter/inst/xpm_cdc_async_rst_inst/dest_clk
    SLICE_X39Y9          FDCE                                         r  tme_bd_i/smartconnect_mem/inst/s01_entry_pipeline/s01_si_converter/inst/xpm_cdc_async_rst_inst/arststages_ff_reg[0]/C

Slack:                    inf
  Source:                 tme_bd_i/smartconnect_mem/inst/clk_map/psr_aclk/U0/ACTIVE_LOW_BSR_OUT_DFF[0].FDRE_BSR_N/C
                            (rising edge-triggered cell FDRE clocked by clk_fpga_0  {rise@0.000ns fall@4.000ns period=8.000ns})
  Destination:            tme_bd_i/smartconnect_mem/inst/s01_entry_pipeline/s01_si_converter/inst/xpm_cdc_async_rst_inst/arststages_ff_reg[1]/CLR
                            (removal check against rising-edge clock clk_fpga_0  {rise@0.000ns fall@4.000ns period=8.000ns})
  Path Group:             (none)
  Path Type:              Removal (Min at Fast Process Corner)
  Data Path Delay:        0.667ns  (logic 0.186ns (27.902%)  route 0.481ns (72.098%))
  Logic Levels:           1  (LUT1=1)
  Clock Path Skew:        0.298ns (DCD - SCD - CPR)
    Destination Clock Delay (DCD):    1.194ns
    Source Clock Delay      (SCD):    0.896ns
    Clock Pessimism Removal (CPR):    -0.000ns
  Clock Uncertainty:      0.125ns  ((TSJ^2 + TIJ^2)^1/2 + DJ) / 2 + PE
    Total System Jitter     (TSJ):    0.071ns
    Total Input Jitter      (TIJ):    0.240ns
    Discrete Jitter          (DJ):    0.000ns
    Phase Error              (PE):    0.000ns
  Timing Exception:       False Path

    Location             Delay type                Incr(ns)  Path(ns)    Netlist Resource(s)
  -------------------------------------------------------------------    -------------------
                         (clock clk_fpga_0 rise edge)
                                                      0.000     0.000 r  
    PS7_X0Y0             PS7                          0.000     0.000 r  tme_bd_i/processing_system7_0/inst/PS7_i/FCLKCLK[0]
                         net (fo=1, routed)           0.310     0.310    tme_bd_i/processing_system7_0/inst/FCLK_CLK_unbuffered[0]
    BUFGCTRL_X0Y16       BUFG (Prop_bufg_I_O)         0.026     0.336 r  tme_bd_i/processing_system7_0/inst/buffer_fclk_clk_0.FCLK_CLK_0_BUFG/O
                         net (fo=25602, routed)       0.560     0.896    tme_bd_i/smartconnect_mem/inst/clk_map/psr_aclk/U0/aclk
    SLICE_X41Y10         FDRE                                         r  tme_bd_i/smartconnect_mem/inst/clk_map/psr_aclk/U0/ACTIVE_LOW_BSR_OUT_DFF[0].FDRE_BSR_N/C
  -------------------------------------------------------------------    -------------------
    SLICE_X41Y10         FDRE (Prop_fdre_C_Q)         0.141     1.037 r  tme_bd_i/smartconnect_mem/inst/clk_map/psr_aclk/U0/ACTIVE_LOW_BSR_OUT_DFF[0].FDRE_BSR_N/Q
                         net (fo=11, routed)          0.306     1.342    tme_bd_i/smartconnect_mem/inst/s01_entry_pipeline/s01_si_converter/inst/xpm_cdc_async_rst_inst/src_arst
    SLICE_X39Y10         LUT1 (Prop_lut1_I0_O)        0.045     1.387 f  tme_bd_i/smartconnect_mem/inst/s01_entry_pipeline/s01_si_converter/inst/xpm_cdc_async_rst_inst/arststages_ff[2]_i_1/O
                         net (fo=3, routed)           0.175     1.562    tme_bd_i/smartconnect_mem/inst/s01_entry_pipeline/s01_si_converter/inst/xpm_cdc_async_rst_inst/reset_pol
    SLICE_X39Y9          FDCE                                         f  tme_bd_i/smartconnect_mem/inst/s01_entry_pipeline/s01_si_converter/inst/xpm_cdc_async_rst_inst/arststages_ff_reg[1]/CLR
  -------------------------------------------------------------------    -------------------

                         (clock clk_fpga_0 rise edge)
                                                      0.000     0.000 r  
    PS7_X0Y0             PS7                          0.000     0.000 r  tme_bd_i/processing_system7_0/inst/PS7_i/FCLKCLK[0]
                         net (fo=1, routed)           0.337     0.337    tme_bd_i/processing_system7_0/inst/FCLK_CLK_unbuffered[0]
    BUFGCTRL_X0Y16       BUFG (Prop_bufg_I_O)         0.029     0.366 r  tme_bd_i/processing_system7_0/inst/buffer_fclk_clk_0.FCLK_CLK_0_BUFG/O
                         net (fo=25602, routed)       0.828     1.194    tme_bd_i/smartconnect_mem/inst/s01_entry_pipeline/s01_si_converter/inst/xpm_cdc_async_rst_inst/dest_clk
    SLICE_X39Y9          FDCE                                         r  tme_bd_i/smartconnect_mem/inst/s01_entry_pipeline/s01_si_converter/inst/xpm_cdc_async_rst_inst/arststages_ff_reg[1]/C

Slack:                    inf
  Source:                 tme_bd_i/smartconnect_mem/inst/clk_map/psr_aclk/U0/ACTIVE_LOW_BSR_OUT_DFF[0].FDRE_BSR_N/C
                            (rising edge-triggered cell FDRE clocked by clk_fpga_0  {rise@0.000ns fall@4.000ns period=8.000ns})
  Destination:            tme_bd_i/smartconnect_mem/inst/s01_entry_pipeline/s01_si_converter/inst/xpm_cdc_async_rst_inst/arststages_ff_reg[2]/CLR
                            (removal check against rising-edge clock clk_fpga_0  {rise@0.000ns fall@4.000ns period=8.000ns})
  Path Group:             (none)
  Path Type:              Removal (Min at Fast Process Corner)
  Data Path Delay:        0.667ns  (logic 0.186ns (27.902%)  route 0.481ns (72.098%))
  Logic Levels:           1  (LUT1=1)
  Clock Path Skew:        0.298ns (DCD - SCD - CPR)
    Destination Clock Delay (DCD):    1.194ns
    Source Clock Delay      (SCD):    0.896ns
    Clock Pessimism Removal (CPR):    -0.000ns
  Clock Uncertainty:      0.125ns  ((TSJ^2 + TIJ^2)^1/2 + DJ) / 2 + PE
    Total System Jitter     (TSJ):    0.071ns
    Total Input Jitter      (TIJ):    0.240ns
    Discrete Jitter          (DJ):    0.000ns
    Phase Error              (PE):    0.000ns
  Timing Exception:       False Path

    Location             Delay type                Incr(ns)  Path(ns)    Netlist Resource(s)
  -------------------------------------------------------------------    -------------------
                         (clock clk_fpga_0 rise edge)
                                                      0.000     0.000 r  
    PS7_X0Y0             PS7                          0.000     0.000 r  tme_bd_i/processing_system7_0/inst/PS7_i/FCLKCLK[0]
                         net (fo=1, routed)           0.310     0.310    tme_bd_i/processing_system7_0/inst/FCLK_CLK_unbuffered[0]
    BUFGCTRL_X0Y16       BUFG (Prop_bufg_I_O)         0.026     0.336 r  tme_bd_i/processing_system7_0/inst/buffer_fclk_clk_0.FCLK_CLK_0_BUFG/O
                         net (fo=25602, routed)       0.560     0.896    tme_bd_i/smartconnect_mem/inst/clk_map/psr_aclk/U0/aclk
    SLICE_X41Y10         FDRE                                         r  tme_bd_i/smartconnect_mem/inst/clk_map/psr_aclk/U0/ACTIVE_LOW_BSR_OUT_DFF[0].FDRE_BSR_N/C
  -------------------------------------------------------------------    -------------------
    SLICE_X41Y10         FDRE (Prop_fdre_C_Q)         0.141     1.037 r  tme_bd_i/smartconnect_mem/inst/clk_map/psr_aclk/U0/ACTIVE_LOW_BSR_OUT_DFF[0].FDRE_BSR_N/Q
                         net (fo=11, routed)          0.306     1.342    tme_bd_i/smartconnect_mem/inst/s01_entry_pipeline/s01_si_converter/inst/xpm_cdc_async_rst_inst/src_arst
    SLICE_X39Y10         LUT1 (Prop_lut1_I0_O)        0.045     1.387 f  tme_bd_i/smartconnect_mem/inst/s01_entry_pipeline/s01_si_converter/inst/xpm_cdc_async_rst_inst/arststages_ff[2]_i_1/O
                         net (fo=3, routed)           0.175     1.562    tme_bd_i/smartconnect_mem/inst/s01_entry_pipeline/s01_si_converter/inst/xpm_cdc_async_rst_inst/reset_pol
    SLICE_X39Y9          FDCE                                         f  tme_bd_i/smartconnect_mem/inst/s01_entry_pipeline/s01_si_converter/inst/xpm_cdc_async_rst_inst/arststages_ff_reg[2]/CLR
  -------------------------------------------------------------------    -------------------

                         (clock clk_fpga_0 rise edge)
                                                      0.000     0.000 r  
    PS7_X0Y0             PS7                          0.000     0.000 r  tme_bd_i/processing_system7_0/inst/PS7_i/FCLKCLK[0]
                         net (fo=1, routed)           0.337     0.337    tme_bd_i/processing_system7_0/inst/FCLK_CLK_unbuffered[0]
    BUFGCTRL_X0Y16       BUFG (Prop_bufg_I_O)         0.029     0.366 r  tme_bd_i/processing_system7_0/inst/buffer_fclk_clk_0.FCLK_CLK_0_BUFG/O
                         net (fo=25602, routed)       0.828     1.194    tme_bd_i/smartconnect_mem/inst/s01_entry_pipeline/s01_si_converter/inst/xpm_cdc_async_rst_inst/dest_clk
    SLICE_X39Y9          FDCE                                         r  tme_bd_i/smartconnect_mem/inst/s01_entry_pipeline/s01_si_converter/inst/xpm_cdc_async_rst_inst/arststages_ff_reg[2]/C

Slack:                    inf
  Source:                 tme_bd_i/smartconnect_lite/inst/clk_map/psr_aclk/U0/ACTIVE_LOW_BSR_OUT_DFF[0].FDRE_BSR_N/C
                            (rising edge-triggered cell FDRE clocked by clk_fpga_0  {rise@0.000ns fall@4.000ns period=8.000ns})
  Destination:            tme_bd_i/smartconnect_lite/inst/m00_exit_pipeline/m00_exit/inst/xpm_cdc_async_rst_inst/arststages_ff_reg[0]/CLR
                            (removal check against rising-edge clock clk_fpga_0  {rise@0.000ns fall@4.000ns period=8.000ns})
  Path Group:             (none)
  Path Type:              Removal (Min at Fast Process Corner)
  Data Path Delay:        0.578ns  (logic 0.192ns (33.235%)  route 0.386ns (66.765%))
  Logic Levels:           1  (LUT1=1)
  Clock Path Skew:        0.300ns (DCD - SCD - CPR)
    Destination Clock Delay (DCD):    1.285ns
    Source Clock Delay      (SCD):    0.985ns
    Clock Pessimism Removal (CPR):    -0.000ns
  Clock Uncertainty:      0.125ns  ((TSJ^2 + TIJ^2)^1/2 + DJ) / 2 + PE
    Total System Jitter     (TSJ):    0.071ns
    Total Input Jitter      (TIJ):    0.240ns
    Discrete Jitter          (DJ):    0.000ns
    Phase Error              (PE):    0.000ns
  Timing Exception:       False Path

    Location             Delay type                Incr(ns)  Path(ns)    Netlist Resource(s)
  -------------------------------------------------------------------    -------------------
                         (clock clk_fpga_0 rise edge)
                                                      0.000     0.000 r  
    PS7_X0Y0             PS7                          0.000     0.000 r  tme_bd_i/processing_system7_0/inst/PS7_i/FCLKCLK[0]
                         net (fo=1, routed)           0.310     0.310    tme_bd_i/processing_system7_0/inst/FCLK_CLK_unbuffered[0]
    BUFGCTRL_X0Y16       BUFG (Prop_bufg_I_O)         0.026     0.336 r  tme_bd_i/processing_system7_0/inst/buffer_fclk_clk_0.FCLK_CLK_0_BUFG/O
                         net (fo=25602, routed)       0.649     0.985    tme_bd_i/smartconnect_lite/inst/clk_map/psr_aclk/U0/aclk
    SLICE_X31Y129        FDRE                                         r  tme_bd_i/smartconnect_lite/inst/clk_map/psr_aclk/U0/ACTIVE_LOW_BSR_OUT_DFF[0].FDRE_BSR_N/C
  -------------------------------------------------------------------    -------------------
    SLICE_X31Y129        FDRE (Prop_fdre_C_Q)         0.141     1.126 r  tme_bd_i/smartconnect_lite/inst/clk_map/psr_aclk/U0/ACTIVE_LOW_BSR_OUT_DFF[0].FDRE_BSR_N/Q
                         net (fo=31, routed)          0.154     1.280    tme_bd_i/smartconnect_lite/inst/m00_exit_pipeline/m00_exit/inst/xpm_cdc_async_rst_inst/src_arst
    SLICE_X28Y129        LUT1 (Prop_lut1_I0_O)        0.051     1.331 f  tme_bd_i/smartconnect_lite/inst/m00_exit_pipeline/m00_exit/inst/xpm_cdc_async_rst_inst/arststages_ff[2]_i_1/O
                         net (fo=3, routed)           0.232     1.563    tme_bd_i/smartconnect_lite/inst/m00_exit_pipeline/m00_exit/inst/xpm_cdc_async_rst_inst/reset_pol
    SLICE_X29Y129        FDCE                                         f  tme_bd_i/smartconnect_lite/inst/m00_exit_pipeline/m00_exit/inst/xpm_cdc_async_rst_inst/arststages_ff_reg[0]/CLR
  -------------------------------------------------------------------    -------------------

                         (clock clk_fpga_0 rise edge)
                                                      0.000     0.000 r  
    PS7_X0Y0             PS7                          0.000     0.000 r  tme_bd_i/processing_system7_0/inst/PS7_i/FCLKCLK[0]
                         net (fo=1, routed)           0.337     0.337    tme_bd_i/processing_system7_0/inst/FCLK_CLK_unbuffered[0]
    BUFGCTRL_X0Y16       BUFG (Prop_bufg_I_O)         0.029     0.366 r  tme_bd_i/processing_system7_0/inst/buffer_fclk_clk_0.FCLK_CLK_0_BUFG/O
                         net (fo=25602, routed)       0.919     1.285    tme_bd_i/smartconnect_lite/inst/m00_exit_pipeline/m00_exit/inst/xpm_cdc_async_rst_inst/dest_clk
    SLICE_X29Y129        FDCE                                         r  tme_bd_i/smartconnect_lite/inst/m00_exit_pipeline/m00_exit/inst/xpm_cdc_async_rst_inst/arststages_ff_reg[0]/C

Slack:                    inf
  Source:                 tme_bd_i/smartconnect_lite/inst/clk_map/psr_aclk/U0/ACTIVE_LOW_BSR_OUT_DFF[0].FDRE_BSR_N/C
                            (rising edge-triggered cell FDRE clocked by clk_fpga_0  {rise@0.000ns fall@4.000ns period=8.000ns})
  Destination:            tme_bd_i/smartconnect_lite/inst/m00_exit_pipeline/m00_exit/inst/xpm_cdc_async_rst_inst/arststages_ff_reg[1]/CLR
                            (removal check against rising-edge clock clk_fpga_0  {rise@0.000ns fall@4.000ns period=8.000ns})
  Path Group:             (none)
  Path Type:              Removal (Min at Fast Process Corner)
  Data Path Delay:        0.578ns  (logic 0.192ns (33.235%)  route 0.386ns (66.765%))
  Logic Levels:           1  (LUT1=1)
  Clock Path Skew:        0.300ns (DCD - SCD - CPR)
    Destination Clock Delay (DCD):    1.285ns
    Source Clock Delay      (SCD):    0.985ns
    Clock Pessimism Removal (CPR):    -0.000ns
  Clock Uncertainty:      0.125ns  ((TSJ^2 + TIJ^2)^1/2 + DJ) / 2 + PE
    Total System Jitter     (TSJ):    0.071ns
    Total Input Jitter      (TIJ):    0.240ns
    Discrete Jitter          (DJ):    0.000ns
    Phase Error              (PE):    0.000ns
  Timing Exception:       False Path

    Location             Delay type                Incr(ns)  Path(ns)    Netlist Resource(s)
  -------------------------------------------------------------------    -------------------
                         (clock clk_fpga_0 rise edge)
                                                      0.000     0.000 r  
    PS7_X0Y0             PS7                          0.000     0.000 r  tme_bd_i/processing_system7_0/inst/PS7_i/FCLKCLK[0]
                         net (fo=1, routed)           0.310     0.310    tme_bd_i/processing_system7_0/inst/FCLK_CLK_unbuffered[0]
    BUFGCTRL_X0Y16       BUFG (Prop_bufg_I_O)         0.026     0.336 r  tme_bd_i/processing_system7_0/inst/buffer_fclk_clk_0.FCLK_CLK_0_BUFG/O
                         net (fo=25602, routed)       0.649     0.985    tme_bd_i/smartconnect_lite/inst/clk_map/psr_aclk/U0/aclk
    SLICE_X31Y129        FDRE                                         r  tme_bd_i/smartconnect_lite/inst/clk_map/psr_aclk/U0/ACTIVE_LOW_BSR_OUT_DFF[0].FDRE_BSR_N/C
  -------------------------------------------------------------------    -------------------
    SLICE_X31Y129        FDRE (Prop_fdre_C_Q)         0.141     1.126 r  tme_bd_i/smartconnect_lite/inst/clk_map/psr_aclk/U0/ACTIVE_LOW_BSR_OUT_DFF[0].FDRE_BSR_N/Q
                         net (fo=31, routed)          0.154     1.280    tme_bd_i/smartconnect_lite/inst/m00_exit_pipeline/m00_exit/inst/xpm_cdc_async_rst_inst/src_arst
    SLICE_X28Y129        LUT1 (Prop_lut1_I0_O)        0.051     1.331 f  tme_bd_i/smartconnect_lite/inst/m00_exit_pipeline/m00_exit/inst/xpm_cdc_async_rst_inst/arststages_ff[2]_i_1/O
                         net (fo=3, routed)           0.232     1.563    tme_bd_i/smartconnect_lite/inst/m00_exit_pipeline/m00_exit/inst/xpm_cdc_async_rst_inst/reset_pol
    SLICE_X29Y129        FDCE                                         f  tme_bd_i/smartconnect_lite/inst/m00_exit_pipeline/m00_exit/inst/xpm_cdc_async_rst_inst/arststages_ff_reg[1]/CLR
  -------------------------------------------------------------------    -------------------

                         (clock clk_fpga_0 rise edge)
                                                      0.000     0.000 r  
    PS7_X0Y0             PS7                          0.000     0.000 r  tme_bd_i/processing_system7_0/inst/PS7_i/FCLKCLK[0]
                         net (fo=1, routed)           0.337     0.337    tme_bd_i/processing_system7_0/inst/FCLK_CLK_unbuffered[0]
    BUFGCTRL_X0Y16       BUFG (Prop_bufg_I_O)         0.029     0.366 r  tme_bd_i/processing_system7_0/inst/buffer_fclk_clk_0.FCLK_CLK_0_BUFG/O
                         net (fo=25602, routed)       0.919     1.285    tme_bd_i/smartconnect_lite/inst/m00_exit_pipeline/m00_exit/inst/xpm_cdc_async_rst_inst/dest_clk
    SLICE_X29Y129        FDCE                                         r  tme_bd_i/smartconnect_lite/inst/m00_exit_pipeline/m00_exit/inst/xpm_cdc_async_rst_inst/arststages_ff_reg[1]/C

Slack:                    inf
  Source:                 tme_bd_i/smartconnect_lite/inst/clk_map/psr_aclk/U0/ACTIVE_LOW_BSR_OUT_DFF[0].FDRE_BSR_N/C
                            (rising edge-triggered cell FDRE clocked by clk_fpga_0  {rise@0.000ns fall@4.000ns period=8.000ns})
  Destination:            tme_bd_i/smartconnect_lite/inst/m00_exit_pipeline/m00_exit/inst/xpm_cdc_async_rst_inst/arststages_ff_reg[2]/CLR
                            (removal check against rising-edge clock clk_fpga_0  {rise@0.000ns fall@4.000ns period=8.000ns})
  Path Group:             (none)
  Path Type:              Removal (Min at Fast Process Corner)
  Data Path Delay:        0.578ns  (logic 0.192ns (33.235%)  route 0.386ns (66.765%))
  Logic Levels:           1  (LUT1=1)
  Clock Path Skew:        0.300ns (DCD - SCD - CPR)
    Destination Clock Delay (DCD):    1.285ns
    Source Clock Delay      (SCD):    0.985ns
    Clock Pessimism Removal (CPR):    -0.000ns
  Clock Uncertainty:      0.125ns  ((TSJ^2 + TIJ^2)^1/2 + DJ) / 2 + PE
    Total System Jitter     (TSJ):    0.071ns
    Total Input Jitter      (TIJ):    0.240ns
    Discrete Jitter          (DJ):    0.000ns
    Phase Error              (PE):    0.000ns
  Timing Exception:       False Path

    Location             Delay type                Incr(ns)  Path(ns)    Netlist Resource(s)
  -------------------------------------------------------------------    -------------------
                         (clock clk_fpga_0 rise edge)
                                                      0.000     0.000 r  
    PS7_X0Y0             PS7                          0.000     0.000 r  tme_bd_i/processing_system7_0/inst/PS7_i/FCLKCLK[0]
                         net (fo=1, routed)           0.310     0.310    tme_bd_i/processing_system7_0/inst/FCLK_CLK_unbuffered[0]
    BUFGCTRL_X0Y16       BUFG (Prop_bufg_I_O)         0.026     0.336 r  tme_bd_i/processing_system7_0/inst/buffer_fclk_clk_0.FCLK_CLK_0_BUFG/O
                         net (fo=25602, routed)       0.649     0.985    tme_bd_i/smartconnect_lite/inst/clk_map/psr_aclk/U0/aclk
    SLICE_X31Y129        FDRE                                         r  tme_bd_i/smartconnect_lite/inst/clk_map/psr_aclk/U0/ACTIVE_LOW_BSR_OUT_DFF[0].FDRE_BSR_N/C
  -------------------------------------------------------------------    -------------------
    SLICE_X31Y129        FDRE (Prop_fdre_C_Q)         0.141     1.126 r  tme_bd_i/smartconnect_lite/inst/clk_map/psr_aclk/U0/ACTIVE_LOW_BSR_OUT_DFF[0].FDRE_BSR_N/Q
                         net (fo=31, routed)          0.154     1.280    tme_bd_i/smartconnect_lite/inst/m00_exit_pipeline/m00_exit/inst/xpm_cdc_async_rst_inst/src_arst
    SLICE_X28Y129        LUT1 (Prop_lut1_I0_O)        0.051     1.331 f  tme_bd_i/smartconnect_lite/inst/m00_exit_pipeline/m00_exit/inst/xpm_cdc_async_rst_inst/arststages_ff[2]_i_1/O
                         net (fo=3, routed)           0.232     1.563    tme_bd_i/smartconnect_lite/inst/m00_exit_pipeline/m00_exit/inst/xpm_cdc_async_rst_inst/reset_pol
    SLICE_X29Y129        FDCE                                         f  tme_bd_i/smartconnect_lite/inst/m00_exit_pipeline/m00_exit/inst/xpm_cdc_async_rst_inst/arststages_ff_reg[2]/CLR
  -------------------------------------------------------------------    -------------------

                         (clock clk_fpga_0 rise edge)
                                                      0.000     0.000 r  
    PS7_X0Y0             PS7                          0.000     0.000 r  tme_bd_i/processing_system7_0/inst/PS7_i/FCLKCLK[0]
                         net (fo=1, routed)           0.337     0.337    tme_bd_i/processing_system7_0/inst/FCLK_CLK_unbuffered[0]
    BUFGCTRL_X0Y16       BUFG (Prop_bufg_I_O)         0.029     0.366 r  tme_bd_i/processing_system7_0/inst/buffer_fclk_clk_0.FCLK_CLK_0_BUFG/O
                         net (fo=25602, routed)       0.919     1.285    tme_bd_i/smartconnect_lite/inst/m00_exit_pipeline/m00_exit/inst/xpm_cdc_async_rst_inst/dest_clk
    SLICE_X29Y129        FDCE                                         r  tme_bd_i/smartconnect_lite/inst/m00_exit_pipeline/m00_exit/inst/xpm_cdc_async_rst_inst/arststages_ff_reg[2]/C

Slack:                    inf
  Source:                 tme_bd_i/smartconnect_mem/inst/clk_map/psr_aclk/U0/ACTIVE_LOW_BSR_OUT_DFF[0].FDRE_BSR_N/C
                            (rising edge-triggered cell FDRE clocked by clk_fpga_0  {rise@0.000ns fall@4.000ns period=8.000ns})
  Destination:            tme_bd_i/smartconnect_mem/inst/s01_nodes/s01_ar_node/inst/s_sc_xpm_cdc_async_rst_inst/arststages_ff_reg[0]/CLR
                            (removal check against rising-edge clock clk_fpga_0  {rise@0.000ns fall@4.000ns period=8.000ns})
  Path Group:             (none)
  Path Type:              Removal (Min at Fast Process Corner)
  Data Path Delay:        0.668ns  (logic 0.185ns (27.714%)  route 0.483ns (72.286%))
  Logic Levels:           1  (LUT1=1)
  Clock Path Skew:        0.297ns (DCD - SCD - CPR)
    Destination Clock Delay (DCD):    1.193ns
    Source Clock Delay      (SCD):    0.896ns
    Clock Pessimism Removal (CPR):    -0.000ns
  Clock Uncertainty:      0.125ns  ((TSJ^2 + TIJ^2)^1/2 + DJ) / 2 + PE
    Total System Jitter     (TSJ):    0.071ns
    Total Input Jitter      (TIJ):    0.240ns
    Discrete Jitter          (DJ):    0.000ns
    Phase Error              (PE):    0.000ns
  Timing Exception:       False Path

    Location             Delay type                Incr(ns)  Path(ns)    Netlist Resource(s)
  -------------------------------------------------------------------    -------------------
                         (clock clk_fpga_0 rise edge)
                                                      0.000     0.000 r  
    PS7_X0Y0             PS7                          0.000     0.000 r  tme_bd_i/processing_system7_0/inst/PS7_i/FCLKCLK[0]
                         net (fo=1, routed)           0.310     0.310    tme_bd_i/processing_system7_0/inst/FCLK_CLK_unbuffered[0]
    BUFGCTRL_X0Y16       BUFG (Prop_bufg_I_O)         0.026     0.336 r  tme_bd_i/processing_system7_0/inst/buffer_fclk_clk_0.FCLK_CLK_0_BUFG/O
                         net (fo=25602, routed)       0.560     0.896    tme_bd_i/smartconnect_mem/inst/clk_map/psr_aclk/U0/aclk
    SLICE_X41Y10         FDRE                                         r  tme_bd_i/smartconnect_mem/inst/clk_map/psr_aclk/U0/ACTIVE_LOW_BSR_OUT_DFF[0].FDRE_BSR_N/C
  -------------------------------------------------------------------    -------------------
    SLICE_X41Y10         FDRE (Prop_fdre_C_Q)         0.141     1.037 r  tme_bd_i/smartconnect_mem/inst/clk_map/psr_aclk/U0/ACTIVE_LOW_BSR_OUT_DFF[0].FDRE_BSR_N/Q
                         net (fo=11, routed)          0.306     1.342    tme_bd_i/smartconnect_mem/inst/s01_nodes/s01_ar_node/inst/s_sc_xpm_cdc_async_rst_inst/src_arst
    SLICE_X39Y10         LUT1 (Prop_lut1_I0_O)        0.044     1.386 f  tme_bd_i/smartconnect_mem/inst/s01_nodes/s01_ar_node/inst/s_sc_xpm_cdc_async_rst_inst/arststages_ff[2]_i_1/O
                         net (fo=3, routed)           0.177     1.563    tme_bd_i/smartconnect_mem/inst/s01_nodes/s01_ar_node/inst/s_sc_xpm_cdc_async_rst_inst/reset_pol
    SLICE_X39Y10         FDCE                                         f  tme_bd_i/smartconnect_mem/inst/s01_nodes/s01_ar_node/inst/s_sc_xpm_cdc_async_rst_inst/arststages_ff_reg[0]/CLR
  -------------------------------------------------------------------    -------------------

                         (clock clk_fpga_0 rise edge)
                                                      0.000     0.000 r  
    PS7_X0Y0             PS7                          0.000     0.000 r  tme_bd_i/processing_system7_0/inst/PS7_i/FCLKCLK[0]
                         net (fo=1, routed)           0.337     0.337    tme_bd_i/processing_system7_0/inst/FCLK_CLK_unbuffered[0]
    BUFGCTRL_X0Y16       BUFG (Prop_bufg_I_O)         0.029     0.366 r  tme_bd_i/processing_system7_0/inst/buffer_fclk_clk_0.FCLK_CLK_0_BUFG/O
                         net (fo=25602, routed)       0.827     1.193    tme_bd_i/smartconnect_mem/inst/s01_nodes/s01_ar_node/inst/s_sc_xpm_cdc_async_rst_inst/dest_clk
    SLICE_X39Y10         FDCE                                         r  tme_bd_i/smartconnect_mem/inst/s01_nodes/s01_ar_node/inst/s_sc_xpm_cdc_async_rst_inst/arststages_ff_reg[0]/C





