Copyright 1986-2022 Xilinx, Inc. All Rights Reserved. Copyright 2022-2025 Advanced Micro Devices, Inc. All Rights Reserved.
-----------------------------------------------------------------------------------------------------------------------------------------------------------------------------------------------------------------------
| Tool Version : Vivado v.2025.2 (win64) Build 6299465 Fri Nov 14 19:35:11 GMT 2025
| Date         : Tue Aug 18 21:44:18 2026
| Host         : DESKTOP-KG9P5J1 running 64-bit major release  (build 9200)
| Command      : report_timing_summary -delay_type min_max -report_unconstrained -check_timing_verbose -max_paths 10 -file C:/Users/lychee/tc25/vivado_project/tme_b1_125/overlay_output/post_route_timing_summary.rpt
| Design       : tme_bd_wrapper
| Device       : 7z020-clg400
| Speed File   : -1  PRODUCTION 1.12 2019-11-22
| Design State : Routed
-----------------------------------------------------------------------------------------------------------------------------------------------------------------------------------------------------------------------

Timing Summary Report

------------------------------------------------------------------------------------------------
| Timer Settings
| --------------
------------------------------------------------------------------------------------------------

  Enable Multi Corner Analysis               :  Yes
  Enable Pessimism Removal                   :  Yes
  Pessimism Removal Resolution               :  Nearest Common Node
  Enable Input Delay Default Clock           :  No
  Enable Preset / Clear Arcs                 :  No
  Disable Flight Delays                      :  No
  Ignore I/O Paths                           :  No
  Timing Early Launch at Borrowing Latches   :  No
  Borrow Time for Max Delay Exceptions       :  Yes
  Merge Timing Exceptions                    :  Yes
  Inter-SLR Compensation                     :  Conservative

  Corner  Analyze    Analyze    
  Name    Max Paths  Min Paths  
  ------  ---------  ---------  
  Slow    Yes        Yes        
  Fast    Yes        Yes        


------------------------------------------------------------------------------------------------
| Report Methodology
| ------------------
------------------------------------------------------------------------------------------------

No report available as report_methodology has not been run prior. Run report_methodology on the current design for the summary of methodology violations.



check_timing report

Table of Contents
-----------------
1. checking no_clock (0)
2. checking constant_clock (0)
3. checking pulse_width_clock (0)
4. checking unconstrained_internal_endpoints (0)
5. checking no_input_delay (0)
6. checking no_output_delay (0)
7. checking multiple_clock (0)
8. checking generated_clocks (0)
9. checking loops (0)
10. checking partial_input_delay (0)
11. checking partial_output_delay (0)
12. checking latch_loops (0)

1. checking no_clock (0)
------------------------
 There are 0 register/latch pins with no clock.


2. checking constant_clock (0)
------------------------------
 There are 0 register/latch pins with constant_clock.


3. checking pulse_width_clock (0)
---------------------------------
 There are 0 register/latch pins which need pulse_width check


4. checking unconstrained_internal_endpoints (0)
------------------------------------------------
 There are 0 pins that are not constrained for maximum delay.

 There are 0 pins that are not constrained for maximum delay due to constant clock.


5. checking no_input_delay (0)
------------------------------
 There are 0 input ports with no input delay specified.

 There are 0 input ports with no input delay but user has a false path constraint.


6. checking no_output_delay (0)
-------------------------------
 There are 0 ports with no output delay specified.

 There are 0 ports with no output delay but user has a false path constraint

 There are 0 ports with no output delay but with a timing clock defined on it or propagating through it


7. checking multiple_clock (0)
------------------------------
 There are 0 register/latch pins with multiple clocks.


8. checking generated_clocks (0)
--------------------------------
 There are 0 generated clocks that are not connected to a clock source.


9. checking loops (0)
---------------------
 There are 0 combinational loops in the design.


10. checking partial_input_delay (0)
------------------------------------
 There are 0 input ports with partial input delay specified.


11. checking partial_output_delay (0)
-------------------------------------
 There are 0 ports with partial output delay specified.


12. checking latch_loops (0)
----------------------------
 There are 0 combinational latch loops in the design through latch input



------------------------------------------------------------------------------------------------
| Design Timing Summary
| ---------------------
------------------------------------------------------------------------------------------------

    WNS(ns)      TNS(ns)  TNS Failing Endpoints  TNS Total Endpoints      WHS(ns)      THS(ns)  THS Failing Endpoints  THS Total Endpoints     WPWS(ns)     TPWS(ns)  TPWS Failing Endpoints  TPWS Total Endpoints  
    -------      -------  ---------------------  -------------------      -------      -------  ---------------------  -------------------     --------     --------  ----------------------  --------------------  
      0.135        0.000                      0                47459        0.010        0.000                      0                47459        2.750        0.000                       0                 19674  


All user specified timing constraints are met.


------------------------------------------------------------------------------------------------
| Clock Summary
| -------------
------------------------------------------------------------------------------------------------

Clock       Waveform(ns)         Period(ns)      Frequency(MHz)
-----       ------------         ----------      --------------
clk_fpga_0  {0.000 4.000}        8.000           125.000         


------------------------------------------------------------------------------------------------
| Intra Clock Table
| -----------------
------------------------------------------------------------------------------------------------

Clock             WNS(ns)      TNS(ns)  TNS Failing Endpoints  TNS Total Endpoints      WHS(ns)      THS(ns)  THS Failing Endpoints  THS Total Endpoints     WPWS(ns)     TPWS(ns)  TPWS Failing Endpoints  TPWS Total Endpoints  
-----             -------      -------  ---------------------  -------------------      -------      -------  ---------------------  -------------------     --------     --------  ----------------------  --------------------  
clk_fpga_0          0.135        0.000                      0                47459        0.010        0.000                      0                47459        2.750        0.000                       0                 19674  


------------------------------------------------------------------------------------------------
| Inter Clock Table
| -----------------
------------------------------------------------------------------------------------------------

From Clock    To Clock          WNS(ns)      TNS(ns)  TNS Failing Endpoints  TNS Total Endpoints      WHS(ns)      THS(ns)  THS Failing Endpoints  THS Total Endpoints  
----------    --------          -------      -------  ---------------------  -------------------      -------      -------  ---------------------  -------------------  


------------------------------------------------------------------------------------------------
| Other Path Groups Table
| -----------------------
------------------------------------------------------------------------------------------------

Path Group    From Clock    To Clock          WNS(ns)      TNS(ns)  TNS Failing Endpoints  TNS Total Endpoints      WHS(ns)      THS(ns)  THS Failing Endpoints  THS Total Endpoints  
----------    ----------    --------          -------      -------  ---------------------  -------------------      -------      -------  ---------------------  -------------------  


------------------------------------------------------------------------------------------------
| User Ignored Path Table
| -----------------------
------------------------------------------------------------------------------------------------

Path Group    From Clock    To Clock    
----------    ----------    --------    
(none)                      clk_fpga_0    
(none)        clk_fpga_0    clk_fpga_0    


------------------------------------------------------------------------------------------------
| Unconstrained Path Table
| ------------------------
------------------------------------------------------------------------------------------------

Path Group    From Clock    To Clock    
----------    ----------    --------    


------------------------------------------------------------------------------------------------
| Timing Details
| --------------
------------------------------------------------------------------------------------------------


---------------------------------------------------------------------------------------------------
From Clock:  clk_fpga_0
  To Clock:  clk_fpga_0

Setup :            0  Failing Endpoints,  Worst Slack        0.135ns,  Total Violation        0.000ns
Hold  :            0  Failing Endpoints,  Worst Slack        0.010ns,  Total Violation        0.000ns
PW    :            0  Failing Endpoints,  Worst Slack        2.750ns,  Total Violation        0.000ns
---------------------------------------------------------------------------------------------------


Max Delay Paths
--------------------------------------------------------------------------------------
Slack (MET) :             0.135ns  (required time - arrival time)
  Source:                 tme_bd_i/tme_top_0/inst/templ_buf_U/ram_reg_0_3/CLKBWRCLK
                            (rising edge-triggered cell RAMB36E1 clocked by clk_fpga_0  {rise@0.000ns fall@4.000ns period=8.000ns})
  Destination:            tme_bd_i/tme_top_0/inst/grp_tme_top_Pipeline_VITIS_LOOP_181_3_fu_1446/t_row_178_fu_1060_reg[3]/D
                            (rising edge-triggered cell FDRE clocked by clk_fpga_0  {rise@0.000ns fall@4.000ns period=8.000ns})
  Path Group:             clk_fpga_0
  Path Type:              Setup (Max at Slow Process Corner)
  Requirement:            8.000ns  (clk_fpga_0 rise@8.000ns - clk_fpga_0 rise@0.000ns)
  Data Path Delay:        7.589ns  (logic 2.454ns (32.338%)  route 5.135ns (67.662%))
  Logic Levels:           0  
  Clock Path Skew:        -0.071ns (DCD - SCD + CPR)
    Destination Clock Delay (DCD):    2.788ns = ( 10.788 - 8.000 ) 
    Source Clock Delay      (SCD):    2.987ns
    Clock Pessimism Removal (CPR):    0.129ns
  Clock Uncertainty:      0.125ns  ((TSJ^2 + TIJ^2)^1/2 + DJ) / 2 + PE
    Total System Jitter     (TSJ):    0.071ns
    Total Input Jitter      (TIJ):    0.240ns
    Discrete Jitter          (DJ):    0.000ns
    Phase Error              (PE):    0.000ns

    Location             Delay type                Incr(ns)  Path(ns)    Netlist Resource(s)
  -------------------------------------------------------------------    -------------------
                         (clock clk_fpga_0 rise edge)
                                                      0.000     0.000 r  
    PS7_X0Y0             PS7                          0.000     0.000 r  tme_bd_i/processing_system7_0/inst/PS7_i/FCLKCLK[0]
                         net (fo=1, routed)           1.193     1.193    tme_bd_i/processing_system7_0/inst/FCLK_CLK_unbuffered[0]
    BUFGCTRL_X0Y16       BUFG (Prop_bufg_I_O)         0.101     1.294 r  tme_bd_i/processing_system7_0/inst/buffer_fclk_clk_0.FCLK_CLK_0_BUFG/O
                         net (fo=19675, routed)       1.693     2.987    tme_bd_i/tme_top_0/inst/templ_buf_U/ap_clk
    RAMB36_X2Y18         RAMB36E1                                     r  tme_bd_i/tme_top_0/inst/templ_buf_U/ram_reg_0_3/CLKBWRCLK
  -------------------------------------------------------------------    -------------------
    RAMB36_X2Y18         RAMB36E1 (Prop_ramb36e1_CLKBWRCLK_DOBDO[0])
                                                      2.454     5.441 r  tme_bd_i/tme_top_0/inst/templ_buf_U/ram_reg_0_3/DOBDO[0]
                         net (fo=216, routed)         5.135    10.576    tme_bd_i/tme_top_0/inst/grp_tme_top_Pipeline_VITIS_LOOP_181_3_fu_1446/q0[3]
    SLICE_X99Y98         FDRE                                         r  tme_bd_i/tme_top_0/inst/grp_tme_top_Pipeline_VITIS_LOOP_181_3_fu_1446/t_row_178_fu_1060_reg[3]/D
  -------------------------------------------------------------------    -------------------

                         (clock clk_fpga_0 rise edge)
                                                      8.000     8.000 r  
    PS7_X0Y0             PS7                          0.000     8.000 r  tme_bd_i/processing_system7_0/inst/PS7_i/FCLKCLK[0]
                         net (fo=1, routed)           1.088     9.088    tme_bd_i/processing_system7_0/inst/FCLK_CLK_unbuffered[0]
    BUFGCTRL_X0Y16       BUFG (Prop_bufg_I_O)         0.091     9.179 r  tme_bd_i/processing_system7_0/inst/buffer_fclk_clk_0.FCLK_CLK_0_BUFG/O
                         net (fo=19675, routed)       1.609    10.788    tme_bd_i/tme_top_0/inst/grp_tme_top_Pipeline_VITIS_LOOP_181_3_fu_1446/ap_clk
    SLICE_X99Y98         FDRE                                         r  tme_bd_i/tme_top_0/inst/grp_tme_top_Pipeline_VITIS_LOOP_181_3_fu_1446/t_row_178_fu_1060_reg[3]/C
                         clock pessimism              0.129    10.917    
                         clock uncertainty           -0.125    10.792    
    SLICE_X99Y98         FDRE (Setup_fdre_C_D)       -0.081    10.711    tme_bd_i/tme_top_0/inst/grp_tme_top_Pipeline_VITIS_LOOP_181_3_fu_1446/t_row_178_fu_1060_reg[3]
  -------------------------------------------------------------------
                         required time                         10.711    
                         arrival time                         -10.576    
  -------------------------------------------------------------------
                         slack                                  0.135    

Slack (MET) :             0.157ns  (required time - arrival time)
  Source:                 tme_bd_i/tme_top_0/inst/templ_buf_U/ram_reg_0_3/CLKBWRCLK
                            (rising edge-triggered cell RAMB36E1 clocked by clk_fpga_0  {rise@0.000ns fall@4.000ns period=8.000ns})
  Destination:            tme_bd_i/tme_top_0/inst/grp_tme_top_Pipeline_VITIS_LOOP_181_3_fu_1446/t_row_113_fu_1320_reg[3]/D
                            (rising edge-triggered cell FDRE clocked by clk_fpga_0  {rise@0.000ns fall@4.000ns period=8.000ns})
  Path Group:             clk_fpga_0
  Path Type:              Setup (Max at Slow Process Corner)
  Requirement:            8.000ns  (clk_fpga_0 rise@8.000ns - clk_fpga_0 rise@0.000ns)
  Data Path Delay:        7.774ns  (logic 2.454ns (31.567%)  route 5.320ns (68.433%))
  Logic Levels:           0  
  Clock Path Skew:        0.102ns (DCD - SCD + CPR)
    Destination Clock Delay (DCD):    2.960ns = ( 10.960 - 8.000 ) 
    Source Clock Delay      (SCD):    2.987ns
    Clock Pessimism Removal (CPR):    0.129ns
  Clock Uncertainty:      0.125ns  ((TSJ^2 + TIJ^2)^1/2 + DJ) / 2 + PE
    Total System Jitter     (TSJ):    0.071ns
    Total Input Jitter      (TIJ):    0.240ns
    Discrete Jitter          (DJ):    0.000ns
    Phase Error              (PE):    0.000ns

    Location             Delay type                Incr(ns)  Path(ns)    Netlist Resource(s)
  -------------------------------------------------------------------    -------------------
                         (clock clk_fpga_0 rise edge)
                                                      0.000     0.000 r  
    PS7_X0Y0             PS7                          0.000     0.000 r  tme_bd_i/processing_system7_0/inst/PS7_i/FCLKCLK[0]
                         net (fo=1, routed)           1.193     1.193    tme_bd_i/processing_system7_0/inst/FCLK_CLK_unbuffered[0]
    BUFGCTRL_X0Y16       BUFG (Prop_bufg_I_O)         0.101     1.294 r  tme_bd_i/processing_system7_0/inst/buffer_fclk_clk_0.FCLK_CLK_0_BUFG/O
                         net (fo=19675, routed)       1.693     2.987    tme_bd_i/tme_top_0/inst/templ_buf_U/ap_clk
    RAMB36_X2Y18         RAMB36E1                                     r  tme_bd_i/tme_top_0/inst/templ_buf_U/ram_reg_0_3/CLKBWRCLK
  -------------------------------------------------------------------    -------------------
    RAMB36_X2Y18         RAMB36E1 (Prop_ramb36e1_CLKBWRCLK_DOBDO[0])
                                                      2.454     5.441 r  tme_bd_i/tme_top_0/inst/templ_buf_U/ram_reg_0_3/DOBDO[0]
                         net (fo=216, routed)         5.320    10.762    tme_bd_i/tme_top_0/inst/grp_tme_top_Pipeline_VITIS_LOOP_181_3_fu_1446/q0[3]
    SLICE_X96Y108        FDRE                                         r  tme_bd_i/tme_top_0/inst/grp_tme_top_Pipeline_VITIS_LOOP_181_3_fu_1446/t_row_113_fu_1320_reg[3]/D
  -------------------------------------------------------------------    -------------------

                         (clock clk_fpga_0 rise edge)
                                                      8.000     8.000 r  
    PS7_X0Y0             PS7                          0.000     8.000 r  tme_bd_i/processing_system7_0/inst/PS7_i/FCLKCLK[0]
                         net (fo=1, routed)           1.088     9.088    tme_bd_i/processing_system7_0/inst/FCLK_CLK_unbuffered[0]
    BUFGCTRL_X0Y16       BUFG (Prop_bufg_I_O)         0.091     9.179 r  tme_bd_i/processing_system7_0/inst/buffer_fclk_clk_0.FCLK_CLK_0_BUFG/O
                         net (fo=19675, routed)       1.781    10.960    tme_bd_i/tme_top_0/inst/grp_tme_top_Pipeline_VITIS_LOOP_181_3_fu_1446/ap_clk
    SLICE_X96Y108        FDRE                                         r  tme_bd_i/tme_top_0/inst/grp_tme_top_Pipeline_VITIS_LOOP_181_3_fu_1446/t_row_113_fu_1320_reg[3]/C
                         clock pessimism              0.129    11.089    
                         clock uncertainty           -0.125    10.964    
    SLICE_X96Y108        FDRE (Setup_fdre_C_D)       -0.045    10.919    tme_bd_i/tme_top_0/inst/grp_tme_top_Pipeline_VITIS_LOOP_181_3_fu_1446/t_row_113_fu_1320_reg[3]
  -------------------------------------------------------------------
                         required time                         10.919    
                         arrival time                         -10.762    
  -------------------------------------------------------------------
                         slack                                  0.157    

Slack (MET) :             0.216ns  (required time - arrival time)
  Source:                 tme_bd_i/tme_top_0/inst/templ_buf_U/ram_reg_0_3/CLKBWRCLK
                            (rising edge-triggered cell RAMB36E1 clocked by clk_fpga_0  {rise@0.000ns fall@4.000ns period=8.000ns})
  Destination:            tme_bd_i/tme_top_0/inst/grp_tme_top_Pipeline_VITIS_LOOP_181_3_fu_1446/t_row_112_fu_1324_reg[3]/D
                            (rising edge-triggered cell FDRE clocked by clk_fpga_0  {rise@0.000ns fall@4.000ns period=8.000ns})
  Path Group:             clk_fpga_0
  Path Type:              Setup (Max at Slow Process Corner)
  Requirement:            8.000ns  (clk_fpga_0 rise@8.000ns - clk_fpga_0 rise@0.000ns)
  Data Path Delay:        7.677ns  (logic 2.454ns (31.968%)  route 5.223ns (68.032%))
  Logic Levels:           0  
  Clock Path Skew:        0.099ns (DCD - SCD + CPR)
    Destination Clock Delay (DCD):    2.957ns = ( 10.957 - 8.000 ) 
    Source Clock Delay      (SCD):    2.987ns
    Clock Pessimism Removal (CPR):    0.129ns
  Clock Uncertainty:      0.125ns  ((TSJ^2 + TIJ^2)^1/2 + DJ) / 2 + PE
    Total System Jitter     (TSJ):    0.071ns
    Total Input Jitter      (TIJ):    0.240ns
    Discrete Jitter          (DJ):    0.000ns
    Phase Error              (PE):    0.000ns

    Location             Delay type                Incr(ns)  Path(ns)    Netlist Resource(s)
  -------------------------------------------------------------------    -------------------
                         (clock clk_fpga_0 rise edge)
                                                      0.000     0.000 r  
    PS7_X0Y0             PS7                          0.000     0.000 r  tme_bd_i/processing_system7_0/inst/PS7_i/FCLKCLK[0]
                         net (fo=1, routed)           1.193     1.193    tme_bd_i/processing_system7_0/inst/FCLK_CLK_unbuffered[0]
    BUFGCTRL_X0Y16       BUFG (Prop_bufg_I_O)         0.101     1.294 r  tme_bd_i/processing_system7_0/inst/buffer_fclk_clk_0.FCLK_CLK_0_BUFG/O
                         net (fo=19675, routed)       1.693     2.987    tme_bd_i/tme_top_0/inst/templ_buf_U/ap_clk
    RAMB36_X2Y18         RAMB36E1                                     r  tme_bd_i/tme_top_0/inst/templ_buf_U/ram_reg_0_3/CLKBWRCLK
  -------------------------------------------------------------------    -------------------
    RAMB36_X2Y18         RAMB36E1 (Prop_ramb36e1_CLKBWRCLK_DOBDO[0])
                                                      2.454     5.441 r  tme_bd_i/tme_top_0/inst/templ_buf_U/ram_reg_0_3/DOBDO[0]
                         net (fo=216, routed)         5.223    10.664    tme_bd_i/tme_top_0/inst/grp_tme_top_Pipeline_VITIS_LOOP_181_3_fu_1446/q0[3]
    SLICE_X97Y112        FDRE                                         r  tme_bd_i/tme_top_0/inst/grp_tme_top_Pipeline_VITIS_LOOP_181_3_fu_1446/t_row_112_fu_1324_reg[3]/D
  -------------------------------------------------------------------    -------------------

                         (clock clk_fpga_0 rise edge)
                                                      8.000     8.000 r  
    PS7_X0Y0             PS7                          0.000     8.000 r  tme_bd_i/processing_system7_0/inst/PS7_i/FCLKCLK[0]
                         net (fo=1, routed)           1.088     9.088    tme_bd_i/processing_system7_0/inst/FCLK_CLK_unbuffered[0]
    BUFGCTRL_X0Y16       BUFG (Prop_bufg_I_O)         0.091     9.179 r  tme_bd_i/processing_system7_0/inst/buffer_fclk_clk_0.FCLK_CLK_0_BUFG/O
                         net (fo=19675, routed)       1.778    10.957    tme_bd_i/tme_top_0/inst/grp_tme_top_Pipeline_VITIS_LOOP_181_3_fu_1446/ap_clk
    SLICE_X97Y112        FDRE                                         r  tme_bd_i/tme_top_0/inst/grp_tme_top_Pipeline_VITIS_LOOP_181_3_fu_1446/t_row_112_fu_1324_reg[3]/C
                         clock pessimism              0.129    11.086    
                         clock uncertainty           -0.125    10.961    
    SLICE_X97Y112        FDRE (Setup_fdre_C_D)       -0.081    10.880    tme_bd_i/tme_top_0/inst/grp_tme_top_Pipeline_VITIS_LOOP_181_3_fu_1446/t_row_112_fu_1324_reg[3]
  -------------------------------------------------------------------
                         required time                         10.880    
                         arrival time                         -10.664    
  -------------------------------------------------------------------
                         slack                                  0.216    

Slack (MET) :             0.267ns  (required time - arrival time)
  Source:                 tme_bd_i/tme_top_0/inst/templ_buf_U/ram_reg_0_3/CLKBWRCLK
                            (rising edge-triggered cell RAMB36E1 clocked by clk_fpga_0  {rise@0.000ns fall@4.000ns period=8.000ns})
  Destination:            tme_bd_i/tme_top_0/inst/grp_tme_top_Pipeline_VITIS_LOOP_181_3_fu_1446/t_row_145_fu_1192_reg[3]/D
                            (rising edge-triggered cell FDRE clocked by clk_fpga_0  {rise@0.000ns fall@4.000ns period=8.000ns})
  Path Group:             clk_fpga_0
  Path Type:              Setup (Max at Slow Process Corner)
  Requirement:            8.000ns  (clk_fpga_0 rise@8.000ns - clk_fpga_0 rise@0.000ns)
  Data Path Delay:        7.625ns  (logic 2.454ns (32.183%)  route 5.171ns (67.817%))
  Logic Levels:           0  
  Clock Path Skew:        0.099ns (DCD - SCD + CPR)
    Destination Clock Delay (DCD):    2.957ns = ( 10.957 - 8.000 ) 
    Source Clock Delay      (SCD):    2.987ns
    Clock Pessimism Removal (CPR):    0.129ns
  Clock Uncertainty:      0.125ns  ((TSJ^2 + TIJ^2)^1/2 + DJ) / 2 + PE
    Total System Jitter     (TSJ):    0.071ns
    Total Input Jitter      (TIJ):    0.240ns
    Discrete Jitter          (DJ):    0.000ns
    Phase Error              (PE):    0.000ns

    Location             Delay type                Incr(ns)  Path(ns)    Netlist Resource(s)
  -------------------------------------------------------------------    -------------------
                         (clock clk_fpga_0 rise edge)
                                                      0.000     0.000 r  
    PS7_X0Y0             PS7                          0.000     0.000 r  tme_bd_i/processing_system7_0/inst/PS7_i/FCLKCLK[0]
                         net (fo=1, routed)           1.193     1.193    tme_bd_i/processing_system7_0/inst/FCLK_CLK_unbuffered[0]
    BUFGCTRL_X0Y16       BUFG (Prop_bufg_I_O)         0.101     1.294 r  tme_bd_i/processing_system7_0/inst/buffer_fclk_clk_0.FCLK_CLK_0_BUFG/O
                         net (fo=19675, routed)       1.693     2.987    tme_bd_i/tme_top_0/inst/templ_buf_U/ap_clk
    RAMB36_X2Y18         RAMB36E1                                     r  tme_bd_i/tme_top_0/inst/templ_buf_U/ram_reg_0_3/CLKBWRCLK
  -------------------------------------------------------------------    -------------------
    RAMB36_X2Y18         RAMB36E1 (Prop_ramb36e1_CLKBWRCLK_DOBDO[0])
                                                      2.454     5.441 r  tme_bd_i/tme_top_0/inst/templ_buf_U/ram_reg_0_3/DOBDO[0]
                         net (fo=216, routed)         5.171    10.613    tme_bd_i/tme_top_0/inst/grp_tme_top_Pipeline_VITIS_LOOP_181_3_fu_1446/q0[3]
    SLICE_X93Y109        FDRE                                         r  tme_bd_i/tme_top_0/inst/grp_tme_top_Pipeline_VITIS_LOOP_181_3_fu_1446/t_row_145_fu_1192_reg[3]/D
  -------------------------------------------------------------------    -------------------

                         (clock clk_fpga_0 rise edge)
                                                      8.000     8.000 r  
    PS7_X0Y0             PS7                          0.000     8.000 r  tme_bd_i/processing_system7_0/inst/PS7_i/FCLKCLK[0]
                         net (fo=1, routed)           1.088     9.088    tme_bd_i/processing_system7_0/inst/FCLK_CLK_unbuffered[0]
    BUFGCTRL_X0Y16       BUFG (Prop_bufg_I_O)         0.091     9.179 r  tme_bd_i/processing_system7_0/inst/buffer_fclk_clk_0.FCLK_CLK_0_BUFG/O
                         net (fo=19675, routed)       1.778    10.957    tme_bd_i/tme_top_0/inst/grp_tme_top_Pipeline_VITIS_LOOP_181_3_fu_1446/ap_clk
    SLICE_X93Y109        FDRE                                         r  tme_bd_i/tme_top_0/inst/grp_tme_top_Pipeline_VITIS_LOOP_181_3_fu_1446/t_row_145_fu_1192_reg[3]/C
                         clock pessimism              0.129    11.086    
                         clock uncertainty           -0.125    10.961    
    SLICE_X93Y109        FDRE (Setup_fdre_C_D)       -0.081    10.880    tme_bd_i/tme_top_0/inst/grp_tme_top_Pipeline_VITIS_LOOP_181_3_fu_1446/t_row_145_fu_1192_reg[3]
  -------------------------------------------------------------------
                         required time                         10.880    
                         arrival time                         -10.613    
  -------------------------------------------------------------------
                         slack                                  0.267    

Slack (MET) :             0.270ns  (required time - arrival time)
  Source:                 tme_bd_i/tme_top_0/inst/grp_tme_top_Pipeline_norm_cols_fu_1670/u_reg_1509_reg[2]/C
                            (rising edge-triggered cell FDRE clocked by clk_fpga_0  {rise@0.000ns fall@4.000ns period=8.000ns})
  Destination:            tme_bd_i/tme_top_0/inst/grp_tme_top_Pipeline_norm_cols_fu_1670/sti_reg_2004_reg[24]/D
                            (rising edge-triggered cell FDRE clocked by clk_fpga_0  {rise@0.000ns fall@4.000ns period=8.000ns})
  Path Group:             clk_fpga_0
  Path Type:              Setup (Max at Slow Process Corner)
  Requirement:            8.000ns  (clk_fpga_0 rise@8.000ns - clk_fpga_0 rise@0.000ns)
  Data Path Delay:        7.560ns  (logic 0.918ns (12.142%)  route 6.642ns (87.858%))
  Logic Levels:           2  (MUXF7=1 MUXF8=1)
  Clock Path Skew:        -0.109ns (DCD - SCD + CPR)
    Destination Clock Delay (DCD):    2.817ns = ( 10.817 - 8.000 ) 
    Source Clock Delay      (SCD):    3.055ns
    Clock Pessimism Removal (CPR):    0.129ns
  Clock Uncertainty:      0.125ns  ((TSJ^2 + TIJ^2)^1/2 + DJ) / 2 + PE
    Total System Jitter     (TSJ):    0.071ns
    Total Input Jitter      (TIJ):    0.240ns
    Discrete Jitter          (DJ):    0.000ns
    Phase Error              (PE):    0.000ns

    Location             Delay type                Incr(ns)  Path(ns)    Netlist Resource(s)
  -------------------------------------------------------------------    -------------------
                         (clock clk_fpga_0 rise edge)
                                                      0.000     0.000 r  
    PS7_X0Y0             PS7                          0.000     0.000 r  tme_bd_i/processing_system7_0/inst/PS7_i/FCLKCLK[0]
                         net (fo=1, routed)           1.193     1.193    tme_bd_i/processing_system7_0/inst/FCLK_CLK_unbuffered[0]
    BUFGCTRL_X0Y16       BUFG (Prop_bufg_I_O)         0.101     1.294 r  tme_bd_i/processing_system7_0/inst/buffer_fclk_clk_0.FCLK_CLK_0_BUFG/O
                         net (fo=19675, routed)       1.761     3.055    tme_bd_i/tme_top_0/inst/grp_tme_top_Pipeline_norm_cols_fu_1670/ap_clk
    SLICE_X90Y75         FDRE                                         r  tme_bd_i/tme_top_0/inst/grp_tme_top_Pipeline_norm_cols_fu_1670/u_reg_1509_reg[2]/C
  -------------------------------------------------------------------    -------------------
    SLICE_X90Y75         FDRE (Prop_fdre_C_Q)         0.518     3.573 r  tme_bd_i/tme_top_0/inst/grp_tme_top_Pipeline_norm_cols_fu_1670/u_reg_1509_reg[2]/Q
                         net (fo=177, routed)         6.642    10.215    tme_bd_i/tme_top_0/inst/grp_tme_top_Pipeline_norm_cols_fu_1670/u_reg_1509[2]
    SLICE_X37Y123        MUXF7 (Prop_muxf7_S_O)       0.296    10.511 r  tme_bd_i/tme_top_0/inst/grp_tme_top_Pipeline_norm_cols_fu_1670/sti_reg_2004_reg[24]_i_2/O
                         net (fo=1, routed)           0.000    10.511    tme_bd_i/tme_top_0/inst/grp_tme_top_Pipeline_norm_cols_fu_1670/sti_reg_2004_reg[24]_i_2_n_2
    SLICE_X37Y123        MUXF8 (Prop_muxf8_I0_O)      0.104    10.615 r  tme_bd_i/tme_top_0/inst/grp_tme_top_Pipeline_norm_cols_fu_1670/sti_reg_2004_reg[24]_i_1/O
                         net (fo=1, routed)           0.000    10.615    tme_bd_i/tme_top_0/inst/grp_tme_top_Pipeline_norm_cols_fu_1670/sti_reg_2004_reg[24]_i_1_n_2
    SLICE_X37Y123        FDRE                                         r  tme_bd_i/tme_top_0/inst/grp_tme_top_Pipeline_norm_cols_fu_1670/sti_reg_2004_reg[24]/D
  -------------------------------------------------------------------    -------------------

                         (clock clk_fpga_0 rise edge)
                                                      8.000     8.000 r  
    PS7_X0Y0             PS7                          0.000     8.000 r  tme_bd_i/processing_system7_0/inst/PS7_i/FCLKCLK[0]
                         net (fo=1, routed)           1.088     9.088    tme_bd_i/processing_system7_0/inst/FCLK_CLK_unbuffered[0]
    BUFGCTRL_X0Y16       BUFG (Prop_bufg_I_O)         0.091     9.179 r  tme_bd_i/processing_system7_0/inst/buffer_fclk_clk_0.FCLK_CLK_0_BUFG/O
                         net (fo=19675, routed)       1.638    10.817    tme_bd_i/tme_top_0/inst/grp_tme_top_Pipeline_norm_cols_fu_1670/ap_clk
    SLICE_X37Y123        FDRE                                         r  tme_bd_i/tme_top_0/inst/grp_tme_top_Pipeline_norm_cols_fu_1670/sti_reg_2004_reg[24]/C
                         clock pessimism              0.129    10.946    
                         clock uncertainty           -0.125    10.821    
    SLICE_X37Y123        FDRE (Setup_fdre_C_D)        0.064    10.885    tme_bd_i/tme_top_0/inst/grp_tme_top_Pipeline_norm_cols_fu_1670/sti_reg_2004_reg[24]
  -------------------------------------------------------------------
                         required time                         10.885    
                         arrival time                         -10.615    
  -------------------------------------------------------------------
                         slack                                  0.270    

Slack (MET) :             0.282ns  (required time - arrival time)
  Source:                 tme_bd_i/tme_top_0/inst/templ_buf_U/ram_reg_0_3/CLKBWRCLK
                            (rising edge-triggered cell RAMB36E1 clocked by clk_fpga_0  {rise@0.000ns fall@4.000ns period=8.000ns})
  Destination:            tme_bd_i/tme_top_0/inst/grp_tme_top_Pipeline_VITIS_LOOP_181_3_fu_1446/t_row_150_fu_1172_reg[3]/D
                            (rising edge-triggered cell FDRE clocked by clk_fpga_0  {rise@0.000ns fall@4.000ns period=8.000ns})
  Path Group:             clk_fpga_0
  Path Type:              Setup (Max at Slow Process Corner)
  Requirement:            8.000ns  (clk_fpga_0 rise@8.000ns - clk_fpga_0 rise@0.000ns)
  Data Path Delay:        7.648ns  (logic 2.454ns (32.089%)  route 5.194ns (67.911%))
  Logic Levels:           0  
  Clock Path Skew:        0.100ns (DCD - SCD + CPR)
    Destination Clock Delay (DCD):    2.958ns = ( 10.958 - 8.000 ) 
    Source Clock Delay      (SCD):    2.987ns
    Clock Pessimism Removal (CPR):    0.129ns
  Clock Uncertainty:      0.125ns  ((TSJ^2 + TIJ^2)^1/2 + DJ) / 2 + PE
    Total System Jitter     (TSJ):    0.071ns
    Total Input Jitter      (TIJ):    0.240ns
    Discrete Jitter          (DJ):    0.000ns
    Phase Error              (PE):    0.000ns

    Location             Delay type                Incr(ns)  Path(ns)    Netlist Resource(s)
  -------------------------------------------------------------------    -------------------
                         (clock clk_fpga_0 rise edge)
                                                      0.000     0.000 r  
    PS7_X0Y0             PS7                          0.000     0.000 r  tme_bd_i/processing_system7_0/inst/PS7_i/FCLKCLK[0]
                         net (fo=1, routed)           1.193     1.193    tme_bd_i/processing_system7_0/inst/FCLK_CLK_unbuffered[0]
    BUFGCTRL_X0Y16       BUFG (Prop_bufg_I_O)         0.101     1.294 r  tme_bd_i/processing_system7_0/inst/buffer_fclk_clk_0.FCLK_CLK_0_BUFG/O
                         net (fo=19675, routed)       1.693     2.987    tme_bd_i/tme_top_0/inst/templ_buf_U/ap_clk
    RAMB36_X2Y18         RAMB36E1                                     r  tme_bd_i/tme_top_0/inst/templ_buf_U/ram_reg_0_3/CLKBWRCLK
  -------------------------------------------------------------------    -------------------
    RAMB36_X2Y18         RAMB36E1 (Prop_ramb36e1_CLKBWRCLK_DOBDO[0])
                                                      2.454     5.441 r  tme_bd_i/tme_top_0/inst/templ_buf_U/ram_reg_0_3/DOBDO[0]
                         net (fo=216, routed)         5.194    10.635    tme_bd_i/tme_top_0/inst/grp_tme_top_Pipeline_VITIS_LOOP_181_3_fu_1446/q0[3]
    SLICE_X92Y108        FDRE                                         r  tme_bd_i/tme_top_0/inst/grp_tme_top_Pipeline_VITIS_LOOP_181_3_fu_1446/t_row_150_fu_1172_reg[3]/D
  -------------------------------------------------------------------    -------------------

                         (clock clk_fpga_0 rise edge)
                                                      8.000     8.000 r  
    PS7_X0Y0             PS7                          0.000     8.000 r  tme_bd_i/processing_system7_0/inst/PS7_i/FCLKCLK[0]
                         net (fo=1, routed)           1.088     9.088    tme_bd_i/processing_system7_0/inst/FCLK_CLK_unbuffered[0]
    BUFGCTRL_X0Y16       BUFG (Prop_bufg_I_O)         0.091     9.179 r  tme_bd_i/processing_system7_0/inst/buffer_fclk_clk_0.FCLK_CLK_0_BUFG/O
                         net (fo=19675, routed)       1.779    10.958    tme_bd_i/tme_top_0/inst/grp_tme_top_Pipeline_VITIS_LOOP_181_3_fu_1446/ap_clk
    SLICE_X92Y108        FDRE                                         r  tme_bd_i/tme_top_0/inst/grp_tme_top_Pipeline_VITIS_LOOP_181_3_fu_1446/t_row_150_fu_1172_reg[3]/C
                         clock pessimism              0.129    11.087    
                         clock uncertainty           -0.125    10.962    
    SLICE_X92Y108        FDRE (Setup_fdre_C_D)       -0.045    10.917    tme_bd_i/tme_top_0/inst/grp_tme_top_Pipeline_VITIS_LOOP_181_3_fu_1446/t_row_150_fu_1172_reg[3]
  -------------------------------------------------------------------
                         required time                         10.917    
                         arrival time                         -10.635    
  -------------------------------------------------------------------
                         slack                                  0.282    

Slack (MET) :             0.288ns  (required time - arrival time)
  Source:                 tme_bd_i/tme_top_0/inst/templ_buf_U/ram_reg_0_3/CLKBWRCLK
                            (rising edge-triggered cell RAMB36E1 clocked by clk_fpga_0  {rise@0.000ns fall@4.000ns period=8.000ns})
  Destination:            tme_bd_i/tme_top_0/inst/grp_tme_top_Pipeline_VITIS_LOOP_181_3_fu_1446/t_row_161_fu_1128_reg[3]/D
                            (rising edge-triggered cell FDRE clocked by clk_fpga_0  {rise@0.000ns fall@4.000ns period=8.000ns})
  Path Group:             clk_fpga_0
  Path Type:              Setup (Max at Slow Process Corner)
  Requirement:            8.000ns  (clk_fpga_0 rise@8.000ns - clk_fpga_0 rise@0.000ns)
  Data Path Delay:        7.658ns  (logic 2.454ns (32.044%)  route 5.204ns (67.956%))
  Logic Levels:           0  
  Clock Path Skew:        0.100ns (DCD - SCD + CPR)
    Destination Clock Delay (DCD):    2.958ns = ( 10.958 - 8.000 ) 
    Source Clock Delay      (SCD):    2.987ns
    Clock Pessimism Removal (CPR):    0.129ns
  Clock Uncertainty:      0.125ns  ((TSJ^2 + TIJ^2)^1/2 + DJ) / 2 + PE
    Total System Jitter     (TSJ):    0.071ns
    Total Input Jitter      (TIJ):    0.240ns
    Discrete Jitter          (DJ):    0.000ns
    Phase Error              (PE):    0.000ns

    Location             Delay type                Incr(ns)  Path(ns)    Netlist Resource(s)
  -------------------------------------------------------------------    -------------------
                         (clock clk_fpga_0 rise edge)
                                                      0.000     0.000 r  
    PS7_X0Y0             PS7                          0.000     0.000 r  tme_bd_i/processing_system7_0/inst/PS7_i/FCLKCLK[0]
                         net (fo=1, routed)           1.193     1.193    tme_bd_i/processing_system7_0/inst/FCLK_CLK_unbuffered[0]
    BUFGCTRL_X0Y16       BUFG (Prop_bufg_I_O)         0.101     1.294 r  tme_bd_i/processing_system7_0/inst/buffer_fclk_clk_0.FCLK_CLK_0_BUFG/O
                         net (fo=19675, routed)       1.693     2.987    tme_bd_i/tme_top_0/inst/templ_buf_U/ap_clk
    RAMB36_X2Y18         RAMB36E1                                     r  tme_bd_i/tme_top_0/inst/templ_buf_U/ram_reg_0_3/CLKBWRCLK
  -------------------------------------------------------------------    -------------------
    RAMB36_X2Y18         RAMB36E1 (Prop_ramb36e1_CLKBWRCLK_DOBDO[0])
                                                      2.454     5.441 r  tme_bd_i/tme_top_0/inst/templ_buf_U/ram_reg_0_3/DOBDO[0]
                         net (fo=216, routed)         5.204    10.646    tme_bd_i/tme_top_0/inst/grp_tme_top_Pipeline_VITIS_LOOP_181_3_fu_1446/q0[3]
    SLICE_X90Y103        FDRE                                         r  tme_bd_i/tme_top_0/inst/grp_tme_top_Pipeline_VITIS_LOOP_181_3_fu_1446/t_row_161_fu_1128_reg[3]/D
  -------------------------------------------------------------------    -------------------

                         (clock clk_fpga_0 rise edge)
                                                      8.000     8.000 r  
    PS7_X0Y0             PS7                          0.000     8.000 r  tme_bd_i/processing_system7_0/inst/PS7_i/FCLKCLK[0]
                         net (fo=1, routed)           1.088     9.088    tme_bd_i/processing_system7_0/inst/FCLK_CLK_unbuffered[0]
    BUFGCTRL_X0Y16       BUFG (Prop_bufg_I_O)         0.091     9.179 r  tme_bd_i/processing_system7_0/inst/buffer_fclk_clk_0.FCLK_CLK_0_BUFG/O
                         net (fo=19675, routed)       1.779    10.958    tme_bd_i/tme_top_0/inst/grp_tme_top_Pipeline_VITIS_LOOP_181_3_fu_1446/ap_clk
    SLICE_X90Y103        FDRE                                         r  tme_bd_i/tme_top_0/inst/grp_tme_top_Pipeline_VITIS_LOOP_181_3_fu_1446/t_row_161_fu_1128_reg[3]/C
                         clock pessimism              0.129    11.087    
                         clock uncertainty           -0.125    10.962    
    SLICE_X90Y103        FDRE (Setup_fdre_C_D)       -0.028    10.934    tme_bd_i/tme_top_0/inst/grp_tme_top_Pipeline_VITIS_LOOP_181_3_fu_1446/t_row_161_fu_1128_reg[3]
  -------------------------------------------------------------------
                         required time                         10.934    
                         arrival time                         -10.646    
  -------------------------------------------------------------------
                         slack                                  0.288    

Slack (MET) :             0.289ns  (required time - arrival time)
  Source:                 tme_bd_i/tme_top_0/inst/templ_buf_U/ram_reg_0_2/CLKBWRCLK
                            (rising edge-triggered cell RAMB36E1 clocked by clk_fpga_0  {rise@0.000ns fall@4.000ns period=8.000ns})
  Destination:            tme_bd_i/tme_top_0/inst/grp_tme_top_Pipeline_VITIS_LOOP_181_3_fu_1446/t_row_2_fu_1764_reg[2]/D
                            (rising edge-triggered cell FDRE clocked by clk_fpga_0  {rise@0.000ns fall@4.000ns period=8.000ns})
  Path Group:             clk_fpga_0
  Path Type:              Setup (Max at Slow Process Corner)
  Requirement:            8.000ns  (clk_fpga_0 rise@8.000ns - clk_fpga_0 rise@0.000ns)
  Data Path Delay:        7.414ns  (logic 2.454ns (33.101%)  route 4.960ns (66.899%))
  Logic Levels:           0  
  Clock Path Skew:        -0.091ns (DCD - SCD + CPR)
    Destination Clock Delay (DCD):    2.886ns = ( 10.886 - 8.000 ) 
    Source Clock Delay      (SCD):    3.092ns
    Clock Pessimism Removal (CPR):    0.115ns
  Clock Uncertainty:      0.125ns  ((TSJ^2 + TIJ^2)^1/2 + DJ) / 2 + PE
    Total System Jitter     (TSJ):    0.071ns
    Total Input Jitter      (TIJ):    0.240ns
    Discrete Jitter          (DJ):    0.000ns
    Phase Error              (PE):    0.000ns

    Location             Delay type                Incr(ns)  Path(ns)    Netlist Resource(s)
  -------------------------------------------------------------------    -------------------
                         (clock clk_fpga_0 rise edge)
                                                      0.000     0.000 r  
    PS7_X0Y0             PS7                          0.000     0.000 r  tme_bd_i/processing_system7_0/inst/PS7_i/FCLKCLK[0]
                         net (fo=1, routed)           1.193     1.193    tme_bd_i/processing_system7_0/inst/FCLK_CLK_unbuffered[0]
    BUFGCTRL_X0Y16       BUFG (Prop_bufg_I_O)         0.101     1.294 r  tme_bd_i/processing_system7_0/inst/buffer_fclk_clk_0.FCLK_CLK_0_BUFG/O
                         net (fo=19675, routed)       1.798     3.092    tme_bd_i/tme_top_0/inst/templ_buf_U/ap_clk
    RAMB36_X0Y9          RAMB36E1                                     r  tme_bd_i/tme_top_0/inst/templ_buf_U/ram_reg_0_2/CLKBWRCLK
  -------------------------------------------------------------------    -------------------
    RAMB36_X0Y9          RAMB36E1 (Prop_ramb36e1_CLKBWRCLK_DOBDO[0])
                                                      2.454     5.546 r  tme_bd_i/tme_top_0/inst/templ_buf_U/ram_reg_0_2/DOBDO[0]
                         net (fo=216, routed)         4.960    10.506    tme_bd_i/tme_top_0/inst/grp_tme_top_Pipeline_VITIS_LOOP_181_3_fu_1446/q0[2]
    SLICE_X64Y117        FDRE                                         r  tme_bd_i/tme_top_0/inst/grp_tme_top_Pipeline_VITIS_LOOP_181_3_fu_1446/t_row_2_fu_1764_reg[2]/D
  -------------------------------------------------------------------    -------------------

                         (clock clk_fpga_0 rise edge)
                                                      8.000     8.000 r  
    PS7_X0Y0             PS7                          0.000     8.000 r  tme_bd_i/processing_system7_0/inst/PS7_i/FCLKCLK[0]
                         net (fo=1, routed)           1.088     9.088    tme_bd_i/processing_system7_0/inst/FCLK_CLK_unbuffered[0]
    BUFGCTRL_X0Y16       BUFG (Prop_bufg_I_O)         0.091     9.179 r  tme_bd_i/processing_system7_0/inst/buffer_fclk_clk_0.FCLK_CLK_0_BUFG/O
                         net (fo=19675, routed)       1.707    10.886    tme_bd_i/tme_top_0/inst/grp_tme_top_Pipeline_VITIS_LOOP_181_3_fu_1446/ap_clk
    SLICE_X64Y117        FDRE                                         r  tme_bd_i/tme_top_0/inst/grp_tme_top_Pipeline_VITIS_LOOP_181_3_fu_1446/t_row_2_fu_1764_reg[2]/C
                         clock pessimism              0.115    11.001    
                         clock uncertainty           -0.125    10.876    
    SLICE_X64Y117        FDRE (Setup_fdre_C_D)       -0.081    10.795    tme_bd_i/tme_top_0/inst/grp_tme_top_Pipeline_VITIS_LOOP_181_3_fu_1446/t_row_2_fu_1764_reg[2]
  -------------------------------------------------------------------
                         required time                         10.795    
                         arrival time                         -10.506    
  -------------------------------------------------------------------
                         slack                                  0.289    

Slack (MET) :             0.294ns  (required time - arrival time)
  Source:                 tme_bd_i/tme_top_0/inst/grp_tme_top_Pipeline_norm_cols_fu_1670/u_reg_1509_reg[2]/C
                            (rising edge-triggered cell FDRE clocked by clk_fpga_0  {rise@0.000ns fall@4.000ns period=8.000ns})
  Destination:            tme_bd_i/tme_top_0/inst/grp_tme_top_Pipeline_norm_cols_fu_1670/sti_reg_2004_reg[20]/D
                            (rising edge-triggered cell FDRE clocked by clk_fpga_0  {rise@0.000ns fall@4.000ns period=8.000ns})
  Path Group:             clk_fpga_0
  Path Type:              Setup (Max at Slow Process Corner)
  Requirement:            8.000ns  (clk_fpga_0 rise@8.000ns - clk_fpga_0 rise@0.000ns)
  Data Path Delay:        7.540ns  (logic 0.918ns (12.175%)  route 6.622ns (87.825%))
  Logic Levels:           2  (MUXF7=1 MUXF8=1)
  Clock Path Skew:        -0.105ns (DCD - SCD + CPR)
    Destination Clock Delay (DCD):    2.821ns = ( 10.821 - 8.000 ) 
    Source Clock Delay      (SCD):    3.055ns
    Clock Pessimism Removal (CPR):    0.129ns
  Clock Uncertainty:      0.125ns  ((TSJ^2 + TIJ^2)^1/2 + DJ) / 2 + PE
    Total System Jitter     (TSJ):    0.071ns
    Total Input Jitter      (TIJ):    0.240ns
    Discrete Jitter          (DJ):    0.000ns
    Phase Error              (PE):    0.000ns

    Location             Delay type                Incr(ns)  Path(ns)    Netlist Resource(s)
  -------------------------------------------------------------------    -------------------
                         (clock clk_fpga_0 rise edge)
                                                      0.000     0.000 r  
    PS7_X0Y0             PS7                          0.000     0.000 r  tme_bd_i/processing_system7_0/inst/PS7_i/FCLKCLK[0]
                         net (fo=1, routed)           1.193     1.193    tme_bd_i/processing_system7_0/inst/FCLK_CLK_unbuffered[0]
    BUFGCTRL_X0Y16       BUFG (Prop_bufg_I_O)         0.101     1.294 r  tme_bd_i/processing_system7_0/inst/buffer_fclk_clk_0.FCLK_CLK_0_BUFG/O
                         net (fo=19675, routed)       1.761     3.055    tme_bd_i/tme_top_0/inst/grp_tme_top_Pipeline_norm_cols_fu_1670/ap_clk
    SLICE_X90Y75         FDRE                                         r  tme_bd_i/tme_top_0/inst/grp_tme_top_Pipeline_norm_cols_fu_1670/u_reg_1509_reg[2]/C
  -------------------------------------------------------------------    -------------------
    SLICE_X90Y75         FDRE (Prop_fdre_C_Q)         0.518     3.573 r  tme_bd_i/tme_top_0/inst/grp_tme_top_Pipeline_norm_cols_fu_1670/u_reg_1509_reg[2]/Q
                         net (fo=177, routed)         6.622    10.195    tme_bd_i/tme_top_0/inst/grp_tme_top_Pipeline_norm_cols_fu_1670/u_reg_1509[2]
    SLICE_X37Y119        MUXF7 (Prop_muxf7_S_O)       0.296    10.491 r  tme_bd_i/tme_top_0/inst/grp_tme_top_Pipeline_norm_cols_fu_1670/sti_reg_2004_reg[20]_i_2/O
                         net (fo=1, routed)           0.000    10.491    tme_bd_i/tme_top_0/inst/grp_tme_top_Pipeline_norm_cols_fu_1670/sti_reg_2004_reg[20]_i_2_n_2
    SLICE_X37Y119        MUXF8 (Prop_muxf8_I0_O)      0.104    10.595 r  tme_bd_i/tme_top_0/inst/grp_tme_top_Pipeline_norm_cols_fu_1670/sti_reg_2004_reg[20]_i_1/O
                         net (fo=1, routed)           0.000    10.595    tme_bd_i/tme_top_0/inst/grp_tme_top_Pipeline_norm_cols_fu_1670/sti_reg_2004_reg[20]_i_1_n_2
    SLICE_X37Y119        FDRE                                         r  tme_bd_i/tme_top_0/inst/grp_tme_top_Pipeline_norm_cols_fu_1670/sti_reg_2004_reg[20]/D
  -------------------------------------------------------------------    -------------------

                         (clock clk_fpga_0 rise edge)
                                                      8.000     8.000 r  
    PS7_X0Y0             PS7                          0.000     8.000 r  tme_bd_i/processing_system7_0/inst/PS7_i/FCLKCLK[0]
                         net (fo=1, routed)           1.088     9.088    tme_bd_i/processing_system7_0/inst/FCLK_CLK_unbuffered[0]
    BUFGCTRL_X0Y16       BUFG (Prop_bufg_I_O)         0.091     9.179 r  tme_bd_i/processing_system7_0/inst/buffer_fclk_clk_0.FCLK_CLK_0_BUFG/O
                         net (fo=19675, routed)       1.642    10.821    tme_bd_i/tme_top_0/inst/grp_tme_top_Pipeline_norm_cols_fu_1670/ap_clk
    SLICE_X37Y119        FDRE                                         r  tme_bd_i/tme_top_0/inst/grp_tme_top_Pipeline_norm_cols_fu_1670/sti_reg_2004_reg[20]/C
                         clock pessimism              0.129    10.950    
                         clock uncertainty           -0.125    10.825    
    SLICE_X37Y119        FDRE (Setup_fdre_C_D)        0.064    10.889    tme_bd_i/tme_top_0/inst/grp_tme_top_Pipeline_norm_cols_fu_1670/sti_reg_2004_reg[20]
  -------------------------------------------------------------------
                         required time                         10.889    
                         arrival time                         -10.595    
  -------------------------------------------------------------------
                         slack                                  0.294    

Slack (MET) :             0.296ns  (required time - arrival time)
  Source:                 tme_bd_i/tme_top_0/inst/templ_buf_U/ram_reg_0_2/CLKBWRCLK
                            (rising edge-triggered cell RAMB36E1 clocked by clk_fpga_0  {rise@0.000ns fall@4.000ns period=8.000ns})
  Destination:            tme_bd_i/tme_top_0/inst/grp_tme_top_Pipeline_VITIS_LOOP_181_3_fu_1446/t_row_182_fu_1044_reg[2]/D
                            (rising edge-triggered cell FDRE clocked by clk_fpga_0  {rise@0.000ns fall@4.000ns period=8.000ns})
  Path Group:             clk_fpga_0
  Path Type:              Setup (Max at Slow Process Corner)
  Requirement:            8.000ns  (clk_fpga_0 rise@8.000ns - clk_fpga_0 rise@0.000ns)
  Data Path Delay:        7.418ns  (logic 2.454ns (33.082%)  route 4.964ns (66.918%))
  Logic Levels:           0  
  Clock Path Skew:        -0.080ns (DCD - SCD + CPR)
    Destination Clock Delay (DCD):    2.897ns = ( 10.897 - 8.000 ) 
    Source Clock Delay      (SCD):    3.092ns
    Clock Pessimism Removal (CPR):    0.115ns
  Clock Uncertainty:      0.125ns  ((TSJ^2 + TIJ^2)^1/2 + DJ) / 2 + PE
    Total System Jitter     (TSJ):    0.071ns
    Total Input Jitter      (TIJ):    0.240ns
    Discrete Jitter          (DJ):    0.000ns
    Phase Error              (PE):    0.000ns

    Location             Delay type                Incr(ns)  Path(ns)    Netlist Resource(s)
  -------------------------------------------------------------------    -------------------
                         (clock clk_fpga_0 rise edge)
                                                      0.000     0.000 r  
    PS7_X0Y0             PS7                          0.000     0.000 r  tme_bd_i/processing_system7_0/inst/PS7_i/FCLKCLK[0]
                         net (fo=1, routed)           1.193     1.193    tme_bd_i/processing_system7_0/inst/FCLK_CLK_unbuffered[0]
    BUFGCTRL_X0Y16       BUFG (Prop_bufg_I_O)         0.101     1.294 r  tme_bd_i/processing_system7_0/inst/buffer_fclk_clk_0.FCLK_CLK_0_BUFG/O
                         net (fo=19675, routed)       1.798     3.092    tme_bd_i/tme_top_0/inst/templ_buf_U/ap_clk
    RAMB36_X0Y9          RAMB36E1                                     r  tme_bd_i/tme_top_0/inst/templ_buf_U/ram_reg_0_2/CLKBWRCLK
  -------------------------------------------------------------------    -------------------
    RAMB36_X0Y9          RAMB36E1 (Prop_ramb36e1_CLKBWRCLK_DOBDO[0])
                                                      2.454     5.546 r  tme_bd_i/tme_top_0/inst/templ_buf_U/ram_reg_0_2/DOBDO[0]
                         net (fo=216, routed)         4.964    10.510    tme_bd_i/tme_top_0/inst/grp_tme_top_Pipeline_VITIS_LOOP_181_3_fu_1446/q0[2]
    SLICE_X85Y109        FDRE                                         r  tme_bd_i/tme_top_0/inst/grp_tme_top_Pipeline_VITIS_LOOP_181_3_fu_1446/t_row_182_fu_1044_reg[2]/D
  -------------------------------------------------------------------    -------------------

                         (clock clk_fpga_0 rise edge)
                                                      8.000     8.000 r  
    PS7_X0Y0             PS7                          0.000     8.000 r  tme_bd_i/processing_system7_0/inst/PS7_i/FCLKCLK[0]
                         net (fo=1, routed)           1.088     9.088    tme_bd_i/processing_system7_0/inst/FCLK_CLK_unbuffered[0]
    BUFGCTRL_X0Y16       BUFG (Prop_bufg_I_O)         0.091     9.179 r  tme_bd_i/processing_system7_0/inst/buffer_fclk_clk_0.FCLK_CLK_0_BUFG/O
                         net (fo=19675, routed)       1.718    10.897    tme_bd_i/tme_top_0/inst/grp_tme_top_Pipeline_VITIS_LOOP_181_3_fu_1446/ap_clk
    SLICE_X85Y109        FDRE                                         r  tme_bd_i/tme_top_0/inst/grp_tme_top_Pipeline_VITIS_LOOP_181_3_fu_1446/t_row_182_fu_1044_reg[2]/C
                         clock pessimism              0.115    11.012    
                         clock uncertainty           -0.125    10.887    
    SLICE_X85Y109        FDRE (Setup_fdre_C_D)       -0.081    10.806    tme_bd_i/tme_top_0/inst/grp_tme_top_Pipeline_VITIS_LOOP_181_3_fu_1446/t_row_182_fu_1044_reg[2]
  -------------------------------------------------------------------
                         required time                         10.806    
                         arrival time                         -10.510    
  -------------------------------------------------------------------
                         slack                                  0.296    





Min Delay Paths
--------------------------------------------------------------------------------------
Slack (MET) :             0.010ns  (arrival time - required time)
  Source:                 tme_bd_wrapper/tme_bd/tme_bd_tme_top_0_0/tme_bd_tme_top_0_0_tme_top/tme_bd_tme_top_0_0_tme_top_tme_top_Pipeline_norm_cols/tme_bd_tme_top_0_0_tme_top_fdiv_32ns_32ns_32_30_no_dsp_1/tme_bd_tme_top_0_0_tme_top_fdiv_32ns_32ns_32_30_no_dsp_1_ip/<hidden>/<hidden>/<hidden>/<hidden>/<hidden>/<hidden>/<hidden>/<hidden>
                            (rising edge-triggered cell FDRE clocked by clk_fpga_0  {rise@0.000ns fall@4.000ns period=8.000ns})
  Destination:            tme_bd_wrapper/tme_bd/tme_bd_tme_top_0_0/tme_bd_tme_top_0_0_tme_top/tme_bd_tme_top_0_0_tme_top_tme_top_Pipeline_norm_cols/tme_bd_tme_top_0_0_tme_top_fdiv_32ns_32ns_32_30_no_dsp_1/tme_bd_tme_top_0_0_tme_top_fdiv_32ns_32ns_32_30_no_dsp_1_ip/<hidden>/<hidden>/<hidden>/<hidden>/<hidden>/<hidden>/<hidden>/<hidden>
                            (rising edge-triggered cell FDRE clocked by clk_fpga_0  {rise@0.000ns fall@4.000ns period=8.000ns})
  Path Group:             clk_fpga_0
  Path Type:              Hold (Min at Fast Process Corner)
  Requirement:            0.000ns  (clk_fpga_0 rise@0.000ns - clk_fpga_0 rise@0.000ns)
  Data Path Delay:        0.407ns  (logic 0.256ns (62.955%)  route 0.151ns (37.045%))
  Logic Levels:           2  (CARRY4=1 LUT3=1)
  Clock Path Skew:        0.262ns (DCD - SCD - CPR)
    Destination Clock Delay (DCD):    1.219ns
    Source Clock Delay      (SCD):    0.927ns
    Clock Pessimism Removal (CPR):    0.030ns

    Location             Delay type                Incr(ns)  Path(ns)    Netlist Resource(s)
  -------------------------------------------------------------------    -------------------
                         (clock clk_fpga_0 rise edge)
                                                      0.000     0.000 r  
    PS7_X0Y0             PS7                          0.000     0.000 r  tme_bd_i/processing_system7_0/inst/PS7_i/FCLKCLK[0]
                         net (fo=1, routed)           0.310     0.310    tme_bd_i/processing_system7_0/inst/FCLK_CLK_unbuffered[0]
    BUFGCTRL_X0Y16       BUFG (Prop_bufg_I_O)         0.026     0.336 r  tme_bd_i/processing_system7_0/inst/buffer_fclk_clk_0.FCLK_CLK_0_BUFG/O
                         net (fo=19675, routed)       0.591     0.927    tme_bd_wrapper/tme_bd/tme_bd_tme_top_0_0/tme_bd_tme_top_0_0_tme_top/tme_bd_tme_top_0_0_tme_top_tme_top_Pipeline_norm_cols/tme_bd_tme_top_0_0_tme_top_fdiv_32ns_32ns_32_30_no_dsp_1/tme_bd_tme_top_0_0_tme_top_fdiv_32ns_32ns_32_30_no_dsp_1_ip/<hidden>/<hidden>/<hidden>/<hidden>/<hidden>/<hidden>/<hidden>/<hidden>
    SLICE_X87Y49         FDRE                                         r  tme_bd_wrapper/tme_bd/tme_bd_tme_top_0_0/tme_bd_tme_top_0_0_tme_top/tme_bd_tme_top_0_0_tme_top_tme_top_Pipeline_norm_cols/tme_bd_tme_top_0_0_tme_top_fdiv_32ns_32ns_32_30_no_dsp_1/tme_bd_tme_top_0_0_tme_top_fdiv_32ns_32ns_32_30_no_dsp_1_ip/<hidden>/<hidden>/<hidden>/<hidden>/<hidden>/<hidden>/<hidden>/<hidden>
  -------------------------------------------------------------------    -------------------
    SLICE_X87Y49         FDRE (Prop_fdre_C_Q)         0.141     1.068 r  tme_bd_wrapper/tme_bd/tme_bd_tme_top_0_0/tme_bd_tme_top_0_0_tme_top/tme_bd_tme_top_0_0_tme_top_tme_top_Pipeline_norm_cols/tme_bd_tme_top_0_0_tme_top_fdiv_32ns_32ns_32_30_no_dsp_1/tme_bd_tme_top_0_0_tme_top_fdiv_32ns_32ns_32_30_no_dsp_1_ip/<hidden>/<hidden>/<hidden>/<hidden>/<hidden>/<hidden>/<hidden>/<hidden>
                         net (fo=2, routed)           0.151     1.218    tme_bd_wrapper/tme_bd/tme_bd_tme_top_0_0/tme_bd_tme_top_0_0_tme_top/tme_bd_tme_top_0_0_tme_top_tme_top_Pipeline_norm_cols/tme_bd_tme_top_0_0_tme_top_fdiv_32ns_32ns_32_30_no_dsp_1/tme_bd_tme_top_0_0_tme_top_fdiv_32ns_32ns_32_30_no_dsp_1_ip/<hidden>/<hidden>/<hidden>/<hidden>/<hidden>
    SLICE_X82Y50         LUT3 (Prop_lut3_I1_O)        0.045     1.263 r  tme_bd_wrapper/tme_bd/tme_bd_tme_top_0_0/tme_bd_tme_top_0_0_tme_top/tme_bd_tme_top_0_0_tme_top_tme_top_Pipeline_norm_cols/tme_bd_tme_top_0_0_tme_top_fdiv_32ns_32ns_32_30_no_dsp_1/tme_bd_tme_top_0_0_tme_top_fdiv_32ns_32ns_32_30_no_dsp_1_ip/<hidden>/<hidden>/<hidden>/<hidden>/<hidden>
                         net (fo=1, routed)           0.000     1.263    tme_bd_wrapper/tme_bd/tme_bd_tme_top_0_0/tme_bd_tme_top_0_0_tme_top/tme_bd_tme_top_0_0_tme_top_tme_top_Pipeline_norm_cols/tme_bd_tme_top_0_0_tme_top_fdiv_32ns_32ns_32_30_no_dsp_1/tme_bd_tme_top_0_0_tme_top_fdiv_32ns_32ns_32_30_no_dsp_1_ip/<hidden>/<hidden>/<hidden>/<hidden>/<hidden>/<hidden>
    SLICE_X82Y50         CARRY4 (Prop_carry4_S[0]_O[0])
                                                      0.070     1.333 r  tme_bd_wrapper/tme_bd/tme_bd_tme_top_0_0/tme_bd_tme_top_0_0_tme_top/tme_bd_tme_top_0_0_tme_top_tme_top_Pipeline_norm_cols/tme_bd_tme_top_0_0_tme_top_fdiv_32ns_32ns_32_30_no_dsp_1/tme_bd_tme_top_0_0_tme_top_fdiv_32ns_32ns_32_30_no_dsp_1_ip/<hidden>/<hidden>/<hidden>/<hidden>/<hidden>/<hidden>
                         net (fo=1, routed)           0.000     1.333    tme_bd_wrapper/tme_bd/tme_bd_tme_top_0_0/tme_bd_tme_top_0_0_tme_top/tme_bd_tme_top_0_0_tme_top_tme_top_Pipeline_norm_cols/tme_bd_tme_top_0_0_tme_top_fdiv_32ns_32ns_32_30_no_dsp_1/tme_bd_tme_top_0_0_tme_top_fdiv_32ns_32ns_32_30_no_dsp_1_ip/<hidden>/<hidden>/<hidden>/<hidden>/<hidden>/<hidden>/<hidden>/<hidden>
    SLICE_X82Y50         FDRE                                         r  tme_bd_wrapper/tme_bd/tme_bd_tme_top_0_0/tme_bd_tme_top_0_0_tme_top/tme_bd_tme_top_0_0_tme_top_tme_top_Pipeline_norm_cols/tme_bd_tme_top_0_0_tme_top_fdiv_32ns_32ns_32_30_no_dsp_1/tme_bd_tme_top_0_0_tme_top_fdiv_32ns_32ns_32_30_no_dsp_1_ip/<hidden>/<hidden>/<hidden>/<hidden>/<hidden>/<hidden>/<hidden>/<hidden>
  -------------------------------------------------------------------    -------------------

                         (clock clk_fpga_0 rise edge)
                                                      0.000     0.000 r  
    PS7_X0Y0             PS7                          0.000     0.000 r  tme_bd_i/processing_system7_0/inst/PS7_i/FCLKCLK[0]
                         net (fo=1, routed)           0.337     0.337    tme_bd_i/processing_system7_0/inst/FCLK_CLK_unbuffered[0]
    BUFGCTRL_X0Y16       BUFG (Prop_bufg_I_O)         0.029     0.366 r  tme_bd_i/processing_system7_0/inst/buffer_fclk_clk_0.FCLK_CLK_0_BUFG/O
                         net (fo=19675, routed)       0.853     1.219    tme_bd_wrapper/tme_bd/tme_bd_tme_top_0_0/tme_bd_tme_top_0_0_tme_top/tme_bd_tme_top_0_0_tme_top_tme_top_Pipeline_norm_cols/tme_bd_tme_top_0_0_tme_top_fdiv_32ns_32ns_32_30_no_dsp_1/tme_bd_tme_top_0_0_tme_top_fdiv_32ns_32ns_32_30_no_dsp_1_ip/<hidden>/<hidden>/<hidden>/<hidden>/<hidden>/<hidden>/<hidden>/<hidden>
    SLICE_X82Y50         FDRE                                         r  tme_bd_wrapper/tme_bd/tme_bd_tme_top_0_0/tme_bd_tme_top_0_0_tme_top/tme_bd_tme_top_0_0_tme_top_tme_top_Pipeline_norm_cols/tme_bd_tme_top_0_0_tme_top_fdiv_32ns_32ns_32_30_no_dsp_1/tme_bd_tme_top_0_0_tme_top_fdiv_32ns_32ns_32_30_no_dsp_1_ip/<hidden>/<hidden>/<hidden>/<hidden>/<hidden>/<hidden>/<hidden>/<hidden>
                         clock pessimism             -0.030     1.189    
    SLICE_X82Y50         FDRE (Hold_fdre_C_D)         0.134     1.323    tme_bd_wrapper/tme_bd/tme_bd_tme_top_0_0/tme_bd_tme_top_0_0_tme_top/tme_bd_tme_top_0_0_tme_top_tme_top_Pipeline_norm_cols/tme_bd_tme_top_0_0_tme_top_fdiv_32ns_32ns_32_30_no_dsp_1/tme_bd_tme_top_0_0_tme_top_fdiv_32ns_32ns_32_30_no_dsp_1_ip/<hidden>/<hidden>/<hidden>/<hidden>/<hidden>/<hidden>/<hidden>/<hidden>
  -------------------------------------------------------------------
                         required time                         -1.323    
                         arrival time                           1.333    
  -------------------------------------------------------------------
                         slack                                  0.010    

Slack (MET) :             0.031ns  (arrival time - required time)
  Source:                 tme_bd_i/tme_top_0/inst/grp_tme_top_Pipeline_norm_cols_fu_1670/score_reg_2074_reg[12]/C
                            (rising edge-triggered cell FDRE clocked by clk_fpga_0  {rise@0.000ns fall@4.000ns period=8.000ns})
  Destination:            tme_bd_i/tme_top_0/inst/grp_tme_top_Pipeline_norm_cols_fu_1670/score_1_reg_880_reg[12]/D
                            (rising edge-triggered cell FDRE clocked by clk_fpga_0  {rise@0.000ns fall@4.000ns period=8.000ns})
  Path Group:             clk_fpga_0
  Path Type:              Hold (Min at Fast Process Corner)
  Requirement:            0.000ns  (clk_fpga_0 rise@0.000ns - clk_fpga_0 rise@0.000ns)
  Data Path Delay:        0.388ns  (logic 0.186ns (47.885%)  route 0.202ns (52.115%))
  Logic Levels:           1  (LUT3=1)
  Clock Path Skew:        0.265ns (DCD - SCD - CPR)
    Destination Clock Delay (DCD):    1.180ns
    Source Clock Delay      (SCD):    0.880ns
    Clock Pessimism Removal (CPR):    0.035ns

    Location             Delay type                Incr(ns)  Path(ns)    Netlist Resource(s)
  -------------------------------------------------------------------    -------------------
                         (clock clk_fpga_0 rise edge)
                                                      0.000     0.000 r  
    PS7_X0Y0             PS7                          0.000     0.000 r  tme_bd_i/processing_system7_0/inst/PS7_i/FCLKCLK[0]
                         net (fo=1, routed)           0.310     0.310    tme_bd_i/processing_system7_0/inst/FCLK_CLK_unbuffered[0]
    BUFGCTRL_X0Y16       BUFG (Prop_bufg_I_O)         0.026     0.336 r  tme_bd_i/processing_system7_0/inst/buffer_fclk_clk_0.FCLK_CLK_0_BUFG/O
                         net (fo=19675, routed)       0.544     0.880    tme_bd_i/tme_top_0/inst/grp_tme_top_Pipeline_norm_cols_fu_1670/ap_clk
    SLICE_X53Y69         FDRE                                         r  tme_bd_i/tme_top_0/inst/grp_tme_top_Pipeline_norm_cols_fu_1670/score_reg_2074_reg[12]/C
  -------------------------------------------------------------------    -------------------
    SLICE_X53Y69         FDRE (Prop_fdre_C_Q)         0.141     1.021 r  tme_bd_i/tme_top_0/inst/grp_tme_top_Pipeline_norm_cols_fu_1670/score_reg_2074_reg[12]/Q
                         net (fo=2, routed)           0.202     1.223    tme_bd_i/tme_top_0/inst/grp_tme_top_Pipeline_norm_cols_fu_1670/score_reg_2074[12]
    SLICE_X49Y69         LUT3 (Prop_lut3_I0_O)        0.045     1.268 r  tme_bd_i/tme_top_0/inst/grp_tme_top_Pipeline_norm_cols_fu_1670/score_1_reg_880[12]_i_1/O
                         net (fo=1, routed)           0.000     1.268    tme_bd_i/tme_top_0/inst/grp_tme_top_Pipeline_norm_cols_fu_1670/ap_phi_mux_score_1_phi_fu_884_p4[12]
    SLICE_X49Y69         FDRE                                         r  tme_bd_i/tme_top_0/inst/grp_tme_top_Pipeline_norm_cols_fu_1670/score_1_reg_880_reg[12]/D
  -------------------------------------------------------------------    -------------------

                         (clock clk_fpga_0 rise edge)
                                                      0.000     0.000 r  
    PS7_X0Y0             PS7                          0.000     0.000 r  tme_bd_i/processing_system7_0/inst/PS7_i/FCLKCLK[0]
                         net (fo=1, routed)           0.337     0.337    tme_bd_i/processing_system7_0/inst/FCLK_CLK_unbuffered[0]
    BUFGCTRL_X0Y16       BUFG (Prop_bufg_I_O)         0.029     0.366 r  tme_bd_i/processing_system7_0/inst/buffer_fclk_clk_0.FCLK_CLK_0_BUFG/O
                         net (fo=19675, routed)       0.814     1.180    tme_bd_i/tme_top_0/inst/grp_tme_top_Pipeline_norm_cols_fu_1670/ap_clk
    SLICE_X49Y69         FDRE                                         r  tme_bd_i/tme_top_0/inst/grp_tme_top_Pipeline_norm_cols_fu_1670/score_1_reg_880_reg[12]/C
                         clock pessimism             -0.035     1.145    
    SLICE_X49Y69         FDRE (Hold_fdre_C_D)         0.092     1.237    tme_bd_i/tme_top_0/inst/grp_tme_top_Pipeline_norm_cols_fu_1670/score_1_reg_880_reg[12]
  -------------------------------------------------------------------
                         required time                         -1.237    
                         arrival time                           1.268    
  -------------------------------------------------------------------
                         slack                                  0.031    

Slack (MET) :             0.038ns  (arrival time - required time)
  Source:                 tme_bd_wrapper/tme_bd/tme_bd_tme_top_0_0/tme_bd_tme_top_0_0_tme_top/tme_bd_tme_top_0_0_tme_top_tme_top_Pipeline_norm_cols/tme_bd_tme_top_0_0_tme_top_fdiv_32ns_32ns_32_30_no_dsp_1/tme_bd_tme_top_0_0_tme_top_fdiv_32ns_32ns_32_30_no_dsp_1_ip/<hidden>/<hidden>/<hidden>/<hidden>/<hidden>/<hidden>/<hidden>/<hidden>
                            (rising edge-triggered cell FDRE clocked by clk_fpga_0  {rise@0.000ns fall@4.000ns period=8.000ns})
  Destination:            tme_bd_wrapper/tme_bd/tme_bd_tme_top_0_0/tme_bd_tme_top_0_0_tme_top/tme_bd_tme_top_0_0_tme_top_tme_top_Pipeline_norm_cols/tme_bd_tme_top_0_0_tme_top_fdiv_32ns_32ns_32_30_no_dsp_1/tme_bd_tme_top_0_0_tme_top_fdiv_32ns_32ns_32_30_no_dsp_1_ip/<hidden>/<hidden>/<hidden>/<hidden>/<hidden>/<hidden>/<hidden>/<hidden>
                            (rising edge-triggered cell FDRE clocked by clk_fpga_0  {rise@0.000ns fall@4.000ns period=8.000ns})
  Path Group:             clk_fpga_0
  Path Type:              Hold (Min at Fast Process Corner)
  Requirement:            0.000ns  (clk_fpga_0 rise@0.000ns - clk_fpga_0 rise@0.000ns)
  Data Path Delay:        0.406ns  (logic 0.256ns (63.067%)  route 0.150ns (36.933%))
  Logic Levels:           2  (CARRY4=1 LUT2=1)
  Clock Path Skew:        0.263ns (DCD - SCD - CPR)
    Destination Clock Delay (DCD):    1.219ns
    Source Clock Delay      (SCD):    0.926ns
    Clock Pessimism Removal (CPR):    0.030ns

    Location             Delay type                Incr(ns)  Path(ns)    Netlist Resource(s)
  -------------------------------------------------------------------    -------------------
                         (clock clk_fpga_0 rise edge)
                                                      0.000     0.000 r  
    PS7_X0Y0             PS7                          0.000     0.000 r  tme_bd_i/processing_system7_0/inst/PS7_i/FCLKCLK[0]
                         net (fo=1, routed)           0.310     0.310    tme_bd_i/processing_system7_0/inst/FCLK_CLK_unbuffered[0]
    BUFGCTRL_X0Y16       BUFG (Prop_bufg_I_O)         0.026     0.336 r  tme_bd_i/processing_system7_0/inst/buffer_fclk_clk_0.FCLK_CLK_0_BUFG/O
                         net (fo=19675, routed)       0.590     0.926    tme_bd_wrapper/tme_bd/tme_bd_tme_top_0_0/tme_bd_tme_top_0_0_tme_top/tme_bd_tme_top_0_0_tme_top_tme_top_Pipeline_norm_cols/tme_bd_tme_top_0_0_tme_top_fdiv_32ns_32ns_32_30_no_dsp_1/tme_bd_tme_top_0_0_tme_top_fdiv_32ns_32ns_32_30_no_dsp_1_ip/<hidden>/<hidden>/<hidden>/<hidden>/<hidden>/<hidden>/<hidden>/<hidden>
    SLICE_X81Y49         FDRE                                         r  tme_bd_wrapper/tme_bd/tme_bd_tme_top_0_0/tme_bd_tme_top_0_0_tme_top/tme_bd_tme_top_0_0_tme_top_tme_top_Pipeline_norm_cols/tme_bd_tme_top_0_0_tme_top_fdiv_32ns_32ns_32_30_no_dsp_1/tme_bd_tme_top_0_0_tme_top_fdiv_32ns_32ns_32_30_no_dsp_1_ip/<hidden>/<hidden>/<hidden>/<hidden>/<hidden>/<hidden>/<hidden>/<hidden>
  -------------------------------------------------------------------    -------------------
    SLICE_X81Y49         FDRE (Prop_fdre_C_Q)         0.141     1.067 r  tme_bd_wrapper/tme_bd/tme_bd_tme_top_0_0/tme_bd_tme_top_0_0_tme_top/tme_bd_tme_top_0_0_tme_top_tme_top_Pipeline_norm_cols/tme_bd_tme_top_0_0_tme_top_fdiv_32ns_32ns_32_30_no_dsp_1/tme_bd_tme_top_0_0_tme_top_fdiv_32ns_32ns_32_30_no_dsp_1_ip/<hidden>/<hidden>/<hidden>/<hidden>/<hidden>/<hidden>/<hidden>/<hidden>
                         net (fo=1, routed)           0.150     1.216    tme_bd_wrapper/tme_bd/tme_bd_tme_top_0_0/tme_bd_tme_top_0_0_tme_top/tme_bd_tme_top_0_0_tme_top_tme_top_Pipeline_norm_cols/tme_bd_tme_top_0_0_tme_top_fdiv_32ns_32ns_32_30_no_dsp_1/tme_bd_tme_top_0_0_tme_top_fdiv_32ns_32ns_32_30_no_dsp_1_ip/<hidden>/<hidden>/<hidden>/<hidden>/<hidden>/<hidden>/<hidden>/<hidden>
    SLICE_X80Y50         LUT2 (Prop_lut2_I1_O)        0.045     1.261 r  tme_bd_wrapper/tme_bd/tme_bd_tme_top_0_0/tme_bd_tme_top_0_0_tme_top/tme_bd_tme_top_0_0_tme_top_tme_top_Pipeline_norm_cols/tme_bd_tme_top_0_0_tme_top_fdiv_32ns_32ns_32_30_no_dsp_1/tme_bd_tme_top_0_0_tme_top_fdiv_32ns_32ns_32_30_no_dsp_1_ip/<hidden>/<hidden>/<hidden>/<hidden>/<hidden>/<hidden>/<hidden>/<hidden>
                         net (fo=1, routed)           0.000     1.261    tme_bd_wrapper/tme_bd/tme_bd_tme_top_0_0/tme_bd_tme_top_0_0_tme_top/tme_bd_tme_top_0_0_tme_top_tme_top_Pipeline_norm_cols/tme_bd_tme_top_0_0_tme_top_fdiv_32ns_32ns_32_30_no_dsp_1/tme_bd_tme_top_0_0_tme_top_fdiv_32ns_32ns_32_30_no_dsp_1_ip/<hidden>/<hidden>/<hidden>/<hidden>/<hidden>/<hidden>
    SLICE_X80Y50         CARRY4 (Prop_carry4_S[0]_O[0])
                                                      0.070     1.331 r  tme_bd_wrapper/tme_bd/tme_bd_tme_top_0_0/tme_bd_tme_top_0_0_tme_top/tme_bd_tme_top_0_0_tme_top_tme_top_Pipeline_norm_cols/tme_bd_tme_top_0_0_tme_top_fdiv_32ns_32ns_32_30_no_dsp_1/tme_bd_tme_top_0_0_tme_top_fdiv_32ns_32ns_32_30_no_dsp_1_ip/<hidden>/<hidden>/<hidden>/<hidden>/<hidden>/<hidden>
                         net (fo=1, routed)           0.000     1.331    tme_bd_wrapper/tme_bd/tme_bd_tme_top_0_0/tme_bd_tme_top_0_0_tme_top/tme_bd_tme_top_0_0_tme_top_tme_top_Pipeline_norm_cols/tme_bd_tme_top_0_0_tme_top_fdiv_32ns_32ns_32_30_no_dsp_1/tme_bd_tme_top_0_0_tme_top_fdiv_32ns_32ns_32_30_no_dsp_1_ip/<hidden>/<hidden>/<hidden>/<hidden>/<hidden>/<hidden>/<hidden>/<hidden>
    SLICE_X80Y50         FDRE                                         r  tme_bd_wrapper/tme_bd/tme_bd_tme_top_0_0/tme_bd_tme_top_0_0_tme_top/tme_bd_tme_top_0_0_tme_top_tme_top_Pipeline_norm_cols/tme_bd_tme_top_0_0_tme_top_fdiv_32ns_32ns_32_30_no_dsp_1/tme_bd_tme_top_0_0_tme_top_fdiv_32ns_32ns_32_30_no_dsp_1_ip/<hidden>/<hidden>/<hidden>/<hidden>/<hidden>/<hidden>/<hidden>/<hidden>
  -------------------------------------------------------------------    -------------------

                         (clock clk_fpga_0 rise edge)
                                                      0.000     0.000 r  
    PS7_X0Y0             PS7                          0.000     0.000 r  tme_bd_i/processing_system7_0/inst/PS7_i/FCLKCLK[0]
                         net (fo=1, routed)           0.337     0.337    tme_bd_i/processing_system7_0/inst/FCLK_CLK_unbuffered[0]
    BUFGCTRL_X0Y16       BUFG (Prop_bufg_I_O)         0.029     0.366 r  tme_bd_i/processing_system7_0/inst/buffer_fclk_clk_0.FCLK_CLK_0_BUFG/O
                         net (fo=19675, routed)       0.853     1.219    tme_bd_wrapper/tme_bd/tme_bd_tme_top_0_0/tme_bd_tme_top_0_0_tme_top/tme_bd_tme_top_0_0_tme_top_tme_top_Pipeline_norm_cols/tme_bd_tme_top_0_0_tme_top_fdiv_32ns_32ns_32_30_no_dsp_1/tme_bd_tme_top_0_0_tme_top_fdiv_32ns_32ns_32_30_no_dsp_1_ip/<hidden>/<hidden>/<hidden>/<hidden>/<hidden>/<hidden>/<hidden>/<hidden>
    SLICE_X80Y50         FDRE                                         r  tme_bd_wrapper/tme_bd/tme_bd_tme_top_0_0/tme_bd_tme_top_0_0_tme_top/tme_bd_tme_top_0_0_tme_top_tme_top_Pipeline_norm_cols/tme_bd_tme_top_0_0_tme_top_fdiv_32ns_32ns_32_30_no_dsp_1/tme_bd_tme_top_0_0_tme_top_fdiv_32ns_32ns_32_30_no_dsp_1_ip/<hidden>/<hidden>/<hidden>/<hidden>/<hidden>/<hidden>/<hidden>/<hidden>
                         clock pessimism             -0.030     1.189    
    SLICE_X80Y50         FDRE (Hold_fdre_C_D)         0.105     1.294    tme_bd_wrapper/tme_bd/tme_bd_tme_top_0_0/tme_bd_tme_top_0_0_tme_top/tme_bd_tme_top_0_0_tme_top_tme_top_Pipeline_norm_cols/tme_bd_tme_top_0_0_tme_top_fdiv_32ns_32ns_32_30_no_dsp_1/tme_bd_tme_top_0_0_tme_top_fdiv_32ns_32ns_32_30_no_dsp_1_ip/<hidden>/<hidden>/<hidden>/<hidden>/<hidden>/<hidden>/<hidden>/<hidden>
  -------------------------------------------------------------------
                         required time                         -1.294    
                         arrival time                           1.331    
  -------------------------------------------------------------------
                         slack                                  0.038    

Slack (MET) :             0.038ns  (arrival time - required time)
  Source:                 tme_bd_wrapper/tme_bd/tme_bd_tme_top_0_0/tme_bd_tme_top_0_0_tme_top/tme_bd_tme_top_0_0_tme_top_tme_top_Pipeline_norm_cols/tme_bd_tme_top_0_0_tme_top_fdiv_32ns_32ns_32_30_no_dsp_1/tme_bd_tme_top_0_0_tme_top_fdiv_32ns_32ns_32_30_no_dsp_1_ip/<hidden>/<hidden>/<hidden>/<hidden>/<hidden>/<hidden>/<hidden>/<hidden>
                            (rising edge-triggered cell FDRE clocked by clk_fpga_0  {rise@0.000ns fall@4.000ns period=8.000ns})
  Destination:            tme_bd_wrapper/tme_bd/tme_bd_tme_top_0_0/tme_bd_tme_top_0_0_tme_top/tme_bd_tme_top_0_0_tme_top_tme_top_Pipeline_norm_cols/tme_bd_tme_top_0_0_tme_top_fdiv_32ns_32ns_32_30_no_dsp_1/tme_bd_tme_top_0_0_tme_top_fdiv_32ns_32ns_32_30_no_dsp_1_ip/<hidden>/<hidden>/<hidden>/<hidden>/<hidden>/<hidden>/<hidden>/<hidden>
                            (rising edge-triggered cell FDRE clocked by clk_fpga_0  {rise@0.000ns fall@4.000ns period=8.000ns})
  Path Group:             clk_fpga_0
  Path Type:              Hold (Min at Fast Process Corner)
  Requirement:            0.000ns  (clk_fpga_0 rise@0.000ns - clk_fpga_0 rise@0.000ns)
  Data Path Delay:        0.435ns  (logic 0.284ns (65.342%)  route 0.151ns (34.658%))
  Logic Levels:           1  (CARRY4=1)
  Clock Path Skew:        0.262ns (DCD - SCD - CPR)
    Destination Clock Delay (DCD):    1.219ns
    Source Clock Delay      (SCD):    0.927ns
    Clock Pessimism Removal (CPR):    0.030ns

    Location             Delay type                Incr(ns)  Path(ns)    Netlist Resource(s)
  -------------------------------------------------------------------    -------------------
                         (clock clk_fpga_0 rise edge)
                                                      0.000     0.000 r  
    PS7_X0Y0             PS7                          0.000     0.000 r  tme_bd_i/processing_system7_0/inst/PS7_i/FCLKCLK[0]
                         net (fo=1, routed)           0.310     0.310    tme_bd_i/processing_system7_0/inst/FCLK_CLK_unbuffered[0]
    BUFGCTRL_X0Y16       BUFG (Prop_bufg_I_O)         0.026     0.336 r  tme_bd_i/processing_system7_0/inst/buffer_fclk_clk_0.FCLK_CLK_0_BUFG/O
                         net (fo=19675, routed)       0.591     0.927    tme_bd_wrapper/tme_bd/tme_bd_tme_top_0_0/tme_bd_tme_top_0_0_tme_top/tme_bd_tme_top_0_0_tme_top_tme_top_Pipeline_norm_cols/tme_bd_tme_top_0_0_tme_top_fdiv_32ns_32ns_32_30_no_dsp_1/tme_bd_tme_top_0_0_tme_top_fdiv_32ns_32ns_32_30_no_dsp_1_ip/<hidden>/<hidden>/<hidden>/<hidden>/<hidden>/<hidden>/<hidden>/<hidden>
    SLICE_X87Y49         FDRE                                         r  tme_bd_wrapper/tme_bd/tme_bd_tme_top_0_0/tme_bd_tme_top_0_0_tme_top/tme_bd_tme_top_0_0_tme_top_tme_top_Pipeline_norm_cols/tme_bd_tme_top_0_0_tme_top_fdiv_32ns_32ns_32_30_no_dsp_1/tme_bd_tme_top_0_0_tme_top_fdiv_32ns_32ns_32_30_no_dsp_1_ip/<hidden>/<hidden>/<hidden>/<hidden>/<hidden>/<hidden>/<hidden>/<hidden>
  -------------------------------------------------------------------    -------------------
    SLICE_X87Y49         FDRE (Prop_fdre_C_Q)         0.141     1.068 r  tme_bd_wrapper/tme_bd/tme_bd_tme_top_0_0/tme_bd_tme_top_0_0_tme_top/tme_bd_tme_top_0_0_tme_top_tme_top_Pipeline_norm_cols/tme_bd_tme_top_0_0_tme_top_fdiv_32ns_32ns_32_30_no_dsp_1/tme_bd_tme_top_0_0_tme_top_fdiv_32ns_32ns_32_30_no_dsp_1_ip/<hidden>/<hidden>/<hidden>/<hidden>/<hidden>/<hidden>/<hidden>/<hidden>
                         net (fo=2, routed)           0.151     1.218    tme_bd_wrapper/tme_bd/tme_bd_tme_top_0_0/tme_bd_tme_top_0_0_tme_top/tme_bd_tme_top_0_0_tme_top_tme_top_Pipeline_norm_cols/tme_bd_tme_top_0_0_tme_top_fdiv_32ns_32ns_32_30_no_dsp_1/tme_bd_tme_top_0_0_tme_top_fdiv_32ns_32ns_32_30_no_dsp_1_ip/<hidden>/<hidden>/<hidden>/<hidden>/<hidden>/<hidden>
    SLICE_X82Y50         CARRY4 (Prop_carry4_DI[0]_O[1])
                                                      0.143     1.361 r  tme_bd_wrapper/tme_bd/tme_bd_tme_top_0_0/tme_bd_tme_top_0_0_tme_top/tme_bd_tme_top_0_0_tme_top_tme_top_Pipeline_norm_cols/tme_bd_tme_top_0_0_tme_top_fdiv_32ns_32ns_32_30_no_dsp_1/tme_bd_tme_top_0_0_tme_top_fdiv_32ns_32ns_32_30_no_dsp_1_ip/<hidden>/<hidden>/<hidden>/<hidden>/<hidden>/<hidden>
                         net (fo=1, routed)           0.000     1.361    tme_bd_wrapper/tme_bd/tme_bd_tme_top_0_0/tme_bd_tme_top_0_0_tme_top/tme_bd_tme_top_0_0_tme_top_tme_top_Pipeline_norm_cols/tme_bd_tme_top_0_0_tme_top_fdiv_32ns_32ns_32_30_no_dsp_1/tme_bd_tme_top_0_0_tme_top_fdiv_32ns_32ns_32_30_no_dsp_1_ip/<hidden>/<hidden>/<hidden>/<hidden>/<hidden>/<hidden>/<hidden>/<hidden>
    SLICE_X82Y50         FDRE                                         r  tme_bd_wrapper/tme_bd/tme_bd_tme_top_0_0/tme_bd_tme_top_0_0_tme_top/tme_bd_tme_top_0_0_tme_top_tme_top_Pipeline_norm_cols/tme_bd_tme_top_0_0_tme_top_fdiv_32ns_32ns_32_30_no_dsp_1/tme_bd_tme_top_0_0_tme_top_fdiv_32ns_32ns_32_30_no_dsp_1_ip/<hidden>/<hidden>/<hidden>/<hidden>/<hidden>/<hidden>/<hidden>/<hidden>
  -------------------------------------------------------------------    -------------------

                         (clock clk_fpga_0 rise edge)
                                                      0.000     0.000 r  
    PS7_X0Y0             PS7                          0.000     0.000 r  tme_bd_i/processing_system7_0/inst/PS7_i/FCLKCLK[0]
                         net (fo=1, routed)           0.337     0.337    tme_bd_i/processing_system7_0/inst/FCLK_CLK_unbuffered[0]
    BUFGCTRL_X0Y16       BUFG (Prop_bufg_I_O)         0.029     0.366 r  tme_bd_i/processing_system7_0/inst/buffer_fclk_clk_0.FCLK_CLK_0_BUFG/O
                         net (fo=19675, routed)       0.853     1.219    tme_bd_wrapper/tme_bd/tme_bd_tme_top_0_0/tme_bd_tme_top_0_0_tme_top/tme_bd_tme_top_0_0_tme_top_tme_top_Pipeline_norm_cols/tme_bd_tme_top_0_0_tme_top_fdiv_32ns_32ns_32_30_no_dsp_1/tme_bd_tme_top_0_0_tme_top_fdiv_32ns_32ns_32_30_no_dsp_1_ip/<hidden>/<hidden>/<hidden>/<hidden>/<hidden>/<hidden>/<hidden>/<hidden>
    SLICE_X82Y50         FDRE                                         r  tme_bd_wrapper/tme_bd/tme_bd_tme_top_0_0/tme_bd_tme_top_0_0_tme_top/tme_bd_tme_top_0_0_tme_top_tme_top_Pipeline_norm_cols/tme_bd_tme_top_0_0_tme_top_fdiv_32ns_32ns_32_30_no_dsp_1/tme_bd_tme_top_0_0_tme_top_fdiv_32ns_32ns_32_30_no_dsp_1_ip/<hidden>/<hidden>/<hidden>/<hidden>/<hidden>/<hidden>/<hidden>/<hidden>
                         clock pessimism             -0.030     1.189    
    SLICE_X82Y50         FDRE (Hold_fdre_C_D)         0.134     1.323    tme_bd_wrapper/tme_bd/tme_bd_tme_top_0_0/tme_bd_tme_top_0_0_tme_top/tme_bd_tme_top_0_0_tme_top_tme_top_Pipeline_norm_cols/tme_bd_tme_top_0_0_tme_top_fdiv_32ns_32ns_32_30_no_dsp_1/tme_bd_tme_top_0_0_tme_top_fdiv_32ns_32ns_32_30_no_dsp_1_ip/<hidden>/<hidden>/<hidden>/<hidden>/<hidden>/<hidden>/<hidden>/<hidden>
  -------------------------------------------------------------------
                         required time                         -1.323    
                         arrival time                           1.361    
  -------------------------------------------------------------------
                         slack                                  0.038    

Slack (MET) :             0.039ns  (arrival time - required time)
  Source:                 tme_bd_i/smartconnect_mem/inst/s01_nodes/s01_ar_node/inst/inst_mi_handler/gen_normal_area.inst_fifo_node_payld/gen_xpm_memory_fifo.inst_fifo/gen_mem_rep[0].inst_xpm_memory/xpm_memory_base_inst/gen_rd_b.gen_rd_b_synth_template.gen_rf_narrow_reg.doutb_reg_reg[100]/C
                            (rising edge-triggered cell FDRE clocked by clk_fpga_0  {rise@0.000ns fall@4.000ns period=8.000ns})
  Destination:            tme_bd_i/smartconnect_mem/inst/switchboards/ar_switchboard/inst/gen_mi[0].inst_opipe_payld/gen_pipe[1].pipe_reg[1][100]/D
                            (rising edge-triggered cell FDRE clocked by clk_fpga_0  {rise@0.000ns fall@4.000ns period=8.000ns})
  Path Group:             clk_fpga_0
  Path Type:              Hold (Min at Fast Process Corner)
  Requirement:            0.000ns  (clk_fpga_0 rise@0.000ns - clk_fpga_0 rise@0.000ns)
  Data Path Delay:        0.396ns  (logic 0.246ns (62.139%)  route 0.150ns (37.861%))
  Logic Levels:           1  (LUT3=1)
  Clock Path Skew:        0.265ns (DCD - SCD - CPR)
    Destination Clock Delay (DCD):    1.190ns
    Source Clock Delay      (SCD):    0.890ns
    Clock Pessimism Removal (CPR):    0.035ns

    Location             Delay type                Incr(ns)  Path(ns)    Netlist Resource(s)
  -------------------------------------------------------------------    -------------------
                         (clock clk_fpga_0 rise edge)
                                                      0.000     0.000 r  
    PS7_X0Y0             PS7                          0.000     0.000 r  tme_bd_i/processing_system7_0/inst/PS7_i/FCLKCLK[0]
                         net (fo=1, routed)           0.310     0.310    tme_bd_i/processing_system7_0/inst/FCLK_CLK_unbuffered[0]
    BUFGCTRL_X0Y16       BUFG (Prop_bufg_I_O)         0.026     0.336 r  tme_bd_i/processing_system7_0/inst/buffer_fclk_clk_0.FCLK_CLK_0_BUFG/O
                         net (fo=19675, routed)       0.554     0.890    tme_bd_i/smartconnect_mem/inst/s01_nodes/s01_ar_node/inst/inst_mi_handler/gen_normal_area.inst_fifo_node_payld/gen_xpm_memory_fifo.inst_fifo/gen_mem_rep[0].inst_xpm_memory/xpm_memory_base_inst/clka
    SLICE_X50Y36         FDRE                                         r  tme_bd_i/smartconnect_mem/inst/s01_nodes/s01_ar_node/inst/inst_mi_handler/gen_normal_area.inst_fifo_node_payld/gen_xpm_memory_fifo.inst_fifo/gen_mem_rep[0].inst_xpm_memory/xpm_memory_base_inst/gen_rd_b.gen_rd_b_synth_template.gen_rf_narrow_reg.doutb_reg_reg[100]/C
  -------------------------------------------------------------------    -------------------
    SLICE_X50Y36         FDRE (Prop_fdre_C_Q)         0.148     1.038 r  tme_bd_i/smartconnect_mem/inst/s01_nodes/s01_ar_node/inst/inst_mi_handler/gen_normal_area.inst_fifo_node_payld/gen_xpm_memory_fifo.inst_fifo/gen_mem_rep[0].inst_xpm_memory/xpm_memory_base_inst/gen_rd_b.gen_rd_b_synth_template.gen_rf_narrow_reg.doutb_reg_reg[100]/Q
                         net (fo=1, routed)           0.150     1.187    tme_bd_i/smartconnect_mem/inst/switchboards/ar_switchboard/inst/gen_mi[0].inst_mux_payld/s_sc_payld[118]
    SLICE_X49Y36         LUT3 (Prop_lut3_I0_O)        0.098     1.285 r  tme_bd_i/smartconnect_mem/inst/switchboards/ar_switchboard/inst/gen_mi[0].inst_mux_payld/gen_pipe[1].pipe[1][100]_i_1/O
                         net (fo=1, routed)           0.000     1.285    tme_bd_i/smartconnect_mem/inst/switchboards/ar_switchboard/inst/gen_mi[0].inst_opipe_payld/pipe[0][39]
    SLICE_X49Y36         FDRE                                         r  tme_bd_i/smartconnect_mem/inst/switchboards/ar_switchboard/inst/gen_mi[0].inst_opipe_payld/gen_pipe[1].pipe_reg[1][100]/D
  -------------------------------------------------------------------    -------------------

                         (clock clk_fpga_0 rise edge)
                                                      0.000     0.000 r  
    PS7_X0Y0             PS7                          0.000     0.000 r  tme_bd_i/processing_system7_0/inst/PS7_i/FCLKCLK[0]
                         net (fo=1, routed)           0.337     0.337    tme_bd_i/processing_system7_0/inst/FCLK_CLK_unbuffered[0]
    BUFGCTRL_X0Y16       BUFG (Prop_bufg_I_O)         0.029     0.366 r  tme_bd_i/processing_system7_0/inst/buffer_fclk_clk_0.FCLK_CLK_0_BUFG/O
                         net (fo=19675, routed)       0.824     1.190    tme_bd_i/smartconnect_mem/inst/switchboards/ar_switchboard/inst/gen_mi[0].inst_opipe_payld/aclk
    SLICE_X49Y36         FDRE                                         r  tme_bd_i/smartconnect_mem/inst/switchboards/ar_switchboard/inst/gen_mi[0].inst_opipe_payld/gen_pipe[1].pipe_reg[1][100]/C
                         clock pessimism             -0.035     1.155    
    SLICE_X49Y36         FDRE (Hold_fdre_C_D)         0.091     1.246    tme_bd_i/smartconnect_mem/inst/switchboards/ar_switchboard/inst/gen_mi[0].inst_opipe_payld/gen_pipe[1].pipe_reg[1][100]
  -------------------------------------------------------------------
                         required time                         -1.246    
                         arrival time                           1.285    
  -------------------------------------------------------------------
                         slack                                  0.039    

Slack (MET) :             0.041ns  (arrival time - required time)
  Source:                 tme_bd_i/axi_dma_patch/U0/I_PRMRY_DATAMOVER/GEN_MM2S_FULL.I_MM2S_FULL_WRAPPER/I_CMD_STATUS/I_CMD_FIFO/USE_SINGLE_REG.sig_regfifo_dout_reg_reg[45]/C
                            (rising edge-triggered cell FDRE clocked by clk_fpga_0  {rise@0.000ns fall@4.000ns period=8.000ns})
  Destination:            tme_bd_i/axi_dma_patch/U0/I_PRMRY_DATAMOVER/GEN_MM2S_FULL.I_MM2S_FULL_WRAPPER/I_MSTR_PCC/sig_addr_cntr_lsh_kh_reg[10]/D
                            (rising edge-triggered cell FDRE clocked by clk_fpga_0  {rise@0.000ns fall@4.000ns period=8.000ns})
  Path Group:             clk_fpga_0
  Path Type:              Hold (Min at Fast Process Corner)
  Requirement:            0.000ns  (clk_fpga_0 rise@0.000ns - clk_fpga_0 rise@0.000ns)
  Data Path Delay:        0.378ns  (logic 0.164ns (43.345%)  route 0.214ns (56.655%))
  Logic Levels:           0  
  Clock Path Skew:        0.271ns (DCD - SCD - CPR)
    Destination Clock Delay (DCD):    1.196ns
    Source Clock Delay      (SCD):    0.895ns
    Clock Pessimism Removal (CPR):    0.030ns

    Location             Delay type                Incr(ns)  Path(ns)    Netlist Resource(s)
  -------------------------------------------------------------------    -------------------
                         (clock clk_fpga_0 rise edge)
                                                      0.000     0.000 r  
    PS7_X0Y0             PS7                          0.000     0.000 r  tme_bd_i/processing_system7_0/inst/PS7_i/FCLKCLK[0]
                         net (fo=1, routed)           0.310     0.310    tme_bd_i/processing_system7_0/inst/FCLK_CLK_unbuffered[0]
    BUFGCTRL_X0Y16       BUFG (Prop_bufg_I_O)         0.026     0.336 r  tme_bd_i/processing_system7_0/inst/buffer_fclk_clk_0.FCLK_CLK_0_BUFG/O
                         net (fo=19675, routed)       0.559     0.895    tme_bd_i/axi_dma_patch/U0/I_PRMRY_DATAMOVER/GEN_MM2S_FULL.I_MM2S_FULL_WRAPPER/I_CMD_STATUS/I_CMD_FIFO/m_axi_mm2s_aclk
    SLICE_X34Y52         FDRE                                         r  tme_bd_i/axi_dma_patch/U0/I_PRMRY_DATAMOVER/GEN_MM2S_FULL.I_MM2S_FULL_WRAPPER/I_CMD_STATUS/I_CMD_FIFO/USE_SINGLE_REG.sig_regfifo_dout_reg_reg[45]/C
  -------------------------------------------------------------------    -------------------
    SLICE_X34Y52         FDRE (Prop_fdre_C_Q)         0.164     1.059 r  tme_bd_i/axi_dma_patch/U0/I_PRMRY_DATAMOVER/GEN_MM2S_FULL.I_MM2S_FULL_WRAPPER/I_CMD_STATUS/I_CMD_FIFO/USE_SINGLE_REG.sig_regfifo_dout_reg_reg[45]/Q
                         net (fo=2, routed)           0.214     1.273    tme_bd_i/axi_dma_patch/U0/I_PRMRY_DATAMOVER/GEN_MM2S_FULL.I_MM2S_FULL_WRAPPER/I_MSTR_PCC/Q[30]
    SLICE_X39Y47         FDRE                                         r  tme_bd_i/axi_dma_patch/U0/I_PRMRY_DATAMOVER/GEN_MM2S_FULL.I_MM2S_FULL_WRAPPER/I_MSTR_PCC/sig_addr_cntr_lsh_kh_reg[10]/D
  -------------------------------------------------------------------    -------------------

                         (clock clk_fpga_0 rise edge)
                                                      0.000     0.000 r  
    PS7_X0Y0             PS7                          0.000     0.000 r  tme_bd_i/processing_system7_0/inst/PS7_i/FCLKCLK[0]
                         net (fo=1, routed)           0.337     0.337    tme_bd_i/processing_system7_0/inst/FCLK_CLK_unbuffered[0]
    BUFGCTRL_X0Y16       BUFG (Prop_bufg_I_O)         0.029     0.366 r  tme_bd_i/processing_system7_0/inst/buffer_fclk_clk_0.FCLK_CLK_0_BUFG/O
                         net (fo=19675, routed)       0.830     1.196    tme_bd_i/axi_dma_patch/U0/I_PRMRY_DATAMOVER/GEN_MM2S_FULL.I_MM2S_FULL_WRAPPER/I_MSTR_PCC/m_axi_mm2s_aclk
    SLICE_X39Y47         FDRE                                         r  tme_bd_i/axi_dma_patch/U0/I_PRMRY_DATAMOVER/GEN_MM2S_FULL.I_MM2S_FULL_WRAPPER/I_MSTR_PCC/sig_addr_cntr_lsh_kh_reg[10]/C
                         clock pessimism             -0.030     1.166    
    SLICE_X39Y47         FDRE (Hold_fdre_C_D)         0.066     1.232    tme_bd_i/axi_dma_patch/U0/I_PRMRY_DATAMOVER/GEN_MM2S_FULL.I_MM2S_FULL_WRAPPER/I_MSTR_PCC/sig_addr_cntr_lsh_kh_reg[10]
  -------------------------------------------------------------------
                         required time                         -1.232    
                         arrival time                           1.273    
  -------------------------------------------------------------------
                         slack                                  0.041    

Slack (MET) :             0.043ns  (arrival time - required time)
  Source:                 tme_bd_i/smartconnect_mem/inst/m00_exit_pipeline/m00_exit/inst/splitter_inst/gen_axi3.splitter_inst/ar_cmd_reg/m_vector_i_reg[1075]/C
                            (rising edge-triggered cell FDRE clocked by clk_fpga_0  {rise@0.000ns fall@4.000ns period=8.000ns})
  Destination:            tme_bd_i/smartconnect_mem/inst/m00_exit_pipeline/m00_exit/inst/ar_reg/m_vector_i_reg[1075]/D
                            (rising edge-triggered cell FDRE clocked by clk_fpga_0  {rise@0.000ns fall@4.000ns period=8.000ns})
  Path Group:             clk_fpga_0
  Path Type:              Hold (Min at Fast Process Corner)
  Requirement:            0.000ns  (clk_fpga_0 rise@0.000ns - clk_fpga_0 rise@0.000ns)
  Data Path Delay:        0.417ns  (logic 0.186ns (44.583%)  route 0.231ns (55.417%))
  Logic Levels:           1  (LUT3=1)
  Clock Path Skew:        0.253ns (DCD - SCD - CPR)
    Destination Clock Delay (DCD):    1.210ns
    Source Clock Delay      (SCD):    0.927ns
    Clock Pessimism Removal (CPR):    0.030ns

    Location             Delay type                Incr(ns)  Path(ns)    Netlist Resource(s)
  -------------------------------------------------------------------    -------------------
                         (clock clk_fpga_0 rise edge)
                                                      0.000     0.000 r  
    PS7_X0Y0             PS7                          0.000     0.000 r  tme_bd_i/processing_system7_0/inst/PS7_i/FCLKCLK[0]
                         net (fo=1, routed)           0.310     0.310    tme_bd_i/processing_system7_0/inst/FCLK_CLK_unbuffered[0]
    BUFGCTRL_X0Y16       BUFG (Prop_bufg_I_O)         0.026     0.336 r  tme_bd_i/processing_system7_0/inst/buffer_fclk_clk_0.FCLK_CLK_0_BUFG/O
                         net (fo=19675, routed)       0.591     0.927    tme_bd_i/smartconnect_mem/inst/m00_exit_pipeline/m00_exit/inst/splitter_inst/gen_axi3.splitter_inst/ar_cmd_reg/aclk
    SLICE_X24Y46         FDRE                                         r  tme_bd_i/smartconnect_mem/inst/m00_exit_pipeline/m00_exit/inst/splitter_inst/gen_axi3.splitter_inst/ar_cmd_reg/m_vector_i_reg[1075]/C
  -------------------------------------------------------------------    -------------------
    SLICE_X24Y46         FDRE (Prop_fdre_C_Q)         0.141     1.067 r  tme_bd_i/smartconnect_mem/inst/m00_exit_pipeline/m00_exit/inst/splitter_inst/gen_axi3.splitter_inst/ar_cmd_reg/m_vector_i_reg[1075]/Q
                         net (fo=2, routed)           0.231     1.299    tme_bd_i/smartconnect_mem/inst/m00_exit_pipeline/m00_exit/inst/ar_reg/Q[17]
    SLICE_X26Y52         LUT3 (Prop_lut3_I1_O)        0.045     1.344 r  tme_bd_i/smartconnect_mem/inst/m00_exit_pipeline/m00_exit/inst/ar_reg/m_vector_i[1075]_i_1/O
                         net (fo=1, routed)           0.000     1.344    tme_bd_i/smartconnect_mem/inst/m00_exit_pipeline/m00_exit/inst/ar_reg/m_vector_i[1075]_i_1_n_0
    SLICE_X26Y52         FDRE                                         r  tme_bd_i/smartconnect_mem/inst/m00_exit_pipeline/m00_exit/inst/ar_reg/m_vector_i_reg[1075]/D
  -------------------------------------------------------------------    -------------------

                         (clock clk_fpga_0 rise edge)
                                                      0.000     0.000 r  
    PS7_X0Y0             PS7                          0.000     0.000 r  tme_bd_i/processing_system7_0/inst/PS7_i/FCLKCLK[0]
                         net (fo=1, routed)           0.337     0.337    tme_bd_i/processing_system7_0/inst/FCLK_CLK_unbuffered[0]
    BUFGCTRL_X0Y16       BUFG (Prop_bufg_I_O)         0.029     0.366 r  tme_bd_i/processing_system7_0/inst/buffer_fclk_clk_0.FCLK_CLK_0_BUFG/O
                         net (fo=19675, routed)       0.844     1.210    tme_bd_i/smartconnect_mem/inst/m00_exit_pipeline/m00_exit/inst/ar_reg/aclk
    SLICE_X26Y52         FDRE                                         r  tme_bd_i/smartconnect_mem/inst/m00_exit_pipeline/m00_exit/inst/ar_reg/m_vector_i_reg[1075]/C
                         clock pessimism             -0.030     1.180    
    SLICE_X26Y52         FDRE (Hold_fdre_C_D)         0.121     1.301    tme_bd_i/smartconnect_mem/inst/m00_exit_pipeline/m00_exit/inst/ar_reg/m_vector_i_reg[1075]
  -------------------------------------------------------------------
                         required time                         -1.301    
                         arrival time                           1.344    
  -------------------------------------------------------------------
                         slack                                  0.043    

Slack (MET) :             0.043ns  (arrival time - required time)
  Source:                 tme_bd_wrapper/tme_bd/tme_bd_tme_top_0_0/tme_bd_tme_top_0_0_tme_top/tme_bd_tme_top_0_0_tme_top_tme_top_Pipeline_norm_cols/tme_bd_tme_top_0_0_tme_top_fdiv_32ns_32ns_32_30_no_dsp_1/tme_bd_tme_top_0_0_tme_top_fdiv_32ns_32ns_32_30_no_dsp_1_ip/<hidden>/<hidden>/<hidden>/<hidden>/<hidden>/<hidden>/<hidden>/<hidden>
                            (rising edge-triggered cell FDRE clocked by clk_fpga_0  {rise@0.000ns fall@4.000ns period=8.000ns})
  Destination:            tme_bd_wrapper/tme_bd/tme_bd_tme_top_0_0/tme_bd_tme_top_0_0_tme_top/tme_bd_tme_top_0_0_tme_top_tme_top_Pipeline_norm_cols/tme_bd_tme_top_0_0_tme_top_fdiv_32ns_32ns_32_30_no_dsp_1/tme_bd_tme_top_0_0_tme_top_fdiv_32ns_32ns_32_30_no_dsp_1_ip/<hidden>/<hidden>/<hidden>/<hidden>/<hidden>/<hidden>/<hidden>/<hidden>
                            (rising edge-triggered cell FDRE clocked by clk_fpga_0  {rise@0.000ns fall@4.000ns period=8.000ns})
  Path Group:             clk_fpga_0
  Path Type:              Hold (Min at Fast Process Corner)
  Requirement:            0.000ns  (clk_fpga_0 rise@0.000ns - clk_fpga_0 rise@0.000ns)
  Data Path Delay:        0.441ns  (logic 0.311ns (70.538%)  route 0.130ns (29.462%))
  Logic Levels:           2  (CARRY4=2)
  Clock Path Skew:        0.263ns (DCD - SCD - CPR)
    Destination Clock Delay (DCD):    1.215ns
    Source Clock Delay      (SCD):    0.922ns
    Clock Pessimism Removal (CPR):    0.030ns

    Location             Delay type                Incr(ns)  Path(ns)    Netlist Resource(s)
  -------------------------------------------------------------------    -------------------
                         (clock clk_fpga_0 rise edge)
                                                      0.000     0.000 r  
    PS7_X0Y0             PS7                          0.000     0.000 r  tme_bd_i/processing_system7_0/inst/PS7_i/FCLKCLK[0]
                         net (fo=1, routed)           0.310     0.310    tme_bd_i/processing_system7_0/inst/FCLK_CLK_unbuffered[0]
    BUFGCTRL_X0Y16       BUFG (Prop_bufg_I_O)         0.026     0.336 r  tme_bd_i/processing_system7_0/inst/buffer_fclk_clk_0.FCLK_CLK_0_BUFG/O
                         net (fo=19675, routed)       0.586     0.922    tme_bd_wrapper/tme_bd/tme_bd_tme_top_0_0/tme_bd_tme_top_0_0_tme_top/tme_bd_tme_top_0_0_tme_top_tme_top_Pipeline_norm_cols/tme_bd_tme_top_0_0_tme_top_fdiv_32ns_32ns_32_30_no_dsp_1/tme_bd_tme_top_0_0_tme_top_fdiv_32ns_32ns_32_30_no_dsp_1_ip/<hidden>/<hidden>/<hidden>/<hidden>/<hidden>/<hidden>/<hidden>/<hidden>
    SLICE_X64Y49         FDRE                                         r  tme_bd_wrapper/tme_bd/tme_bd_tme_top_0_0/tme_bd_tme_top_0_0_tme_top/tme_bd_tme_top_0_0_tme_top_tme_top_Pipeline_norm_cols/tme_bd_tme_top_0_0_tme_top_fdiv_32ns_32ns_32_30_no_dsp_1/tme_bd_tme_top_0_0_tme_top_fdiv_32ns_32ns_32_30_no_dsp_1_ip/<hidden>/<hidden>/<hidden>/<hidden>/<hidden>/<hidden>/<hidden>/<hidden>
  -------------------------------------------------------------------    -------------------
    SLICE_X64Y49         FDRE (Prop_fdre_C_Q)         0.141     1.063 r  tme_bd_wrapper/tme_bd/tme_bd_tme_top_0_0/tme_bd_tme_top_0_0_tme_top/tme_bd_tme_top_0_0_tme_top_tme_top_Pipeline_norm_cols/tme_bd_tme_top_0_0_tme_top_fdiv_32ns_32ns_32_30_no_dsp_1/tme_bd_tme_top_0_0_tme_top_fdiv_32ns_32ns_32_30_no_dsp_1_ip/<hidden>/<hidden>/<hidden>/<hidden>/<hidden>/<hidden>/<hidden>/<hidden>
                         net (fo=2, routed)           0.129     1.192    tme_bd_wrapper/tme_bd/tme_bd_tme_top_0_0/tme_bd_tme_top_0_0_tme_top/tme_bd_tme_top_0_0_tme_top_tme_top_Pipeline_norm_cols/tme_bd_tme_top_0_0_tme_top_fdiv_32ns_32ns_32_30_no_dsp_1/tme_bd_tme_top_0_0_tme_top_fdiv_32ns_32ns_32_30_no_dsp_1_ip/<hidden>/<hidden>/<hidden>/<hidden>/<hidden>/<hidden>
    SLICE_X62Y49         CARRY4 (Prop_carry4_DI[3]_CO[3])
                                                      0.117     1.309 r  tme_bd_wrapper/tme_bd/tme_bd_tme_top_0_0/tme_bd_tme_top_0_0_tme_top/tme_bd_tme_top_0_0_tme_top_tme_top_Pipeline_norm_cols/tme_bd_tme_top_0_0_tme_top_fdiv_32ns_32ns_32_30_no_dsp_1/tme_bd_tme_top_0_0_tme_top_fdiv_32ns_32ns_32_30_no_dsp_1_ip/<hidden>/<hidden>/<hidden>/<hidden>/<hidden>/<hidden>
                         net (fo=1, routed)           0.001     1.309    tme_bd_wrapper/tme_bd/tme_bd_tme_top_0_0/tme_bd_tme_top_0_0_tme_top/tme_bd_tme_top_0_0_tme_top_tme_top_Pipeline_norm_cols/tme_bd_tme_top_0_0_tme_top_fdiv_32ns_32ns_32_30_no_dsp_1/tme_bd_tme_top_0_0_tme_top_fdiv_32ns_32ns_32_30_no_dsp_1_ip/<hidden>/<hidden>/<hidden>/<hidden>/<hidden>/<hidden>
    SLICE_X62Y50         CARRY4 (Prop_carry4_CI_O[0])
                                                      0.053     1.362 r  tme_bd_wrapper/tme_bd/tme_bd_tme_top_0_0/tme_bd_tme_top_0_0_tme_top/tme_bd_tme_top_0_0_tme_top_tme_top_Pipeline_norm_cols/tme_bd_tme_top_0_0_tme_top_fdiv_32ns_32ns_32_30_no_dsp_1/tme_bd_tme_top_0_0_tme_top_fdiv_32ns_32ns_32_30_no_dsp_1_ip/<hidden>/<hidden>/<hidden>/<hidden>/<hidden>/<hidden>
                         net (fo=1, routed)           0.000     1.362    tme_bd_wrapper/tme_bd/tme_bd_tme_top_0_0/tme_bd_tme_top_0_0_tme_top/tme_bd_tme_top_0_0_tme_top_tme_top_Pipeline_norm_cols/tme_bd_tme_top_0_0_tme_top_fdiv_32ns_32ns_32_30_no_dsp_1/tme_bd_tme_top_0_0_tme_top_fdiv_32ns_32ns_32_30_no_dsp_1_ip/<hidden>/<hidden>/<hidden>/<hidden>/<hidden>/<hidden>/<hidden>/<hidden>
    SLICE_X62Y50         FDRE                                         r  tme_bd_wrapper/tme_bd/tme_bd_tme_top_0_0/tme_bd_tme_top_0_0_tme_top/tme_bd_tme_top_0_0_tme_top_tme_top_Pipeline_norm_cols/tme_bd_tme_top_0_0_tme_top_fdiv_32ns_32ns_32_30_no_dsp_1/tme_bd_tme_top_0_0_tme_top_fdiv_32ns_32ns_32_30_no_dsp_1_ip/<hidden>/<hidden>/<hidden>/<hidden>/<hidden>/<hidden>/<hidden>/<hidden>
  -------------------------------------------------------------------    -------------------

                         (clock clk_fpga_0 rise edge)
                                                      0.000     0.000 r  
    PS7_X0Y0             PS7                          0.000     0.000 r  tme_bd_i/processing_system7_0/inst/PS7_i/FCLKCLK[0]
                         net (fo=1, routed)           0.337     0.337    tme_bd_i/processing_system7_0/inst/FCLK_CLK_unbuffered[0]
    BUFGCTRL_X0Y16       BUFG (Prop_bufg_I_O)         0.029     0.366 r  tme_bd_i/processing_system7_0/inst/buffer_fclk_clk_0.FCLK_CLK_0_BUFG/O
                         net (fo=19675, routed)       0.849     1.215    tme_bd_wrapper/tme_bd/tme_bd_tme_top_0_0/tme_bd_tme_top_0_0_tme_top/tme_bd_tme_top_0_0_tme_top_tme_top_Pipeline_norm_cols/tme_bd_tme_top_0_0_tme_top_fdiv_32ns_32ns_32_30_no_dsp_1/tme_bd_tme_top_0_0_tme_top_fdiv_32ns_32ns_32_30_no_dsp_1_ip/<hidden>/<hidden>/<hidden>/<hidden>/<hidden>/<hidden>/<hidden>/<hidden>
    SLICE_X62Y50         FDRE                                         r  tme_bd_wrapper/tme_bd/tme_bd_tme_top_0_0/tme_bd_tme_top_0_0_tme_top/tme_bd_tme_top_0_0_tme_top_tme_top_Pipeline_norm_cols/tme_bd_tme_top_0_0_tme_top_fdiv_32ns_32ns_32_30_no_dsp_1/tme_bd_tme_top_0_0_tme_top_fdiv_32ns_32ns_32_30_no_dsp_1_ip/<hidden>/<hidden>/<hidden>/<hidden>/<hidden>/<hidden>/<hidden>/<hidden>
                         clock pessimism             -0.030     1.185    
    SLICE_X62Y50         FDRE (Hold_fdre_C_D)         0.134     1.319    tme_bd_wrapper/tme_bd/tme_bd_tme_top_0_0/tme_bd_tme_top_0_0_tme_top/tme_bd_tme_top_0_0_tme_top_tme_top_Pipeline_norm_cols/tme_bd_tme_top_0_0_tme_top_fdiv_32ns_32ns_32_30_no_dsp_1/tme_bd_tme_top_0_0_tme_top_fdiv_32ns_32ns_32_30_no_dsp_1_ip/<hidden>/<hidden>/<hidden>/<hidden>/<hidden>/<hidden>/<hidden>/<hidden>
  -------------------------------------------------------------------
                         required time                         -1.319    
                         arrival time                           1.362    
  -------------------------------------------------------------------
                         slack                                  0.043    

Slack (MET) :             0.044ns  (arrival time - required time)
  Source:                 tme_bd_wrapper/tme_bd/tme_bd_tme_top_0_0/tme_bd_tme_top_0_0_tme_top/tme_bd_tme_top_0_0_tme_top_tme_top_Pipeline_norm_cols/tme_bd_tme_top_0_0_tme_top_fdiv_32ns_32ns_32_30_no_dsp_1/tme_bd_tme_top_0_0_tme_top_fdiv_32ns_32ns_32_30_no_dsp_1_ip/<hidden>/<hidden>/<hidden>/<hidden>/<hidden>/<hidden>
                            (rising edge-triggered cell FDRE clocked by clk_fpga_0  {rise@0.000ns fall@4.000ns period=8.000ns})
  Destination:            tme_bd_wrapper/tme_bd/tme_bd_tme_top_0_0/tme_bd_tme_top_0_0_tme_top/tme_bd_tme_top_0_0_tme_top_tme_top_Pipeline_norm_cols/tme_bd_tme_top_0_0_tme_top_fdiv_32ns_32ns_32_30_no_dsp_1/tme_bd_tme_top_0_0_tme_top_fdiv_32ns_32ns_32_30_no_dsp_1_ip/<hidden>/<hidden>/<hidden>/<hidden>/<hidden>/<hidden>
                            (rising edge-triggered cell FDRE clocked by clk_fpga_0  {rise@0.000ns fall@4.000ns period=8.000ns})
  Path Group:             clk_fpga_0
  Path Type:              Hold (Min at Fast Process Corner)
  Requirement:            0.000ns  (clk_fpga_0 rise@0.000ns - clk_fpga_0 rise@0.000ns)
  Data Path Delay:        0.319ns  (logic 0.128ns (40.075%)  route 0.191ns (59.925%))
  Logic Levels:           0  
  Clock Path Skew:        0.275ns (DCD - SCD - CPR)
    Destination Clock Delay (DCD):    1.225ns
    Source Clock Delay      (SCD):    0.920ns
    Clock Pessimism Removal (CPR):    0.030ns

    Location             Delay type                Incr(ns)  Path(ns)    Netlist Resource(s)
  -------------------------------------------------------------------    -------------------
                         (clock clk_fpga_0 rise edge)
                                                      0.000     0.000 r  
    PS7_X0Y0             PS7                          0.000     0.000 r  tme_bd_i/processing_system7_0/inst/PS7_i/FCLKCLK[0]
                         net (fo=1, routed)           0.310     0.310    tme_bd_i/processing_system7_0/inst/FCLK_CLK_unbuffered[0]
    BUFGCTRL_X0Y16       BUFG (Prop_bufg_I_O)         0.026     0.336 r  tme_bd_i/processing_system7_0/inst/buffer_fclk_clk_0.FCLK_CLK_0_BUFG/O
                         net (fo=19675, routed)       0.584     0.920    tme_bd_wrapper/tme_bd/tme_bd_tme_top_0_0/tme_bd_tme_top_0_0_tme_top/tme_bd_tme_top_0_0_tme_top_tme_top_Pipeline_norm_cols/tme_bd_tme_top_0_0_tme_top_fdiv_32ns_32ns_32_30_no_dsp_1/tme_bd_tme_top_0_0_tme_top_fdiv_32ns_32ns_32_30_no_dsp_1_ip/<hidden>/<hidden>/<hidden>/<hidden>/<hidden>/<hidden>
    SLICE_X83Y50         FDRE                                         r  tme_bd_wrapper/tme_bd/tme_bd_tme_top_0_0/tme_bd_tme_top_0_0_tme_top/tme_bd_tme_top_0_0_tme_top_tme_top_Pipeline_norm_cols/tme_bd_tme_top_0_0_tme_top_fdiv_32ns_32ns_32_30_no_dsp_1/tme_bd_tme_top_0_0_tme_top_fdiv_32ns_32ns_32_30_no_dsp_1_ip/<hidden>/<hidden>/<hidden>/<hidden>/<hidden>/<hidden>
  -------------------------------------------------------------------    -------------------
    SLICE_X83Y50         FDRE (Prop_fdre_C_Q)         0.128     1.048 r  tme_bd_wrapper/tme_bd/tme_bd_tme_top_0_0/tme_bd_tme_top_0_0_tme_top/tme_bd_tme_top_0_0_tme_top_tme_top_Pipeline_norm_cols/tme_bd_tme_top_0_0_tme_top_fdiv_32ns_32ns_32_30_no_dsp_1/tme_bd_tme_top_0_0_tme_top_fdiv_32ns_32ns_32_30_no_dsp_1_ip/<hidden>/<hidden>/<hidden>/<hidden>/<hidden>/<hidden>
                         net (fo=2, routed)           0.191     1.239    tme_bd_wrapper/tme_bd/tme_bd_tme_top_0_0/tme_bd_tme_top_0_0_tme_top/tme_bd_tme_top_0_0_tme_top_tme_top_Pipeline_norm_cols/tme_bd_tme_top_0_0_tme_top_fdiv_32ns_32ns_32_30_no_dsp_1/tme_bd_tme_top_0_0_tme_top_fdiv_32ns_32ns_32_30_no_dsp_1_ip/<hidden>/<hidden>/<hidden>/<hidden>/<hidden>/<hidden>
    SLICE_X82Y49         FDRE                                         r  tme_bd_wrapper/tme_bd/tme_bd_tme_top_0_0/tme_bd_tme_top_0_0_tme_top/tme_bd_tme_top_0_0_tme_top_tme_top_Pipeline_norm_cols/tme_bd_tme_top_0_0_tme_top_fdiv_32ns_32ns_32_30_no_dsp_1/tme_bd_tme_top_0_0_tme_top_fdiv_32ns_32ns_32_30_no_dsp_1_ip/<hidden>/<hidden>/<hidden>/<hidden>/<hidden>/<hidden>
  -------------------------------------------------------------------    -------------------

                         (clock clk_fpga_0 rise edge)
                                                      0.000     0.000 r  
    PS7_X0Y0             PS7                          0.000     0.000 r  tme_bd_i/processing_system7_0/inst/PS7_i/FCLKCLK[0]
                         net (fo=1, routed)           0.337     0.337    tme_bd_i/processing_system7_0/inst/FCLK_CLK_unbuffered[0]
    BUFGCTRL_X0Y16       BUFG (Prop_bufg_I_O)         0.029     0.366 r  tme_bd_i/processing_system7_0/inst/buffer_fclk_clk_0.FCLK_CLK_0_BUFG/O
                         net (fo=19675, routed)       0.859     1.225    tme_bd_wrapper/tme_bd/tme_bd_tme_top_0_0/tme_bd_tme_top_0_0_tme_top/tme_bd_tme_top_0_0_tme_top_tme_top_Pipeline_norm_cols/tme_bd_tme_top_0_0_tme_top_fdiv_32ns_32ns_32_30_no_dsp_1/tme_bd_tme_top_0_0_tme_top_fdiv_32ns_32ns_32_30_no_dsp_1_ip/<hidden>/<hidden>/<hidden>/<hidden>/<hidden>/<hidden>
    SLICE_X82Y49         FDRE                                         r  tme_bd_wrapper/tme_bd/tme_bd_tme_top_0_0/tme_bd_tme_top_0_0_tme_top/tme_bd_tme_top_0_0_tme_top_tme_top_Pipeline_norm_cols/tme_bd_tme_top_0_0_tme_top_fdiv_32ns_32ns_32_30_no_dsp_1/tme_bd_tme_top_0_0_tme_top_fdiv_32ns_32ns_32_30_no_dsp_1_ip/<hidden>/<hidden>/<hidden>/<hidden>/<hidden>/<hidden>
                         clock pessimism             -0.030     1.195    
    SLICE_X82Y49         FDRE (Hold_fdre_C_D)         0.000     1.195    tme_bd_wrapper/tme_bd/tme_bd_tme_top_0_0/tme_bd_tme_top_0_0_tme_top/tme_bd_tme_top_0_0_tme_top_tme_top_Pipeline_norm_cols/tme_bd_tme_top_0_0_tme_top_fdiv_32ns_32ns_32_30_no_dsp_1/tme_bd_tme_top_0_0_tme_top_fdiv_32ns_32ns_32_30_no_dsp_1_ip/<hidden>/<hidden>/<hidden>/<hidden>/<hidden>/<hidden>
  -------------------------------------------------------------------
                         required time                         -1.195    
                         arrival time                           1.239    
  -------------------------------------------------------------------
                         slack                                  0.044    

Slack (MET) :             0.046ns  (arrival time - required time)
  Source:                 tme_bd_i/smartconnect_mem/inst/s01_entry_pipeline/s01_mmu/inst/ar_reg_stall/m_vector_i_reg[1087]/C
                            (rising edge-triggered cell FDRE clocked by clk_fpga_0  {rise@0.000ns fall@4.000ns period=8.000ns})
  Destination:            tme_bd_i/smartconnect_mem/inst/s01_nodes/s01_ar_node/inst/inst_mi_handler/gen_normal_area.inst_fifo_node_payld/gen_xpm_memory_fifo.inst_fifo/gen_mem_rep[0].inst_xpm_memory/xpm_memory_base_inst/gen_wr_a.gen_word_narrow.mem_reg_0_31_120_125/RAMB/I
                            (rising edge-triggered cell RAMD32 clocked by clk_fpga_0  {rise@0.000ns fall@4.000ns period=8.000ns})
  Path Group:             clk_fpga_0
  Path Type:              Hold (Min at Fast Process Corner)
  Requirement:            0.000ns  (clk_fpga_0 rise@0.000ns - clk_fpga_0 rise@0.000ns)
  Data Path Delay:        0.405ns  (logic 0.148ns (36.500%)  route 0.257ns (63.500%))
  Logic Levels:           0  
  Clock Path Skew:        0.266ns (DCD - SCD - CPR)
    Destination Clock Delay (DCD):    1.193ns
    Source Clock Delay      (SCD):    0.892ns
    Clock Pessimism Removal (CPR):    0.035ns

    Location             Delay type                Incr(ns)  Path(ns)    Netlist Resource(s)
  -------------------------------------------------------------------    -------------------
                         (clock clk_fpga_0 rise edge)
                                                      0.000     0.000 r  
    PS7_X0Y0             PS7                          0.000     0.000 r  tme_bd_i/processing_system7_0/inst/PS7_i/FCLKCLK[0]
                         net (fo=1, routed)           0.310     0.310    tme_bd_i/processing_system7_0/inst/FCLK_CLK_unbuffered[0]
    BUFGCTRL_X0Y16       BUFG (Prop_bufg_I_O)         0.026     0.336 r  tme_bd_i/processing_system7_0/inst/buffer_fclk_clk_0.FCLK_CLK_0_BUFG/O
                         net (fo=19675, routed)       0.556     0.891    tme_bd_i/smartconnect_mem/inst/s01_entry_pipeline/s01_mmu/inst/ar_reg_stall/aclk
    SLICE_X50Y39         FDRE                                         r  tme_bd_i/smartconnect_mem/inst/s01_entry_pipeline/s01_mmu/inst/ar_reg_stall/m_vector_i_reg[1087]/C
  -------------------------------------------------------------------    -------------------
    SLICE_X50Y39         FDRE (Prop_fdre_C_Q)         0.148     1.039 r  tme_bd_i/smartconnect_mem/inst/s01_entry_pipeline/s01_mmu/inst/ar_reg_stall/m_vector_i_reg[1087]/Q
                         net (fo=1, routed)           0.257     1.297    tme_bd_i/smartconnect_mem/inst/s01_nodes/s01_ar_node/inst/inst_mi_handler/gen_normal_area.inst_fifo_node_payld/gen_xpm_memory_fifo.inst_fifo/gen_mem_rep[0].inst_xpm_memory/xpm_memory_base_inst/gen_wr_a.gen_word_narrow.mem_reg_0_31_120_125/DIB0
    SLICE_X38Y39         RAMD32                                       r  tme_bd_i/smartconnect_mem/inst/s01_nodes/s01_ar_node/inst/inst_mi_handler/gen_normal_area.inst_fifo_node_payld/gen_xpm_memory_fifo.inst_fifo/gen_mem_rep[0].inst_xpm_memory/xpm_memory_base_inst/gen_wr_a.gen_word_narrow.mem_reg_0_31_120_125/RAMB/I
  -------------------------------------------------------------------    -------------------

                         (clock clk_fpga_0 rise edge)
                                                      0.000     0.000 r  
    PS7_X0Y0             PS7                          0.000     0.000 r  tme_bd_i/processing_system7_0/inst/PS7_i/FCLKCLK[0]
                         net (fo=1, routed)           0.337     0.337    tme_bd_i/processing_system7_0/inst/FCLK_CLK_unbuffered[0]
    BUFGCTRL_X0Y16       BUFG (Prop_bufg_I_O)         0.029     0.366 r  tme_bd_i/processing_system7_0/inst/buffer_fclk_clk_0.FCLK_CLK_0_BUFG/O
                         net (fo=19675, routed)       0.827     1.193    tme_bd_i/smartconnect_mem/inst/s01_nodes/s01_ar_node/inst/inst_mi_handler/gen_normal_area.inst_fifo_node_payld/gen_xpm_memory_fifo.inst_fifo/gen_mem_rep[0].inst_xpm_memory/xpm_memory_base_inst/gen_wr_a.gen_word_narrow.mem_reg_0_31_120_125/WCLK
    SLICE_X38Y39         RAMD32                                       r  tme_bd_i/smartconnect_mem/inst/s01_nodes/s01_ar_node/inst/inst_mi_handler/gen_normal_area.inst_fifo_node_payld/gen_xpm_memory_fifo.inst_fifo/gen_mem_rep[0].inst_xpm_memory/xpm_memory_base_inst/gen_wr_a.gen_word_narrow.mem_reg_0_31_120_125/RAMB/CLK
                         clock pessimism             -0.035     1.158    
    SLICE_X38Y39         RAMD32 (Hold_ramd32_CLK_I)
                                                      0.093     1.251    tme_bd_i/smartconnect_mem/inst/s01_nodes/s01_ar_node/inst/inst_mi_handler/gen_normal_area.inst_fifo_node_payld/gen_xpm_memory_fifo.inst_fifo/gen_mem_rep[0].inst_xpm_memory/xpm_memory_base_inst/gen_wr_a.gen_word_narrow.mem_reg_0_31_120_125/RAMB
  -------------------------------------------------------------------
                         required time                         -1.251    
                         arrival time                           1.297    
  -------------------------------------------------------------------
                         slack                                  0.046    





Pulse Width Checks
--------------------------------------------------------------------------------------
Clock Name:         clk_fpga_0
Waveform(ns):       { 0.000 4.000 }
Period(ns):         8.000
Sources:            { tme_bd_i/processing_system7_0/inst/PS7_i/FCLKCLK[0] }

Check Type        Corner  Lib Pin             Reference Pin  Required(ns)  Actual(ns)  Slack(ns)  Location      Pin
Min Period        n/a     RAMB18E1/CLKARDCLK  n/a            2.944         8.000       5.056      RAMB18_X2Y31  tme_bd_i/tme_top_0/inst/p_ZZ7tme_topRN3hls6streamINS_4axisI7ap_uintILi8EELm1ELm1ELm1ELh56ELb0EEELi0EEES6_10_U/ram_reg/CLKARDCLK
Min Period        n/a     RAMB18E1/CLKBWRCLK  n/a            2.944         8.000       5.056      RAMB18_X2Y31  tme_bd_i/tme_top_0/inst/p_ZZ7tme_topRN3hls6streamINS_4axisI7ap_uintILi8EELm1ELm1ELm1ELh56ELb0EEELi0EEES6_10_U/ram_reg/CLKBWRCLK
Min Period        n/a     RAMB18E1/CLKARDCLK  n/a            2.944         8.000       5.056      RAMB18_X2Y34  tme_bd_i/tme_top_0/inst/p_ZZ7tme_topRN3hls6streamINS_4axisI7ap_uintILi8EELm1ELm1ELm1ELh56ELb0EEELi0EEES6_11_U/ram_reg/CLKARDCLK
Min Period        n/a     RAMB18E1/CLKBWRCLK  n/a            2.944         8.000       5.056      RAMB18_X2Y34  tme_bd_i/tme_top_0/inst/p_ZZ7tme_topRN3hls6streamINS_4axisI7ap_uintILi8EELm1ELm1ELm1ELh56ELb0EEELi0EEES6_11_U/ram_reg/CLKBWRCLK
Min Period        n/a     RAMB36E1/CLKARDCLK  n/a            2.944         8.000       5.056      RAMB36_X4Y11  tme_bd_i/tme_top_0/inst/p_ZZ7tme_topRN3hls6streamINS_4axisI7ap_uintILi8EELm1ELm1ELm1ELh56ELb0EEELi0EEES6_12_U/ram_reg/CLKARDCLK
Min Period        n/a     RAMB36E1/CLKARDCLK  n/a            2.944         8.000       5.056      RAMB36_X3Y12  tme_bd_i/tme_top_0/inst/p_ZZ7tme_topRN3hls6streamINS_4axisI7ap_uintILi8EELm1ELm1ELm1ELh56ELb0EEELi0EEES6_13_U/ram_reg/CLKARDCLK
Min Period        n/a     RAMB36E1/CLKARDCLK  n/a            2.944         8.000       5.056      RAMB36_X2Y11  tme_bd_i/tme_top_0/inst/p_ZZ7tme_topRN3hls6streamINS_4axisI7ap_uintILi8EELm1ELm1ELm1ELh56ELb0EEELi0EEES6_14_U/ram_reg/CLKARDCLK
Min Period        n/a     RAMB36E1/CLKARDCLK  n/a            2.944         8.000       5.056      RAMB36_X5Y13  tme_bd_i/tme_top_0/inst/p_ZZ7tme_topRN3hls6streamINS_4axisI7ap_uintILi8EELm1ELm1ELm1ELh56ELb0EEELi0EEES6_15_U/ram_reg/CLKARDCLK
Min Period        n/a     RAMB36E1/CLKARDCLK  n/a            2.944         8.000       5.056      RAMB36_X3Y14  tme_bd_i/tme_top_0/inst/p_ZZ7tme_topRN3hls6streamINS_4axisI7ap_uintILi8EELm1ELm1ELm1ELh56ELb0EEELi0EEES6_16_U/ram_reg/CLKARDCLK
Min Period        n/a     RAMB36E1/CLKARDCLK  n/a            2.944         8.000       5.056      RAMB36_X2Y14  tme_bd_i/tme_top_0/inst/p_ZZ7tme_topRN3hls6streamINS_4axisI7ap_uintILi8EELm1ELm1ELm1ELh56ELb0EEELi0EEES6_17_U/ram_reg/CLKARDCLK
Low Pulse Width   Slow    RAMD32/CLK          n/a            1.250         4.000       2.750      SLICE_X34Y34  tme_bd_i/smartconnect_mem/inst/m00_nodes/m00_ar_node/inst/inst_mi_handler/gen_normal_area.inst_fifo_node_payld/gen_xpm_memory_fifo.inst_fifo/gen_mem_rep[0].inst_xpm_memory/xpm_memory_base_inst/gen_wr_a.gen_word_narrow.mem_reg_0_31_0_5/RAMA/CLK
Low Pulse Width   Fast    RAMD32/CLK          n/a            1.250         4.000       2.750      SLICE_X34Y34  tme_bd_i/smartconnect_mem/inst/m00_nodes/m00_ar_node/inst/inst_mi_handler/gen_normal_area.inst_fifo_node_payld/gen_xpm_memory_fifo.inst_fifo/gen_mem_rep[0].inst_xpm_memory/xpm_memory_base_inst/gen_wr_a.gen_word_narrow.mem_reg_0_31_0_5/RAMA/CLK
Low Pulse Width   Slow    RAMD32/CLK          n/a            1.250         4.000       2.750      SLICE_X34Y34  tme_bd_i/smartconnect_mem/inst/m00_nodes/m00_ar_node/inst/inst_mi_handler/gen_normal_area.inst_fifo_node_payld/gen_xpm_memory_fifo.inst_fifo/gen_mem_rep[0].inst_xpm_memory/xpm_memory_base_inst/gen_wr_a.gen_word_narrow.mem_reg_0_31_0_5/RAMA_D1/CLK
Low Pulse Width   Fast    RAMD32/CLK          n/a            1.250         4.000       2.750      SLICE_X34Y34  tme_bd_i/smartconnect_mem/inst/m00_nodes/m00_ar_node/inst/inst_mi_handler/gen_normal_area.inst_fifo_node_payld/gen_xpm_memory_fifo.inst_fifo/gen_mem_rep[0].inst_xpm_memory/xpm_memory_base_inst/gen_wr_a.gen_word_narrow.mem_reg_0_31_0_5/RAMA_D1/CLK
Low Pulse Width   Slow    RAMD32/CLK          n/a            1.250         4.000       2.750      SLICE_X34Y34  tme_bd_i/smartconnect_mem/inst/m00_nodes/m00_ar_node/inst/inst_mi_handler/gen_normal_area.inst_fifo_node_payld/gen_xpm_memory_fifo.inst_fifo/gen_mem_rep[0].inst_xpm_memory/xpm_memory_base_inst/gen_wr_a.gen_word_narrow.mem_reg_0_31_0_5/RAMB/CLK
Low Pulse Width   Fast    RAMD32/CLK          n/a            1.250         4.000       2.750      SLICE_X34Y34  tme_bd_i/smartconnect_mem/inst/m00_nodes/m00_ar_node/inst/inst_mi_handler/gen_normal_area.inst_fifo_node_payld/gen_xpm_memory_fifo.inst_fifo/gen_mem_rep[0].inst_xpm_memory/xpm_memory_base_inst/gen_wr_a.gen_word_narrow.mem_reg_0_31_0_5/RAMB/CLK
Low Pulse Width   Slow    RAMD32/CLK          n/a            1.250         4.000       2.750      SLICE_X34Y34  tme_bd_i/smartconnect_mem/inst/m00_nodes/m00_ar_node/inst/inst_mi_handler/gen_normal_area.inst_fifo_node_payld/gen_xpm_memory_fifo.inst_fifo/gen_mem_rep[0].inst_xpm_memory/xpm_memory_base_inst/gen_wr_a.gen_word_narrow.mem_reg_0_31_0_5/RAMB_D1/CLK
Low Pulse Width   Fast    RAMD32/CLK          n/a            1.250         4.000       2.750      SLICE_X34Y34  tme_bd_i/smartconnect_mem/inst/m00_nodes/m00_ar_node/inst/inst_mi_handler/gen_normal_area.inst_fifo_node_payld/gen_xpm_memory_fifo.inst_fifo/gen_mem_rep[0].inst_xpm_memory/xpm_memory_base_inst/gen_wr_a.gen_word_narrow.mem_reg_0_31_0_5/RAMB_D1/CLK
Low Pulse Width   Slow    RAMD32/CLK          n/a            1.250         4.000       2.750      SLICE_X34Y34  tme_bd_i/smartconnect_mem/inst/m00_nodes/m00_ar_node/inst/inst_mi_handler/gen_normal_area.inst_fifo_node_payld/gen_xpm_memory_fifo.inst_fifo/gen_mem_rep[0].inst_xpm_memory/xpm_memory_base_inst/gen_wr_a.gen_word_narrow.mem_reg_0_31_0_5/RAMC/CLK
Low Pulse Width   Fast    RAMD32/CLK          n/a            1.250         4.000       2.750      SLICE_X34Y34  tme_bd_i/smartconnect_mem/inst/m00_nodes/m00_ar_node/inst/inst_mi_handler/gen_normal_area.inst_fifo_node_payld/gen_xpm_memory_fifo.inst_fifo/gen_mem_rep[0].inst_xpm_memory/xpm_memory_base_inst/gen_wr_a.gen_word_narrow.mem_reg_0_31_0_5/RAMC/CLK
High Pulse Width  Slow    RAMD32/CLK          n/a            1.250         4.000       2.750      SLICE_X34Y34  tme_bd_i/smartconnect_mem/inst/m00_nodes/m00_ar_node/inst/inst_mi_handler/gen_normal_area.inst_fifo_node_payld/gen_xpm_memory_fifo.inst_fifo/gen_mem_rep[0].inst_xpm_memory/xpm_memory_base_inst/gen_wr_a.gen_word_narrow.mem_reg_0_31_0_5/RAMA/CLK
High Pulse Width  Fast    RAMD32/CLK          n/a            1.250         4.000       2.750      SLICE_X34Y34  tme_bd_i/smartconnect_mem/inst/m00_nodes/m00_ar_node/inst/inst_mi_handler/gen_normal_area.inst_fifo_node_payld/gen_xpm_memory_fifo.inst_fifo/gen_mem_rep[0].inst_xpm_memory/xpm_memory_base_inst/gen_wr_a.gen_word_narrow.mem_reg_0_31_0_5/RAMA/CLK
High Pulse Width  Slow    RAMD32/CLK          n/a            1.250         4.000       2.750      SLICE_X34Y34  tme_bd_i/smartconnect_mem/inst/m00_nodes/m00_ar_node/inst/inst_mi_handler/gen_normal_area.inst_fifo_node_payld/gen_xpm_memory_fifo.inst_fifo/gen_mem_rep[0].inst_xpm_memory/xpm_memory_base_inst/gen_wr_a.gen_word_narrow.mem_reg_0_31_0_5/RAMA_D1/CLK
High Pulse Width  Fast    RAMD32/CLK          n/a            1.250         4.000       2.750      SLICE_X34Y34  tme_bd_i/smartconnect_mem/inst/m00_nodes/m00_ar_node/inst/inst_mi_handler/gen_normal_area.inst_fifo_node_payld/gen_xpm_memory_fifo.inst_fifo/gen_mem_rep[0].inst_xpm_memory/xpm_memory_base_inst/gen_wr_a.gen_word_narrow.mem_reg_0_31_0_5/RAMA_D1/CLK
High Pulse Width  Slow    RAMD32/CLK          n/a            1.250         4.000       2.750      SLICE_X34Y34  tme_bd_i/smartconnect_mem/inst/m00_nodes/m00_ar_node/inst/inst_mi_handler/gen_normal_area.inst_fifo_node_payld/gen_xpm_memory_fifo.inst_fifo/gen_mem_rep[0].inst_xpm_memory/xpm_memory_base_inst/gen_wr_a.gen_word_narrow.mem_reg_0_31_0_5/RAMB/CLK
High Pulse Width  Fast    RAMD32/CLK          n/a            1.250         4.000       2.750      SLICE_X34Y34  tme_bd_i/smartconnect_mem/inst/m00_nodes/m00_ar_node/inst/inst_mi_handler/gen_normal_area.inst_fifo_node_payld/gen_xpm_memory_fifo.inst_fifo/gen_mem_rep[0].inst_xpm_memory/xpm_memory_base_inst/gen_wr_a.gen_word_narrow.mem_reg_0_31_0_5/RAMB/CLK
High Pulse Width  Slow    RAMD32/CLK          n/a            1.250         4.000       2.750      SLICE_X34Y34  tme_bd_i/smartconnect_mem/inst/m00_nodes/m00_ar_node/inst/inst_mi_handler/gen_normal_area.inst_fifo_node_payld/gen_xpm_memory_fifo.inst_fifo/gen_mem_rep[0].inst_xpm_memory/xpm_memory_base_inst/gen_wr_a.gen_word_narrow.mem_reg_0_31_0_5/RAMB_D1/CLK
High Pulse Width  Fast    RAMD32/CLK          n/a            1.250         4.000       2.750      SLICE_X34Y34  tme_bd_i/smartconnect_mem/inst/m00_nodes/m00_ar_node/inst/inst_mi_handler/gen_normal_area.inst_fifo_node_payld/gen_xpm_memory_fifo.inst_fifo/gen_mem_rep[0].inst_xpm_memory/xpm_memory_base_inst/gen_wr_a.gen_word_narrow.mem_reg_0_31_0_5/RAMB_D1/CLK
High Pulse Width  Slow    RAMD32/CLK          n/a            1.250         4.000       2.750      SLICE_X34Y34  tme_bd_i/smartconnect_mem/inst/m00_nodes/m00_ar_node/inst/inst_mi_handler/gen_normal_area.inst_fifo_node_payld/gen_xpm_memory_fifo.inst_fifo/gen_mem_rep[0].inst_xpm_memory/xpm_memory_base_inst/gen_wr_a.gen_word_narrow.mem_reg_0_31_0_5/RAMC/CLK
High Pulse Width  Fast    RAMD32/CLK          n/a            1.250         4.000       2.750      SLICE_X34Y34  tme_bd_i/smartconnect_mem/inst/m00_nodes/m00_ar_node/inst/inst_mi_handler/gen_normal_area.inst_fifo_node_payld/gen_xpm_memory_fifo.inst_fifo/gen_mem_rep[0].inst_xpm_memory/xpm_memory_base_inst/gen_wr_a.gen_word_narrow.mem_reg_0_31_0_5/RAMC/CLK



--------------------------------------------------------------------------------------
Path Group:  (none)
From Clock:  
  To Clock:  clk_fpga_0

Max Delay             1 Endpoint
Min Delay             1 Endpoint
--------------------------------------------------------------------------------------


Max Delay Paths
--------------------------------------------------------------------------------------
Slack:                    inf
  Source:                 tme_bd_i/processing_system7_0/inst/PS7_i/FCLKRESETN[0]
                            (internal pin)
  Destination:            tme_bd_i/proc_sys_reset_0/U0/EXT_LPF/ACTIVE_LOW_EXT.ACT_LO_EXT/syncstages_ff_reg[0]/D
                            (rising edge-triggered cell FDRE clocked by clk_fpga_0  {rise@0.000ns fall@4.000ns period=8.000ns})
  Path Group:             (none)
  Path Type:              Setup (Max at Slow Process Corner)
  Data Path Delay:        2.531ns  (logic 0.124ns (4.899%)  route 2.407ns (95.101%))
  Logic Levels:           1  (LUT1=1)
  Clock Uncertainty:      0.123ns  ((TSJ^2 + TIJ^2)^1/2 + DJ) / 2 + PE
    Total System Jitter     (TSJ):    0.050ns
    Total Input Jitter      (TIJ):    0.240ns
    Discrete Jitter          (DJ):    0.000ns
    Phase Error              (PE):    0.000ns
  Timing Exception:       False Path

    Location             Delay type                Incr(ns)  Path(ns)    Netlist Resource(s)
  -------------------------------------------------------------------    -------------------
    PS7_X0Y0             PS7                          0.000     0.000 f  tme_bd_i/processing_system7_0/inst/PS7_i/FCLKRESETN[0]
                         net (fo=1, routed)           1.649     1.649    tme_bd_i/proc_sys_reset_0/U0/EXT_LPF/ext_reset_in
    SLICE_X40Y86         LUT1 (Prop_lut1_I0_O)        0.124     1.773 r  tme_bd_i/proc_sys_reset_0/U0/EXT_LPF/ACTIVE_LOW_EXT.ACT_LO_EXT_i_1/O
                         net (fo=1, routed)           0.758     2.531    tme_bd_i/proc_sys_reset_0/U0/EXT_LPF/ACTIVE_LOW_EXT.ACT_LO_EXT/src_in
    SLICE_X50Y86         FDRE                                         r  tme_bd_i/proc_sys_reset_0/U0/EXT_LPF/ACTIVE_LOW_EXT.ACT_LO_EXT/syncstages_ff_reg[0]/D
  -------------------------------------------------------------------    -------------------

                         (clock clk_fpga_0 rise edge)
                                                      0.000     0.000 r  
    PS7_X0Y0             PS7                          0.000     0.000 r  tme_bd_i/processing_system7_0/inst/PS7_i/FCLKCLK[0]
                         net (fo=1, routed)           1.088     1.088    tme_bd_i/processing_system7_0/inst/FCLK_CLK_unbuffered[0]
    BUFGCTRL_X0Y16       BUFG (Prop_bufg_I_O)         0.091     1.179 r  tme_bd_i/processing_system7_0/inst/buffer_fclk_clk_0.FCLK_CLK_0_BUFG/O
                         net (fo=19675, routed)       1.461     2.640    tme_bd_i/proc_sys_reset_0/U0/EXT_LPF/ACTIVE_LOW_EXT.ACT_LO_EXT/dest_clk
    SLICE_X50Y86         FDRE                                         r  tme_bd_i/proc_sys_reset_0/U0/EXT_LPF/ACTIVE_LOW_EXT.ACT_LO_EXT/syncstages_ff_reg[0]/C





Min Delay Paths
--------------------------------------------------------------------------------------
Slack:                    inf
  Source:                 tme_bd_i/processing_system7_0/inst/PS7_i/FCLKRESETN[0]
                            (internal pin)
  Destination:            tme_bd_i/proc_sys_reset_0/U0/EXT_LPF/ACTIVE_LOW_EXT.ACT_LO_EXT/syncstages_ff_reg[0]/D
                            (rising edge-triggered cell FDRE clocked by clk_fpga_0  {rise@0.000ns fall@4.000ns period=8.000ns})
  Path Group:             (none)
  Path Type:              Hold (Min at Fast Process Corner)
  Data Path Delay:        0.985ns  (logic 0.045ns (4.569%)  route 0.940ns (95.431%))
  Logic Levels:           1  (LUT1=1)
  Clock Uncertainty:      0.123ns  ((TSJ^2 + TIJ^2)^1/2 + DJ) / 2 + PE
    Total System Jitter     (TSJ):    0.050ns
    Total Input Jitter      (TIJ):    0.240ns
    Discrete Jitter          (DJ):    0.000ns
    Phase Error              (PE):    0.000ns
  Timing Exception:       False Path

    Location             Delay type                Incr(ns)  Path(ns)    Netlist Resource(s)
  -------------------------------------------------------------------    -------------------
    PS7_X0Y0             PS7                          0.000     0.000 f  tme_bd_i/processing_system7_0/inst/PS7_i/FCLKRESETN[0]
                         net (fo=1, routed)           0.660     0.660    tme_bd_i/proc_sys_reset_0/U0/EXT_LPF/ext_reset_in
    SLICE_X40Y86         LUT1 (Prop_lut1_I0_O)        0.045     0.705 r  tme_bd_i/proc_sys_reset_0/U0/EXT_LPF/ACTIVE_LOW_EXT.ACT_LO_EXT_i_1/O
                         net (fo=1, routed)           0.280     0.985    tme_bd_i/proc_sys_reset_0/U0/EXT_LPF/ACTIVE_LOW_EXT.ACT_LO_EXT/src_in
    SLICE_X50Y86         FDRE                                         r  tme_bd_i/proc_sys_reset_0/U0/EXT_LPF/ACTIVE_LOW_EXT.ACT_LO_EXT/syncstages_ff_reg[0]/D
  -------------------------------------------------------------------    -------------------

                         (clock clk_fpga_0 rise edge)
                                                      0.000     0.000 r  
    PS7_X0Y0             PS7                          0.000     0.000 r  tme_bd_i/processing_system7_0/inst/PS7_i/FCLKCLK[0]
                         net (fo=1, routed)           0.337     0.337    tme_bd_i/processing_system7_0/inst/FCLK_CLK_unbuffered[0]
    BUFGCTRL_X0Y16       BUFG (Prop_bufg_I_O)         0.029     0.366 r  tme_bd_i/processing_system7_0/inst/buffer_fclk_clk_0.FCLK_CLK_0_BUFG/O
                         net (fo=19675, routed)       0.815     1.181    tme_bd_i/proc_sys_reset_0/U0/EXT_LPF/ACTIVE_LOW_EXT.ACT_LO_EXT/dest_clk
    SLICE_X50Y86         FDRE                                         r  tme_bd_i/proc_sys_reset_0/U0/EXT_LPF/ACTIVE_LOW_EXT.ACT_LO_EXT/syncstages_ff_reg[0]/C





--------------------------------------------------------------------------------------
Path Group:  (none)
From Clock:  clk_fpga_0
  To Clock:  clk_fpga_0

Max Delay           132 Endpoints
Min Delay           132 Endpoints
--------------------------------------------------------------------------------------


Max Delay Paths
--------------------------------------------------------------------------------------
Slack:                    inf
  Source:                 tme_bd_i/proc_sys_reset_0/U0/ACTIVE_LOW_PR_OUT_DFF[0].FDRE_PER_N/C
                            (rising edge-triggered cell FDRE clocked by clk_fpga_0  {rise@0.000ns fall@4.000ns period=8.000ns})
  Destination:            tme_bd_i/smartconnect_mem/inst/clk_map/psr_aclk/U0/EXT_LPF/ACTIVE_LOW_AUX.ACT_LO_AUX/syncstages_ff_reg[0]/D
                            (rising edge-triggered cell FDRE clocked by clk_fpga_0  {rise@0.000ns fall@4.000ns period=8.000ns})
  Path Group:             (none)
  Path Type:              Setup (Max at Slow Process Corner)
  Data Path Delay:        4.873ns  (logic 0.642ns (13.175%)  route 4.231ns (86.825%))
  Logic Levels:           1  (LUT1=1)
  Clock Path Skew:        -0.210ns (DCD - SCD + CPR)
    Destination Clock Delay (DCD):    2.718ns
    Source Clock Delay      (SCD):    2.928ns
    Clock Pessimism Removal (CPR):    0.000ns
  Clock Uncertainty:      0.125ns  ((TSJ^2 + TIJ^2)^1/2 + DJ) / 2 + PE
    Total System Jitter     (TSJ):    0.071ns
    Total Input Jitter      (TIJ):    0.240ns
    Discrete Jitter          (DJ):    0.000ns
    Phase Error              (PE):    0.000ns
  Timing Exception:       False Path

    Location             Delay type                Incr(ns)  Path(ns)    Netlist Resource(s)
  -------------------------------------------------------------------    -------------------
                         (clock clk_fpga_0 rise edge)
                                                      0.000     0.000 r  
    PS7_X0Y0             PS7                          0.000     0.000 r  tme_bd_i/processing_system7_0/inst/PS7_i/FCLKCLK[0]
                         net (fo=1, routed)           1.193     1.193    tme_bd_i/processing_system7_0/inst/FCLK_CLK_unbuffered[0]
    BUFGCTRL_X0Y16       BUFG (Prop_bufg_I_O)         0.101     1.294 r  tme_bd_i/processing_system7_0/inst/buffer_fclk_clk_0.FCLK_CLK_0_BUFG/O
                         net (fo=19675, routed)       1.634     2.928    tme_bd_i/proc_sys_reset_0/U0/slowest_sync_clk
    SLICE_X50Y86         FDRE                                         r  tme_bd_i/proc_sys_reset_0/U0/ACTIVE_LOW_PR_OUT_DFF[0].FDRE_PER_N/C
  -------------------------------------------------------------------    -------------------
    SLICE_X50Y86         FDRE (Prop_fdre_C_Q)         0.518     3.446 f  tme_bd_i/proc_sys_reset_0/U0/ACTIVE_LOW_PR_OUT_DFF[0].FDRE_PER_N/Q
                         net (fo=41, routed)          2.548     5.994    tme_bd_i/smartconnect_mem/inst/clk_map/psr_aclk/U0/EXT_LPF/aresetn
    SLICE_X55Y63         LUT1 (Prop_lut1_I0_O)        0.124     6.118 r  tme_bd_i/smartconnect_mem/inst/clk_map/psr_aclk/U0/EXT_LPF/ACTIVE_LOW_AUX.ACT_LO_AUX_i_1/O
                         net (fo=1, routed)           1.683     7.801    tme_bd_i/smartconnect_mem/inst/clk_map/psr_aclk/U0/EXT_LPF/ACTIVE_LOW_AUX.ACT_LO_AUX/src_in
    SLICE_X56Y26         FDRE                                         r  tme_bd_i/smartconnect_mem/inst/clk_map/psr_aclk/U0/EXT_LPF/ACTIVE_LOW_AUX.ACT_LO_AUX/syncstages_ff_reg[0]/D
  -------------------------------------------------------------------    -------------------

                         (clock clk_fpga_0 rise edge)
                                                      0.000     0.000 r  
    PS7_X0Y0             PS7                          0.000     0.000 r  tme_bd_i/processing_system7_0/inst/PS7_i/FCLKCLK[0]
                         net (fo=1, routed)           1.088     1.088    tme_bd_i/processing_system7_0/inst/FCLK_CLK_unbuffered[0]
    BUFGCTRL_X0Y16       BUFG (Prop_bufg_I_O)         0.091     1.179 r  tme_bd_i/processing_system7_0/inst/buffer_fclk_clk_0.FCLK_CLK_0_BUFG/O
                         net (fo=19675, routed)       1.539     2.718    tme_bd_i/smartconnect_mem/inst/clk_map/psr_aclk/U0/EXT_LPF/ACTIVE_LOW_AUX.ACT_LO_AUX/dest_clk
    SLICE_X56Y26         FDRE                                         r  tme_bd_i/smartconnect_mem/inst/clk_map/psr_aclk/U0/EXT_LPF/ACTIVE_LOW_AUX.ACT_LO_AUX/syncstages_ff_reg[0]/C

Slack:                    inf
  Source:                 tme_bd_i/smartconnect_lite/inst/clk_map/psr_aclk/U0/ACTIVE_LOW_BSR_OUT_DFF[0].FDRE_BSR_N/C
                            (rising edge-triggered cell FDRE clocked by clk_fpga_0  {rise@0.000ns fall@4.000ns period=8.000ns})
  Destination:            tme_bd_i/smartconnect_lite/inst/switchboards/i_nodes/i_b_node/inst/s_sc_xpm_cdc_async_rst_inst/arststages_ff_reg[0]/CLR
                            (recovery check against rising-edge clock clk_fpga_0  {rise@0.000ns fall@4.000ns period=8.000ns})
  Path Group:             (none)
  Path Type:              Recovery (Max at Slow Process Corner)
  Data Path Delay:        4.255ns  (logic 0.610ns (14.336%)  route 3.645ns (85.664%))
  Logic Levels:           1  (LUT1=1)
  Clock Path Skew:        -0.239ns (DCD - SCD + CPR)
    Destination Clock Delay (DCD):    2.693ns
    Source Clock Delay      (SCD):    2.932ns
    Clock Pessimism Removal (CPR):    0.000ns
  Clock Uncertainty:      0.125ns  ((TSJ^2 + TIJ^2)^1/2 + DJ) / 2 + PE
    Total System Jitter     (TSJ):    0.071ns
    Total Input Jitter      (TIJ):    0.240ns
    Discrete Jitter          (DJ):    0.000ns
    Phase Error              (PE):    0.000ns
  Timing Exception:       False Path

    Location             Delay type                Incr(ns)  Path(ns)    Netlist Resource(s)
  -------------------------------------------------------------------    -------------------
                         (clock clk_fpga_0 rise edge)
                                                      0.000     0.000 r  
    PS7_X0Y0             PS7                          0.000     0.000 r  tme_bd_i/processing_system7_0/inst/PS7_i/FCLKCLK[0]
                         net (fo=1, routed)           1.193     1.193    tme_bd_i/processing_system7_0/inst/FCLK_CLK_unbuffered[0]
    BUFGCTRL_X0Y16       BUFG (Prop_bufg_I_O)         0.101     1.294 r  tme_bd_i/processing_system7_0/inst/buffer_fclk_clk_0.FCLK_CLK_0_BUFG/O
                         net (fo=19675, routed)       1.638     2.932    tme_bd_i/smartconnect_lite/inst/clk_map/psr_aclk/U0/aclk
    SLICE_X37Y78         FDRE                                         r  tme_bd_i/smartconnect_lite/inst/clk_map/psr_aclk/U0/ACTIVE_LOW_BSR_OUT_DFF[0].FDRE_BSR_N/C
  -------------------------------------------------------------------    -------------------
    SLICE_X37Y78         FDRE (Prop_fdre_C_Q)         0.456     3.388 r  tme_bd_i/smartconnect_lite/inst/clk_map/psr_aclk/U0/ACTIVE_LOW_BSR_OUT_DFF[0].FDRE_BSR_N/Q
                         net (fo=31, routed)          3.005     6.393    tme_bd_i/smartconnect_lite/inst/switchboards/i_nodes/i_b_node/inst/s_sc_xpm_cdc_async_rst_inst/src_arst
    SLICE_X28Y79         LUT1 (Prop_lut1_I0_O)        0.154     6.547 f  tme_bd_i/smartconnect_lite/inst/switchboards/i_nodes/i_b_node/inst/s_sc_xpm_cdc_async_rst_inst/arststages_ff[2]_i_1/O
                         net (fo=3, routed)           0.640     7.187    tme_bd_i/smartconnect_lite/inst/switchboards/i_nodes/i_b_node/inst/s_sc_xpm_cdc_async_rst_inst/reset_pol
    SLICE_X28Y79         FDCE                                         f  tme_bd_i/smartconnect_lite/inst/switchboards/i_nodes/i_b_node/inst/s_sc_xpm_cdc_async_rst_inst/arststages_ff_reg[0]/CLR
  -------------------------------------------------------------------    -------------------

                         (clock clk_fpga_0 rise edge)
                                                      0.000     0.000 r  
    PS7_X0Y0             PS7                          0.000     0.000 r  tme_bd_i/processing_system7_0/inst/PS7_i/FCLKCLK[0]
                         net (fo=1, routed)           1.088     1.088    tme_bd_i/processing_system7_0/inst/FCLK_CLK_unbuffered[0]
    BUFGCTRL_X0Y16       BUFG (Prop_bufg_I_O)         0.091     1.179 r  tme_bd_i/processing_system7_0/inst/buffer_fclk_clk_0.FCLK_CLK_0_BUFG/O
                         net (fo=19675, routed)       1.514     2.693    tme_bd_i/smartconnect_lite/inst/switchboards/i_nodes/i_b_node/inst/s_sc_xpm_cdc_async_rst_inst/dest_clk
    SLICE_X28Y79         FDCE                                         r  tme_bd_i/smartconnect_lite/inst/switchboards/i_nodes/i_b_node/inst/s_sc_xpm_cdc_async_rst_inst/arststages_ff_reg[0]/C

Slack:                    inf
  Source:                 tme_bd_i/smartconnect_lite/inst/clk_map/psr_aclk/U0/ACTIVE_LOW_BSR_OUT_DFF[0].FDRE_BSR_N/C
                            (rising edge-triggered cell FDRE clocked by clk_fpga_0  {rise@0.000ns fall@4.000ns period=8.000ns})
  Destination:            tme_bd_i/smartconnect_lite/inst/switchboards/i_nodes/i_b_node/inst/s_sc_xpm_cdc_async_rst_inst/arststages_ff_reg[1]/CLR
                            (recovery check against rising-edge clock clk_fpga_0  {rise@0.000ns fall@4.000ns period=8.000ns})
  Path Group:             (none)
  Path Type:              Recovery (Max at Slow Process Corner)
  Data Path Delay:        4.255ns  (logic 0.610ns (14.336%)  route 3.645ns (85.664%))
  Logic Levels:           1  (LUT1=1)
  Clock Path Skew:        -0.239ns (DCD - SCD + CPR)
    Destination Clock Delay (DCD):    2.693ns
    Source Clock Delay      (SCD):    2.932ns
    Clock Pessimism Removal (CPR):    0.000ns
  Clock Uncertainty:      0.125ns  ((TSJ^2 + TIJ^2)^1/2 + DJ) / 2 + PE
    Total System Jitter     (TSJ):    0.071ns
    Total Input Jitter      (TIJ):    0.240ns
    Discrete Jitter          (DJ):    0.000ns
    Phase Error              (PE):    0.000ns
  Timing Exception:       False Path

    Location             Delay type                Incr(ns)  Path(ns)    Netlist Resource(s)
  -------------------------------------------------------------------    -------------------
                         (clock clk_fpga_0 rise edge)
                                                      0.000     0.000 r  
    PS7_X0Y0             PS7                          0.000     0.000 r  tme_bd_i/processing_system7_0/inst/PS7_i/FCLKCLK[0]
                         net (fo=1, routed)           1.193     1.193    tme_bd_i/processing_system7_0/inst/FCLK_CLK_unbuffered[0]
    BUFGCTRL_X0Y16       BUFG (Prop_bufg_I_O)         0.101     1.294 r  tme_bd_i/processing_system7_0/inst/buffer_fclk_clk_0.FCLK_CLK_0_BUFG/O
                         net (fo=19675, routed)       1.638     2.932    tme_bd_i/smartconnect_lite/inst/clk_map/psr_aclk/U0/aclk
    SLICE_X37Y78         FDRE                                         r  tme_bd_i/smartconnect_lite/inst/clk_map/psr_aclk/U0/ACTIVE_LOW_BSR_OUT_DFF[0].FDRE_BSR_N/C
  -------------------------------------------------------------------    -------------------
    SLICE_X37Y78         FDRE (Prop_fdre_C_Q)         0.456     3.388 r  tme_bd_i/smartconnect_lite/inst/clk_map/psr_aclk/U0/ACTIVE_LOW_BSR_OUT_DFF[0].FDRE_BSR_N/Q
                         net (fo=31, routed)          3.005     6.393    tme_bd_i/smartconnect_lite/inst/switchboards/i_nodes/i_b_node/inst/s_sc_xpm_cdc_async_rst_inst/src_arst
    SLICE_X28Y79         LUT1 (Prop_lut1_I0_O)        0.154     6.547 f  tme_bd_i/smartconnect_lite/inst/switchboards/i_nodes/i_b_node/inst/s_sc_xpm_cdc_async_rst_inst/arststages_ff[2]_i_1/O
                         net (fo=3, routed)           0.640     7.187    tme_bd_i/smartconnect_lite/inst/switchboards/i_nodes/i_b_node/inst/s_sc_xpm_cdc_async_rst_inst/reset_pol
    SLICE_X28Y79         FDCE                                         f  tme_bd_i/smartconnect_lite/inst/switchboards/i_nodes/i_b_node/inst/s_sc_xpm_cdc_async_rst_inst/arststages_ff_reg[1]/CLR
  -------------------------------------------------------------------    -------------------

                         (clock clk_fpga_0 rise edge)
                                                      0.000     0.000 r  
    PS7_X0Y0             PS7                          0.000     0.000 r  tme_bd_i/processing_system7_0/inst/PS7_i/FCLKCLK[0]
                         net (fo=1, routed)           1.088     1.088    tme_bd_i/processing_system7_0/inst/FCLK_CLK_unbuffered[0]
    BUFGCTRL_X0Y16       BUFG (Prop_bufg_I_O)         0.091     1.179 r  tme_bd_i/processing_system7_0/inst/buffer_fclk_clk_0.FCLK_CLK_0_BUFG/O
                         net (fo=19675, routed)       1.514     2.693    tme_bd_i/smartconnect_lite/inst/switchboards/i_nodes/i_b_node/inst/s_sc_xpm_cdc_async_rst_inst/dest_clk
    SLICE_X28Y79         FDCE                                         r  tme_bd_i/smartconnect_lite/inst/switchboards/i_nodes/i_b_node/inst/s_sc_xpm_cdc_async_rst_inst/arststages_ff_reg[1]/C

Slack:                    inf
  Source:                 tme_bd_i/smartconnect_lite/inst/clk_map/psr_aclk/U0/ACTIVE_LOW_BSR_OUT_DFF[0].FDRE_BSR_N/C
                            (rising edge-triggered cell FDRE clocked by clk_fpga_0  {rise@0.000ns fall@4.000ns period=8.000ns})
  Destination:            tme_bd_i/smartconnect_lite/inst/switchboards/i_nodes/i_b_node/inst/s_sc_xpm_cdc_async_rst_inst/arststages_ff_reg[2]/CLR
                            (recovery check against rising-edge clock clk_fpga_0  {rise@0.000ns fall@4.000ns period=8.000ns})
  Path Group:             (none)
  Path Type:              Recovery (Max at Slow Process Corner)
  Data Path Delay:        4.255ns  (logic 0.610ns (14.336%)  route 3.645ns (85.664%))
  Logic Levels:           1  (LUT1=1)
  Clock Path Skew:        -0.239ns (DCD - SCD + CPR)
    Destination Clock Delay (DCD):    2.693ns
    Source Clock Delay      (SCD):    2.932ns
    Clock Pessimism Removal (CPR):    0.000ns
  Clock Uncertainty:      0.125ns  ((TSJ^2 + TIJ^2)^1/2 + DJ) / 2 + PE
    Total System Jitter     (TSJ):    0.071ns
    Total Input Jitter      (TIJ):    0.240ns
    Discrete Jitter          (DJ):    0.000ns
    Phase Error              (PE):    0.000ns
  Timing Exception:       False Path

    Location             Delay type                Incr(ns)  Path(ns)    Netlist Resource(s)
  -------------------------------------------------------------------    -------------------
                         (clock clk_fpga_0 rise edge)
                                                      0.000     0.000 r  
    PS7_X0Y0             PS7                          0.000     0.000 r  tme_bd_i/processing_system7_0/inst/PS7_i/FCLKCLK[0]
                         net (fo=1, routed)           1.193     1.193    tme_bd_i/processing_system7_0/inst/FCLK_CLK_unbuffered[0]
    BUFGCTRL_X0Y16       BUFG (Prop_bufg_I_O)         0.101     1.294 r  tme_bd_i/processing_system7_0/inst/buffer_fclk_clk_0.FCLK_CLK_0_BUFG/O
                         net (fo=19675, routed)       1.638     2.932    tme_bd_i/smartconnect_lite/inst/clk_map/psr_aclk/U0/aclk
    SLICE_X37Y78         FDRE                                         r  tme_bd_i/smartconnect_lite/inst/clk_map/psr_aclk/U0/ACTIVE_LOW_BSR_OUT_DFF[0].FDRE_BSR_N/C
  -------------------------------------------------------------------    -------------------
    SLICE_X37Y78         FDRE (Prop_fdre_C_Q)         0.456     3.388 r  tme_bd_i/smartconnect_lite/inst/clk_map/psr_aclk/U0/ACTIVE_LOW_BSR_OUT_DFF[0].FDRE_BSR_N/Q
                         net (fo=31, routed)          3.005     6.393    tme_bd_i/smartconnect_lite/inst/switchboards/i_nodes/i_b_node/inst/s_sc_xpm_cdc_async_rst_inst/src_arst
    SLICE_X28Y79         LUT1 (Prop_lut1_I0_O)        0.154     6.547 f  tme_bd_i/smartconnect_lite/inst/switchboards/i_nodes/i_b_node/inst/s_sc_xpm_cdc_async_rst_inst/arststages_ff[2]_i_1/O
                         net (fo=3, routed)           0.640     7.187    tme_bd_i/smartconnect_lite/inst/switchboards/i_nodes/i_b_node/inst/s_sc_xpm_cdc_async_rst_inst/reset_pol
    SLICE_X28Y79         FDCE                                         f  tme_bd_i/smartconnect_lite/inst/switchboards/i_nodes/i_b_node/inst/s_sc_xpm_cdc_async_rst_inst/arststages_ff_reg[2]/CLR
  -------------------------------------------------------------------    -------------------

                         (clock clk_fpga_0 rise edge)
                                                      0.000     0.000 r  
    PS7_X0Y0             PS7                          0.000     0.000 r  tme_bd_i/processing_system7_0/inst/PS7_i/FCLKCLK[0]
                         net (fo=1, routed)           1.088     1.088    tme_bd_i/processing_system7_0/inst/FCLK_CLK_unbuffered[0]
    BUFGCTRL_X0Y16       BUFG (Prop_bufg_I_O)         0.091     1.179 r  tme_bd_i/processing_system7_0/inst/buffer_fclk_clk_0.FCLK_CLK_0_BUFG/O
                         net (fo=19675, routed)       1.514     2.693    tme_bd_i/smartconnect_lite/inst/switchboards/i_nodes/i_b_node/inst/s_sc_xpm_cdc_async_rst_inst/dest_clk
    SLICE_X28Y79         FDCE                                         r  tme_bd_i/smartconnect_lite/inst/switchboards/i_nodes/i_b_node/inst/s_sc_xpm_cdc_async_rst_inst/arststages_ff_reg[2]/C

Slack:                    inf
  Source:                 tme_bd_i/smartconnect_lite/inst/clk_map/psr_aclk/U0/ACTIVE_LOW_BSR_OUT_DFF[0].FDRE_BSR_N/C
                            (rising edge-triggered cell FDRE clocked by clk_fpga_0  {rise@0.000ns fall@4.000ns period=8.000ns})
  Destination:            tme_bd_i/smartconnect_lite/inst/switchboards/i_nodes/i_ar_node/inst/s_sc_xpm_cdc_async_rst_inst/arststages_ff_reg[0]/CLR
                            (recovery check against rising-edge clock clk_fpga_0  {rise@0.000ns fall@4.000ns period=8.000ns})
  Path Group:             (none)
  Path Type:              Recovery (Max at Slow Process Corner)
  Data Path Delay:        4.179ns  (logic 0.580ns (13.879%)  route 3.599ns (86.121%))
  Logic Levels:           1  (LUT1=1)
  Clock Path Skew:        -0.246ns (DCD - SCD + CPR)
    Destination Clock Delay (DCD):    2.686ns
    Source Clock Delay      (SCD):    2.932ns
    Clock Pessimism Removal (CPR):    0.000ns
  Clock Uncertainty:      0.125ns  ((TSJ^2 + TIJ^2)^1/2 + DJ) / 2 + PE
    Total System Jitter     (TSJ):    0.071ns
    Total Input Jitter      (TIJ):    0.240ns
    Discrete Jitter          (DJ):    0.000ns
    Phase Error              (PE):    0.000ns
  Timing Exception:       False Path

    Location             Delay type                Incr(ns)  Path(ns)    Netlist Resource(s)
  -------------------------------------------------------------------    -------------------
                         (clock clk_fpga_0 rise edge)
                                                      0.000     0.000 r  
    PS7_X0Y0             PS7                          0.000     0.000 r  tme_bd_i/processing_system7_0/inst/PS7_i/FCLKCLK[0]
                         net (fo=1, routed)           1.193     1.193    tme_bd_i/processing_system7_0/inst/FCLK_CLK_unbuffered[0]
    BUFGCTRL_X0Y16       BUFG (Prop_bufg_I_O)         0.101     1.294 r  tme_bd_i/processing_system7_0/inst/buffer_fclk_clk_0.FCLK_CLK_0_BUFG/O
                         net (fo=19675, routed)       1.638     2.932    tme_bd_i/smartconnect_lite/inst/clk_map/psr_aclk/U0/aclk
    SLICE_X37Y78         FDRE                                         r  tme_bd_i/smartconnect_lite/inst/clk_map/psr_aclk/U0/ACTIVE_LOW_BSR_OUT_DFF[0].FDRE_BSR_N/C
  -------------------------------------------------------------------    -------------------
    SLICE_X37Y78         FDRE (Prop_fdre_C_Q)         0.456     3.388 r  tme_bd_i/smartconnect_lite/inst/clk_map/psr_aclk/U0/ACTIVE_LOW_BSR_OUT_DFF[0].FDRE_BSR_N/Q
                         net (fo=31, routed)          3.005     6.393    tme_bd_i/smartconnect_lite/inst/switchboards/i_nodes/i_ar_node/inst/s_sc_xpm_cdc_async_rst_inst/src_arst
    SLICE_X28Y79         LUT1 (Prop_lut1_I0_O)        0.124     6.517 f  tme_bd_i/smartconnect_lite/inst/switchboards/i_nodes/i_ar_node/inst/s_sc_xpm_cdc_async_rst_inst/arststages_ff[2]_i_1/O
                         net (fo=3, routed)           0.594     7.111    tme_bd_i/smartconnect_lite/inst/switchboards/i_nodes/i_ar_node/inst/s_sc_xpm_cdc_async_rst_inst/reset_pol
    SLICE_X27Y72         FDCE                                         f  tme_bd_i/smartconnect_lite/inst/switchboards/i_nodes/i_ar_node/inst/s_sc_xpm_cdc_async_rst_inst/arststages_ff_reg[0]/CLR
  -------------------------------------------------------------------    -------------------

                         (clock clk_fpga_0 rise edge)
                                                      0.000     0.000 r  
    PS7_X0Y0             PS7                          0.000     0.000 r  tme_bd_i/processing_system7_0/inst/PS7_i/FCLKCLK[0]
                         net (fo=1, routed)           1.088     1.088    tme_bd_i/processing_system7_0/inst/FCLK_CLK_unbuffered[0]
    BUFGCTRL_X0Y16       BUFG (Prop_bufg_I_O)         0.091     1.179 r  tme_bd_i/processing_system7_0/inst/buffer_fclk_clk_0.FCLK_CLK_0_BUFG/O
                         net (fo=19675, routed)       1.507     2.686    tme_bd_i/smartconnect_lite/inst/switchboards/i_nodes/i_ar_node/inst/s_sc_xpm_cdc_async_rst_inst/dest_clk
    SLICE_X27Y72         FDCE                                         r  tme_bd_i/smartconnect_lite/inst/switchboards/i_nodes/i_ar_node/inst/s_sc_xpm_cdc_async_rst_inst/arststages_ff_reg[0]/C

Slack:                    inf
  Source:                 tme_bd_i/smartconnect_lite/inst/clk_map/psr_aclk/U0/ACTIVE_LOW_BSR_OUT_DFF[0].FDRE_BSR_N/C
                            (rising edge-triggered cell FDRE clocked by clk_fpga_0  {rise@0.000ns fall@4.000ns period=8.000ns})
  Destination:            tme_bd_i/smartconnect_lite/inst/switchboards/i_nodes/i_ar_node/inst/s_sc_xpm_cdc_async_rst_inst/arststages_ff_reg[1]/CLR
                            (recovery check against rising-edge clock clk_fpga_0  {rise@0.000ns fall@4.000ns period=8.000ns})
  Path Group:             (none)
  Path Type:              Recovery (Max at Slow Process Corner)
  Data Path Delay:        4.179ns  (logic 0.580ns (13.879%)  route 3.599ns (86.121%))
  Logic Levels:           1  (LUT1=1)
  Clock Path Skew:        -0.246ns (DCD - SCD + CPR)
    Destination Clock Delay (DCD):    2.686ns
    Source Clock Delay      (SCD):    2.932ns
    Clock Pessimism Removal (CPR):    0.000ns
  Clock Uncertainty:      0.125ns  ((TSJ^2 + TIJ^2)^1/2 + DJ) / 2 + PE
    Total System Jitter     (TSJ):    0.071ns
    Total Input Jitter      (TIJ):    0.240ns
    Discrete Jitter          (DJ):    0.000ns
    Phase Error              (PE):    0.000ns
  Timing Exception:       False Path

    Location             Delay type                Incr(ns)  Path(ns)    Netlist Resource(s)
  -------------------------------------------------------------------    -------------------
                         (clock clk_fpga_0 rise edge)
                                                      0.000     0.000 r  
    PS7_X0Y0             PS7                          0.000     0.000 r  tme_bd_i/processing_system7_0/inst/PS7_i/FCLKCLK[0]
                         net (fo=1, routed)           1.193     1.193    tme_bd_i/processing_system7_0/inst/FCLK_CLK_unbuffered[0]
    BUFGCTRL_X0Y16       BUFG (Prop_bufg_I_O)         0.101     1.294 r  tme_bd_i/processing_system7_0/inst/buffer_fclk_clk_0.FCLK_CLK_0_BUFG/O
                         net (fo=19675, routed)       1.638     2.932    tme_bd_i/smartconnect_lite/inst/clk_map/psr_aclk/U0/aclk
    SLICE_X37Y78         FDRE                                         r  tme_bd_i/smartconnect_lite/inst/clk_map/psr_aclk/U0/ACTIVE_LOW_BSR_OUT_DFF[0].FDRE_BSR_N/C
  -------------------------------------------------------------------    -------------------
    SLICE_X37Y78         FDRE (Prop_fdre_C_Q)         0.456     3.388 r  tme_bd_i/smartconnect_lite/inst/clk_map/psr_aclk/U0/ACTIVE_LOW_BSR_OUT_DFF[0].FDRE_BSR_N/Q
                         net (fo=31, routed)          3.005     6.393    tme_bd_i/smartconnect_lite/inst/switchboards/i_nodes/i_ar_node/inst/s_sc_xpm_cdc_async_rst_inst/src_arst
    SLICE_X28Y79         LUT1 (Prop_lut1_I0_O)        0.124     6.517 f  tme_bd_i/smartconnect_lite/inst/switchboards/i_nodes/i_ar_node/inst/s_sc_xpm_cdc_async_rst_inst/arststages_ff[2]_i_1/O
                         net (fo=3, routed)           0.594     7.111    tme_bd_i/smartconnect_lite/inst/switchboards/i_nodes/i_ar_node/inst/s_sc_xpm_cdc_async_rst_inst/reset_pol
    SLICE_X27Y72         FDCE                                         f  tme_bd_i/smartconnect_lite/inst/switchboards/i_nodes/i_ar_node/inst/s_sc_xpm_cdc_async_rst_inst/arststages_ff_reg[1]/CLR
  -------------------------------------------------------------------    -------------------

                         (clock clk_fpga_0 rise edge)
                                                      0.000     0.000 r  
    PS7_X0Y0             PS7                          0.000     0.000 r  tme_bd_i/processing_system7_0/inst/PS7_i/FCLKCLK[0]
                         net (fo=1, routed)           1.088     1.088    tme_bd_i/processing_system7_0/inst/FCLK_CLK_unbuffered[0]
    BUFGCTRL_X0Y16       BUFG (Prop_bufg_I_O)         0.091     1.179 r  tme_bd_i/processing_system7_0/inst/buffer_fclk_clk_0.FCLK_CLK_0_BUFG/O
                         net (fo=19675, routed)       1.507     2.686    tme_bd_i/smartconnect_lite/inst/switchboards/i_nodes/i_ar_node/inst/s_sc_xpm_cdc_async_rst_inst/dest_clk
    SLICE_X27Y72         FDCE                                         r  tme_bd_i/smartconnect_lite/inst/switchboards/i_nodes/i_ar_node/inst/s_sc_xpm_cdc_async_rst_inst/arststages_ff_reg[1]/C

Slack:                    inf
  Source:                 tme_bd_i/smartconnect_lite/inst/clk_map/psr_aclk/U0/ACTIVE_LOW_BSR_OUT_DFF[0].FDRE_BSR_N/C
                            (rising edge-triggered cell FDRE clocked by clk_fpga_0  {rise@0.000ns fall@4.000ns period=8.000ns})
  Destination:            tme_bd_i/smartconnect_lite/inst/switchboards/i_nodes/i_ar_node/inst/s_sc_xpm_cdc_async_rst_inst/arststages_ff_reg[2]/CLR
                            (recovery check against rising-edge clock clk_fpga_0  {rise@0.000ns fall@4.000ns period=8.000ns})
  Path Group:             (none)
  Path Type:              Recovery (Max at Slow Process Corner)
  Data Path Delay:        4.179ns  (logic 0.580ns (13.879%)  route 3.599ns (86.121%))
  Logic Levels:           1  (LUT1=1)
  Clock Path Skew:        -0.246ns (DCD - SCD + CPR)
    Destination Clock Delay (DCD):    2.686ns
    Source Clock Delay      (SCD):    2.932ns
    Clock Pessimism Removal (CPR):    0.000ns
  Clock Uncertainty:      0.125ns  ((TSJ^2 + TIJ^2)^1/2 + DJ) / 2 + PE
    Total System Jitter     (TSJ):    0.071ns
    Total Input Jitter      (TIJ):    0.240ns
    Discrete Jitter          (DJ):    0.000ns
    Phase Error              (PE):    0.000ns
  Timing Exception:       False Path

    Location             Delay type                Incr(ns)  Path(ns)    Netlist Resource(s)
  -------------------------------------------------------------------    -------------------
                         (clock clk_fpga_0 rise edge)
                                                      0.000     0.000 r  
    PS7_X0Y0             PS7                          0.000     0.000 r  tme_bd_i/processing_system7_0/inst/PS7_i/FCLKCLK[0]
                         net (fo=1, routed)           1.193     1.193    tme_bd_i/processing_system7_0/inst/FCLK_CLK_unbuffered[0]
    BUFGCTRL_X0Y16       BUFG (Prop_bufg_I_O)         0.101     1.294 r  tme_bd_i/processing_system7_0/inst/buffer_fclk_clk_0.FCLK_CLK_0_BUFG/O
                         net (fo=19675, routed)       1.638     2.932    tme_bd_i/smartconnect_lite/inst/clk_map/psr_aclk/U0/aclk
    SLICE_X37Y78         FDRE                                         r  tme_bd_i/smartconnect_lite/inst/clk_map/psr_aclk/U0/ACTIVE_LOW_BSR_OUT_DFF[0].FDRE_BSR_N/C
  -------------------------------------------------------------------    -------------------
    SLICE_X37Y78         FDRE (Prop_fdre_C_Q)         0.456     3.388 r  tme_bd_i/smartconnect_lite/inst/clk_map/psr_aclk/U0/ACTIVE_LOW_BSR_OUT_DFF[0].FDRE_BSR_N/Q
                         net (fo=31, routed)          3.005     6.393    tme_bd_i/smartconnect_lite/inst/switchboards/i_nodes/i_ar_node/inst/s_sc_xpm_cdc_async_rst_inst/src_arst
    SLICE_X28Y79         LUT1 (Prop_lut1_I0_O)        0.124     6.517 f  tme_bd_i/smartconnect_lite/inst/switchboards/i_nodes/i_ar_node/inst/s_sc_xpm_cdc_async_rst_inst/arststages_ff[2]_i_1/O
                         net (fo=3, routed)           0.594     7.111    tme_bd_i/smartconnect_lite/inst/switchboards/i_nodes/i_ar_node/inst/s_sc_xpm_cdc_async_rst_inst/reset_pol
    SLICE_X27Y72         FDCE                                         f  tme_bd_i/smartconnect_lite/inst/switchboards/i_nodes/i_ar_node/inst/s_sc_xpm_cdc_async_rst_inst/arststages_ff_reg[2]/CLR
  -------------------------------------------------------------------    -------------------

                         (clock clk_fpga_0 rise edge)
                                                      0.000     0.000 r  
    PS7_X0Y0             PS7                          0.000     0.000 r  tme_bd_i/processing_system7_0/inst/PS7_i/FCLKCLK[0]
                         net (fo=1, routed)           1.088     1.088    tme_bd_i/processing_system7_0/inst/FCLK_CLK_unbuffered[0]
    BUFGCTRL_X0Y16       BUFG (Prop_bufg_I_O)         0.091     1.179 r  tme_bd_i/processing_system7_0/inst/buffer_fclk_clk_0.FCLK_CLK_0_BUFG/O
                         net (fo=19675, routed)       1.507     2.686    tme_bd_i/smartconnect_lite/inst/switchboards/i_nodes/i_ar_node/inst/s_sc_xpm_cdc_async_rst_inst/dest_clk
    SLICE_X27Y72         FDCE                                         r  tme_bd_i/smartconnect_lite/inst/switchboards/i_nodes/i_ar_node/inst/s_sc_xpm_cdc_async_rst_inst/arststages_ff_reg[2]/C

Slack:                    inf
  Source:                 tme_bd_i/smartconnect_lite/inst/clk_map/psr_aclk/U0/ACTIVE_LOW_BSR_OUT_DFF[0].FDRE_BSR_N/C
                            (rising edge-triggered cell FDRE clocked by clk_fpga_0  {rise@0.000ns fall@4.000ns period=8.000ns})
  Destination:            tme_bd_i/smartconnect_lite/inst/s00_nodes/s00_w_node/inst/s_sc_xpm_cdc_async_rst_inst/arststages_ff_reg[0]/CLR
                            (recovery check against rising-edge clock clk_fpga_0  {rise@0.000ns fall@4.000ns period=8.000ns})
  Path Group:             (none)
  Path Type:              Recovery (Max at Slow Process Corner)
  Data Path Delay:        4.109ns  (logic 0.580ns (14.115%)  route 3.529ns (85.885%))
  Logic Levels:           1  (LUT1=1)
  Clock Path Skew:        -0.239ns (DCD - SCD + CPR)
    Destination Clock Delay (DCD):    2.693ns
    Source Clock Delay      (SCD):    2.932ns
    Clock Pessimism Removal (CPR):    0.000ns
  Clock Uncertainty:      0.125ns  ((TSJ^2 + TIJ^2)^1/2 + DJ) / 2 + PE
    Total System Jitter     (TSJ):    0.071ns
    Total Input Jitter      (TIJ):    0.240ns
    Discrete Jitter          (DJ):    0.000ns
    Phase Error              (PE):    0.000ns
  Timing Exception:       False Path

    Location             Delay type                Incr(ns)  Path(ns)    Netlist Resource(s)
  -------------------------------------------------------------------    -------------------
                         (clock clk_fpga_0 rise edge)
                                                      0.000     0.000 r  
    PS7_X0Y0             PS7                          0.000     0.000 r  tme_bd_i/processing_system7_0/inst/PS7_i/FCLKCLK[0]
                         net (fo=1, routed)           1.193     1.193    tme_bd_i/processing_system7_0/inst/FCLK_CLK_unbuffered[0]
    BUFGCTRL_X0Y16       BUFG (Prop_bufg_I_O)         0.101     1.294 r  tme_bd_i/processing_system7_0/inst/buffer_fclk_clk_0.FCLK_CLK_0_BUFG/O
                         net (fo=19675, routed)       1.638     2.932    tme_bd_i/smartconnect_lite/inst/clk_map/psr_aclk/U0/aclk
    SLICE_X37Y78         FDRE                                         r  tme_bd_i/smartconnect_lite/inst/clk_map/psr_aclk/U0/ACTIVE_LOW_BSR_OUT_DFF[0].FDRE_BSR_N/C
  -------------------------------------------------------------------    -------------------
    SLICE_X37Y78         FDRE (Prop_fdre_C_Q)         0.456     3.388 r  tme_bd_i/smartconnect_lite/inst/clk_map/psr_aclk/U0/ACTIVE_LOW_BSR_OUT_DFF[0].FDRE_BSR_N/Q
                         net (fo=31, routed)          2.856     6.244    tme_bd_i/smartconnect_lite/inst/s00_nodes/s00_w_node/inst/s_sc_xpm_cdc_async_rst_inst/src_arst
    SLICE_X27Y79         LUT1 (Prop_lut1_I0_O)        0.124     6.368 f  tme_bd_i/smartconnect_lite/inst/s00_nodes/s00_w_node/inst/s_sc_xpm_cdc_async_rst_inst/arststages_ff[2]_i_1/O
                         net (fo=3, routed)           0.673     7.041    tme_bd_i/smartconnect_lite/inst/s00_nodes/s00_w_node/inst/s_sc_xpm_cdc_async_rst_inst/reset_pol
    SLICE_X28Y80         FDCE                                         f  tme_bd_i/smartconnect_lite/inst/s00_nodes/s00_w_node/inst/s_sc_xpm_cdc_async_rst_inst/arststages_ff_reg[0]/CLR
  -------------------------------------------------------------------    -------------------

                         (clock clk_fpga_0 rise edge)
                                                      0.000     0.000 r  
    PS7_X0Y0             PS7                          0.000     0.000 r  tme_bd_i/processing_system7_0/inst/PS7_i/FCLKCLK[0]
                         net (fo=1, routed)           1.088     1.088    tme_bd_i/processing_system7_0/inst/FCLK_CLK_unbuffered[0]
    BUFGCTRL_X0Y16       BUFG (Prop_bufg_I_O)         0.091     1.179 r  tme_bd_i/processing_system7_0/inst/buffer_fclk_clk_0.FCLK_CLK_0_BUFG/O
                         net (fo=19675, routed)       1.514     2.693    tme_bd_i/smartconnect_lite/inst/s00_nodes/s00_w_node/inst/s_sc_xpm_cdc_async_rst_inst/dest_clk
    SLICE_X28Y80         FDCE                                         r  tme_bd_i/smartconnect_lite/inst/s00_nodes/s00_w_node/inst/s_sc_xpm_cdc_async_rst_inst/arststages_ff_reg[0]/C

Slack:                    inf
  Source:                 tme_bd_i/smartconnect_lite/inst/clk_map/psr_aclk/U0/ACTIVE_LOW_BSR_OUT_DFF[0].FDRE_BSR_N/C
                            (rising edge-triggered cell FDRE clocked by clk_fpga_0  {rise@0.000ns fall@4.000ns period=8.000ns})
  Destination:            tme_bd_i/smartconnect_lite/inst/s00_nodes/s00_w_node/inst/s_sc_xpm_cdc_async_rst_inst/arststages_ff_reg[1]/CLR
                            (recovery check against rising-edge clock clk_fpga_0  {rise@0.000ns fall@4.000ns period=8.000ns})
  Path Group:             (none)
  Path Type:              Recovery (Max at Slow Process Corner)
  Data Path Delay:        4.109ns  (logic 0.580ns (14.115%)  route 3.529ns (85.885%))
  Logic Levels:           1  (LUT1=1)
  Clock Path Skew:        -0.239ns (DCD - SCD + CPR)
    Destination Clock Delay (DCD):    2.693ns
    Source Clock Delay      (SCD):    2.932ns
    Clock Pessimism Removal (CPR):    0.000ns
  Clock Uncertainty:      0.125ns  ((TSJ^2 + TIJ^2)^1/2 + DJ) / 2 + PE
    Total System Jitter     (TSJ):    0.071ns
    Total Input Jitter      (TIJ):    0.240ns
    Discrete Jitter          (DJ):    0.000ns
    Phase Error              (PE):    0.000ns
  Timing Exception:       False Path

    Location             Delay type                Incr(ns)  Path(ns)    Netlist Resource(s)
  -------------------------------------------------------------------    -------------------
                         (clock clk_fpga_0 rise edge)
                                                      0.000     0.000 r  
    PS7_X0Y0             PS7                          0.000     0.000 r  tme_bd_i/processing_system7_0/inst/PS7_i/FCLKCLK[0]
                         net (fo=1, routed)           1.193     1.193    tme_bd_i/processing_system7_0/inst/FCLK_CLK_unbuffered[0]
    BUFGCTRL_X0Y16       BUFG (Prop_bufg_I_O)         0.101     1.294 r  tme_bd_i/processing_system7_0/inst/buffer_fclk_clk_0.FCLK_CLK_0_BUFG/O
                         net (fo=19675, routed)       1.638     2.932    tme_bd_i/smartconnect_lite/inst/clk_map/psr_aclk/U0/aclk
    SLICE_X37Y78         FDRE                                         r  tme_bd_i/smartconnect_lite/inst/clk_map/psr_aclk/U0/ACTIVE_LOW_BSR_OUT_DFF[0].FDRE_BSR_N/C
  -------------------------------------------------------------------    -------------------
    SLICE_X37Y78         FDRE (Prop_fdre_C_Q)         0.456     3.388 r  tme_bd_i/smartconnect_lite/inst/clk_map/psr_aclk/U0/ACTIVE_LOW_BSR_OUT_DFF[0].FDRE_BSR_N/Q
                         net (fo=31, routed)          2.856     6.244    tme_bd_i/smartconnect_lite/inst/s00_nodes/s00_w_node/inst/s_sc_xpm_cdc_async_rst_inst/src_arst
    SLICE_X27Y79         LUT1 (Prop_lut1_I0_O)        0.124     6.368 f  tme_bd_i/smartconnect_lite/inst/s00_nodes/s00_w_node/inst/s_sc_xpm_cdc_async_rst_inst/arststages_ff[2]_i_1/O
                         net (fo=3, routed)           0.673     7.041    tme_bd_i/smartconnect_lite/inst/s00_nodes/s00_w_node/inst/s_sc_xpm_cdc_async_rst_inst/reset_pol
    SLICE_X28Y80         FDCE                                         f  tme_bd_i/smartconnect_lite/inst/s00_nodes/s00_w_node/inst/s_sc_xpm_cdc_async_rst_inst/arststages_ff_reg[1]/CLR
  -------------------------------------------------------------------    -------------------

                         (clock clk_fpga_0 rise edge)
                                                      0.000     0.000 r  
    PS7_X0Y0             PS7                          0.000     0.000 r  tme_bd_i/processing_system7_0/inst/PS7_i/FCLKCLK[0]
                         net (fo=1, routed)           1.088     1.088    tme_bd_i/processing_system7_0/inst/FCLK_CLK_unbuffered[0]
    BUFGCTRL_X0Y16       BUFG (Prop_bufg_I_O)         0.091     1.179 r  tme_bd_i/processing_system7_0/inst/buffer_fclk_clk_0.FCLK_CLK_0_BUFG/O
                         net (fo=19675, routed)       1.514     2.693    tme_bd_i/smartconnect_lite/inst/s00_nodes/s00_w_node/inst/s_sc_xpm_cdc_async_rst_inst/dest_clk
    SLICE_X28Y80         FDCE                                         r  tme_bd_i/smartconnect_lite/inst/s00_nodes/s00_w_node/inst/s_sc_xpm_cdc_async_rst_inst/arststages_ff_reg[1]/C

Slack:                    inf
  Source:                 tme_bd_i/smartconnect_lite/inst/clk_map/psr_aclk/U0/ACTIVE_LOW_BSR_OUT_DFF[0].FDRE_BSR_N/C
                            (rising edge-triggered cell FDRE clocked by clk_fpga_0  {rise@0.000ns fall@4.000ns period=8.000ns})
  Destination:            tme_bd_i/smartconnect_lite/inst/s00_nodes/s00_w_node/inst/s_sc_xpm_cdc_async_rst_inst/arststages_ff_reg[2]/CLR
                            (recovery check against rising-edge clock clk_fpga_0  {rise@0.000ns fall@4.000ns period=8.000ns})
  Path Group:             (none)
  Path Type:              Recovery (Max at Slow Process Corner)
  Data Path Delay:        4.109ns  (logic 0.580ns (14.115%)  route 3.529ns (85.885%))
  Logic Levels:           1  (LUT1=1)
  Clock Path Skew:        -0.239ns (DCD - SCD + CPR)
    Destination Clock Delay (DCD):    2.693ns
    Source Clock Delay      (SCD):    2.932ns
    Clock Pessimism Removal (CPR):    0.000ns
  Clock Uncertainty:      0.125ns  ((TSJ^2 + TIJ^2)^1/2 + DJ) / 2 + PE
    Total System Jitter     (TSJ):    0.071ns
    Total Input Jitter      (TIJ):    0.240ns
    Discrete Jitter          (DJ):    0.000ns
    Phase Error              (PE):    0.000ns
  Timing Exception:       False Path

    Location             Delay type                Incr(ns)  Path(ns)    Netlist Resource(s)
  -------------------------------------------------------------------    -------------------
                         (clock clk_fpga_0 rise edge)
                                                      0.000     0.000 r  
    PS7_X0Y0             PS7                          0.000     0.000 r  tme_bd_i/processing_system7_0/inst/PS7_i/FCLKCLK[0]
                         net (fo=1, routed)           1.193     1.193    tme_bd_i/processing_system7_0/inst/FCLK_CLK_unbuffered[0]
    BUFGCTRL_X0Y16       BUFG (Prop_bufg_I_O)         0.101     1.294 r  tme_bd_i/processing_system7_0/inst/buffer_fclk_clk_0.FCLK_CLK_0_BUFG/O
                         net (fo=19675, routed)       1.638     2.932    tme_bd_i/smartconnect_lite/inst/clk_map/psr_aclk/U0/aclk
    SLICE_X37Y78         FDRE                                         r  tme_bd_i/smartconnect_lite/inst/clk_map/psr_aclk/U0/ACTIVE_LOW_BSR_OUT_DFF[0].FDRE_BSR_N/C
  -------------------------------------------------------------------    -------------------
    SLICE_X37Y78         FDRE (Prop_fdre_C_Q)         0.456     3.388 r  tme_bd_i/smartconnect_lite/inst/clk_map/psr_aclk/U0/ACTIVE_LOW_BSR_OUT_DFF[0].FDRE_BSR_N/Q
                         net (fo=31, routed)          2.856     6.244    tme_bd_i/smartconnect_lite/inst/s00_nodes/s00_w_node/inst/s_sc_xpm_cdc_async_rst_inst/src_arst
    SLICE_X27Y79         LUT1 (Prop_lut1_I0_O)        0.124     6.368 f  tme_bd_i/smartconnect_lite/inst/s00_nodes/s00_w_node/inst/s_sc_xpm_cdc_async_rst_inst/arststages_ff[2]_i_1/O
                         net (fo=3, routed)           0.673     7.041    tme_bd_i/smartconnect_lite/inst/s00_nodes/s00_w_node/inst/s_sc_xpm_cdc_async_rst_inst/reset_pol
    SLICE_X28Y80         FDCE                                         f  tme_bd_i/smartconnect_lite/inst/s00_nodes/s00_w_node/inst/s_sc_xpm_cdc_async_rst_inst/arststages_ff_reg[2]/CLR
  -------------------------------------------------------------------    -------------------

                         (clock clk_fpga_0 rise edge)
                                                      0.000     0.000 r  
    PS7_X0Y0             PS7                          0.000     0.000 r  tme_bd_i/processing_system7_0/inst/PS7_i/FCLKCLK[0]
                         net (fo=1, routed)           1.088     1.088    tme_bd_i/processing_system7_0/inst/FCLK_CLK_unbuffered[0]
    BUFGCTRL_X0Y16       BUFG (Prop_bufg_I_O)         0.091     1.179 r  tme_bd_i/processing_system7_0/inst/buffer_fclk_clk_0.FCLK_CLK_0_BUFG/O
                         net (fo=19675, routed)       1.514     2.693    tme_bd_i/smartconnect_lite/inst/s00_nodes/s00_w_node/inst/s_sc_xpm_cdc_async_rst_inst/dest_clk
    SLICE_X28Y80         FDCE                                         r  tme_bd_i/smartconnect_lite/inst/s00_nodes/s00_w_node/inst/s_sc_xpm_cdc_async_rst_inst/arststages_ff_reg[2]/C





Min Delay Paths
--------------------------------------------------------------------------------------
Slack:                    inf
  Source:                 tme_bd_i/smartconnect_lite/inst/clk_map/psr_aclk/U0/ACTIVE_LOW_BSR_OUT_DFF[0].FDRE_BSR_N/C
                            (rising edge-triggered cell FDRE clocked by clk_fpga_0  {rise@0.000ns fall@4.000ns period=8.000ns})
  Destination:            tme_bd_i/smartconnect_lite/inst/s00_nodes/s00_aw_node/inst/s_sc_xpm_cdc_async_rst_inst/arststages_ff_reg[0]/CLR
                            (removal check against rising-edge clock clk_fpga_0  {rise@0.000ns fall@4.000ns period=8.000ns})
  Path Group:             (none)
  Path Type:              Removal (Min at Fast Process Corner)
  Data Path Delay:        0.737ns  (logic 0.185ns (25.106%)  route 0.552ns (74.894%))
  Logic Levels:           1  (LUT1=1)
  Clock Path Skew:        0.297ns (DCD - SCD - CPR)
    Destination Clock Delay (DCD):    1.179ns
    Source Clock Delay      (SCD):    0.882ns
    Clock Pessimism Removal (CPR):    -0.000ns
  Clock Uncertainty:      0.125ns  ((TSJ^2 + TIJ^2)^1/2 + DJ) / 2 + PE
    Total System Jitter     (TSJ):    0.071ns
    Total Input Jitter      (TIJ):    0.240ns
    Discrete Jitter          (DJ):    0.000ns
    Phase Error              (PE):    0.000ns
  Timing Exception:       False Path

    Location             Delay type                Incr(ns)  Path(ns)    Netlist Resource(s)
  -------------------------------------------------------------------    -------------------
                         (clock clk_fpga_0 rise edge)
                                                      0.000     0.000 r  
    PS7_X0Y0             PS7                          0.000     0.000 r  tme_bd_i/processing_system7_0/inst/PS7_i/FCLKCLK[0]
                         net (fo=1, routed)           0.310     0.310    tme_bd_i/processing_system7_0/inst/FCLK_CLK_unbuffered[0]
    BUFGCTRL_X0Y16       BUFG (Prop_bufg_I_O)         0.026     0.336 r  tme_bd_i/processing_system7_0/inst/buffer_fclk_clk_0.FCLK_CLK_0_BUFG/O
                         net (fo=19675, routed)       0.546     0.882    tme_bd_i/smartconnect_lite/inst/clk_map/psr_aclk/U0/aclk
    SLICE_X37Y78         FDRE                                         r  tme_bd_i/smartconnect_lite/inst/clk_map/psr_aclk/U0/ACTIVE_LOW_BSR_OUT_DFF[0].FDRE_BSR_N/C
  -------------------------------------------------------------------    -------------------
    SLICE_X37Y78         FDRE (Prop_fdre_C_Q)         0.141     1.023 r  tme_bd_i/smartconnect_lite/inst/clk_map/psr_aclk/U0/ACTIVE_LOW_BSR_OUT_DFF[0].FDRE_BSR_N/Q
                         net (fo=31, routed)          0.295     1.318    tme_bd_i/smartconnect_lite/inst/s00_nodes/s00_aw_node/inst/s_sc_xpm_cdc_async_rst_inst/src_arst
    SLICE_X38Y79         LUT1 (Prop_lut1_I0_O)        0.044     1.362 f  tme_bd_i/smartconnect_lite/inst/s00_nodes/s00_aw_node/inst/s_sc_xpm_cdc_async_rst_inst/arststages_ff[2]_i_1/O
                         net (fo=3, routed)           0.257     1.618    tme_bd_i/smartconnect_lite/inst/s00_nodes/s00_aw_node/inst/s_sc_xpm_cdc_async_rst_inst/reset_pol
    SLICE_X38Y79         FDCE                                         f  tme_bd_i/smartconnect_lite/inst/s00_nodes/s00_aw_node/inst/s_sc_xpm_cdc_async_rst_inst/arststages_ff_reg[0]/CLR
  -------------------------------------------------------------------    -------------------

                         (clock clk_fpga_0 rise edge)
                                                      0.000     0.000 r  
    PS7_X0Y0             PS7                          0.000     0.000 r  tme_bd_i/processing_system7_0/inst/PS7_i/FCLKCLK[0]
                         net (fo=1, routed)           0.337     0.337    tme_bd_i/processing_system7_0/inst/FCLK_CLK_unbuffered[0]
    BUFGCTRL_X0Y16       BUFG (Prop_bufg_I_O)         0.029     0.366 r  tme_bd_i/processing_system7_0/inst/buffer_fclk_clk_0.FCLK_CLK_0_BUFG/O
                         net (fo=19675, routed)       0.813     1.179    tme_bd_i/smartconnect_lite/inst/s00_nodes/s00_aw_node/inst/s_sc_xpm_cdc_async_rst_inst/dest_clk
    SLICE_X38Y79         FDCE                                         r  tme_bd_i/smartconnect_lite/inst/s00_nodes/s00_aw_node/inst/s_sc_xpm_cdc_async_rst_inst/arststages_ff_reg[0]/C

Slack:                    inf
  Source:                 tme_bd_i/smartconnect_lite/inst/clk_map/psr_aclk/U0/ACTIVE_LOW_BSR_OUT_DFF[0].FDRE_BSR_N/C
                            (rising edge-triggered cell FDRE clocked by clk_fpga_0  {rise@0.000ns fall@4.000ns period=8.000ns})
  Destination:            tme_bd_i/smartconnect_lite/inst/s00_nodes/s00_aw_node/inst/s_sc_xpm_cdc_async_rst_inst/arststages_ff_reg[1]/CLR
                            (removal check against rising-edge clock clk_fpga_0  {rise@0.000ns fall@4.000ns period=8.000ns})
  Path Group:             (none)
  Path Type:              Removal (Min at Fast Process Corner)
  Data Path Delay:        0.737ns  (logic 0.185ns (25.106%)  route 0.552ns (74.894%))
  Logic Levels:           1  (LUT1=1)
  Clock Path Skew:        0.297ns (DCD - SCD - CPR)
    Destination Clock Delay (DCD):    1.179ns
    Source Clock Delay      (SCD):    0.882ns
    Clock Pessimism Removal (CPR):    -0.000ns
  Clock Uncertainty:      0.125ns  ((TSJ^2 + TIJ^2)^1/2 + DJ) / 2 + PE
    Total System Jitter     (TSJ):    0.071ns
    Total Input Jitter      (TIJ):    0.240ns
    Discrete Jitter          (DJ):    0.000ns
    Phase Error              (PE):    0.000ns
  Timing Exception:       False Path

    Location             Delay type                Incr(ns)  Path(ns)    Netlist Resource(s)
  -------------------------------------------------------------------    -------------------
                         (clock clk_fpga_0 rise edge)
                                                      0.000     0.000 r  
    PS7_X0Y0             PS7                          0.000     0.000 r  tme_bd_i/processing_system7_0/inst/PS7_i/FCLKCLK[0]
                         net (fo=1, routed)           0.310     0.310    tme_bd_i/processing_system7_0/inst/FCLK_CLK_unbuffered[0]
    BUFGCTRL_X0Y16       BUFG (Prop_bufg_I_O)         0.026     0.336 r  tme_bd_i/processing_system7_0/inst/buffer_fclk_clk_0.FCLK_CLK_0_BUFG/O
                         net (fo=19675, routed)       0.546     0.882    tme_bd_i/smartconnect_lite/inst/clk_map/psr_aclk/U0/aclk
    SLICE_X37Y78         FDRE                                         r  tme_bd_i/smartconnect_lite/inst/clk_map/psr_aclk/U0/ACTIVE_LOW_BSR_OUT_DFF[0].FDRE_BSR_N/C
  -------------------------------------------------------------------    -------------------
    SLICE_X37Y78         FDRE (Prop_fdre_C_Q)         0.141     1.023 r  tme_bd_i/smartconnect_lite/inst/clk_map/psr_aclk/U0/ACTIVE_LOW_BSR_OUT_DFF[0].FDRE_BSR_N/Q
                         net (fo=31, routed)          0.295     1.318    tme_bd_i/smartconnect_lite/inst/s00_nodes/s00_aw_node/inst/s_sc_xpm_cdc_async_rst_inst/src_arst
    SLICE_X38Y79         LUT1 (Prop_lut1_I0_O)        0.044     1.362 f  tme_bd_i/smartconnect_lite/inst/s00_nodes/s00_aw_node/inst/s_sc_xpm_cdc_async_rst_inst/arststages_ff[2]_i_1/O
                         net (fo=3, routed)           0.257     1.618    tme_bd_i/smartconnect_lite/inst/s00_nodes/s00_aw_node/inst/s_sc_xpm_cdc_async_rst_inst/reset_pol
    SLICE_X38Y79         FDCE                                         f  tme_bd_i/smartconnect_lite/inst/s00_nodes/s00_aw_node/inst/s_sc_xpm_cdc_async_rst_inst/arststages_ff_reg[1]/CLR
  -------------------------------------------------------------------    -------------------

                         (clock clk_fpga_0 rise edge)
                                                      0.000     0.000 r  
    PS7_X0Y0             PS7                          0.000     0.000 r  tme_bd_i/processing_system7_0/inst/PS7_i/FCLKCLK[0]
                         net (fo=1, routed)           0.337     0.337    tme_bd_i/processing_system7_0/inst/FCLK_CLK_unbuffered[0]
    BUFGCTRL_X0Y16       BUFG (Prop_bufg_I_O)         0.029     0.366 r  tme_bd_i/processing_system7_0/inst/buffer_fclk_clk_0.FCLK_CLK_0_BUFG/O
                         net (fo=19675, routed)       0.813     1.179    tme_bd_i/smartconnect_lite/inst/s00_nodes/s00_aw_node/inst/s_sc_xpm_cdc_async_rst_inst/dest_clk
    SLICE_X38Y79         FDCE                                         r  tme_bd_i/smartconnect_lite/inst/s00_nodes/s00_aw_node/inst/s_sc_xpm_cdc_async_rst_inst/arststages_ff_reg[1]/C

Slack:                    inf
  Source:                 tme_bd_i/smartconnect_lite/inst/clk_map/psr_aclk/U0/ACTIVE_LOW_BSR_OUT_DFF[0].FDRE_BSR_N/C
                            (rising edge-triggered cell FDRE clocked by clk_fpga_0  {rise@0.000ns fall@4.000ns period=8.000ns})
  Destination:            tme_bd_i/smartconnect_lite/inst/s00_nodes/s00_aw_node/inst/s_sc_xpm_cdc_async_rst_inst/arststages_ff_reg[2]/CLR
                            (removal check against rising-edge clock clk_fpga_0  {rise@0.000ns fall@4.000ns period=8.000ns})
  Path Group:             (none)
  Path Type:              Removal (Min at Fast Process Corner)
  Data Path Delay:        0.737ns  (logic 0.185ns (25.106%)  route 0.552ns (74.894%))
  Logic Levels:           1  (LUT1=1)
  Clock Path Skew:        0.297ns (DCD - SCD - CPR)
    Destination Clock Delay (DCD):    1.179ns
    Source Clock Delay      (SCD):    0.882ns
    Clock Pessimism Removal (CPR):    -0.000ns
  Clock Uncertainty:      0.125ns  ((TSJ^2 + TIJ^2)^1/2 + DJ) / 2 + PE
    Total System Jitter     (TSJ):    0.071ns
    Total Input Jitter      (TIJ):    0.240ns
    Discrete Jitter          (DJ):    0.000ns
    Phase Error              (PE):    0.000ns
  Timing Exception:       False Path

    Location             Delay type                Incr(ns)  Path(ns)    Netlist Resource(s)
  -------------------------------------------------------------------    -------------------
                         (clock clk_fpga_0 rise edge)
                                                      0.000     0.000 r  
    PS7_X0Y0             PS7                          0.000     0.000 r  tme_bd_i/processing_system7_0/inst/PS7_i/FCLKCLK[0]
                         net (fo=1, routed)           0.310     0.310    tme_bd_i/processing_system7_0/inst/FCLK_CLK_unbuffered[0]
    BUFGCTRL_X0Y16       BUFG (Prop_bufg_I_O)         0.026     0.336 r  tme_bd_i/processing_system7_0/inst/buffer_fclk_clk_0.FCLK_CLK_0_BUFG/O
                         net (fo=19675, routed)       0.546     0.882    tme_bd_i/smartconnect_lite/inst/clk_map/psr_aclk/U0/aclk
    SLICE_X37Y78         FDRE                                         r  tme_bd_i/smartconnect_lite/inst/clk_map/psr_aclk/U0/ACTIVE_LOW_BSR_OUT_DFF[0].FDRE_BSR_N/C
  -------------------------------------------------------------------    -------------------
    SLICE_X37Y78         FDRE (Prop_fdre_C_Q)         0.141     1.023 r  tme_bd_i/smartconnect_lite/inst/clk_map/psr_aclk/U0/ACTIVE_LOW_BSR_OUT_DFF[0].FDRE_BSR_N/Q
                         net (fo=31, routed)          0.295     1.318    tme_bd_i/smartconnect_lite/inst/s00_nodes/s00_aw_node/inst/s_sc_xpm_cdc_async_rst_inst/src_arst
    SLICE_X38Y79         LUT1 (Prop_lut1_I0_O)        0.044     1.362 f  tme_bd_i/smartconnect_lite/inst/s00_nodes/s00_aw_node/inst/s_sc_xpm_cdc_async_rst_inst/arststages_ff[2]_i_1/O
                         net (fo=3, routed)           0.257     1.618    tme_bd_i/smartconnect_lite/inst/s00_nodes/s00_aw_node/inst/s_sc_xpm_cdc_async_rst_inst/reset_pol
    SLICE_X38Y79         FDCE                                         f  tme_bd_i/smartconnect_lite/inst/s00_nodes/s00_aw_node/inst/s_sc_xpm_cdc_async_rst_inst/arststages_ff_reg[2]/CLR
  -------------------------------------------------------------------    -------------------

                         (clock clk_fpga_0 rise edge)
                                                      0.000     0.000 r  
    PS7_X0Y0             PS7                          0.000     0.000 r  tme_bd_i/processing_system7_0/inst/PS7_i/FCLKCLK[0]
                         net (fo=1, routed)           0.337     0.337    tme_bd_i/processing_system7_0/inst/FCLK_CLK_unbuffered[0]
    BUFGCTRL_X0Y16       BUFG (Prop_bufg_I_O)         0.029     0.366 r  tme_bd_i/processing_system7_0/inst/buffer_fclk_clk_0.FCLK_CLK_0_BUFG/O
                         net (fo=19675, routed)       0.813     1.179    tme_bd_i/smartconnect_lite/inst/s00_nodes/s00_aw_node/inst/s_sc_xpm_cdc_async_rst_inst/dest_clk
    SLICE_X38Y79         FDCE                                         r  tme_bd_i/smartconnect_lite/inst/s00_nodes/s00_aw_node/inst/s_sc_xpm_cdc_async_rst_inst/arststages_ff_reg[2]/C

Slack:                    inf
  Source:                 tme_bd_i/smartconnect_lite/inst/clk_map/psr_aclk/U0/ACTIVE_LOW_BSR_OUT_DFF[0].FDRE_BSR_N/C
                            (rising edge-triggered cell FDRE clocked by clk_fpga_0  {rise@0.000ns fall@4.000ns period=8.000ns})
  Destination:            tme_bd_i/smartconnect_lite/inst/s00_entry_pipeline/s00_si_converter/inst/xpm_cdc_async_rst_inst/arststages_ff_reg[0]/CLR
                            (removal check against rising-edge clock clk_fpga_0  {rise@0.000ns fall@4.000ns period=8.000ns})
  Path Group:             (none)
  Path Type:              Removal (Min at Fast Process Corner)
  Data Path Delay:        0.741ns  (logic 0.184ns (24.836%)  route 0.557ns (75.164%))
  Logic Levels:           1  (LUT1=1)
  Clock Path Skew:        0.302ns (DCD - SCD - CPR)
    Destination Clock Delay (DCD):    1.184ns
    Source Clock Delay      (SCD):    0.882ns
    Clock Pessimism Removal (CPR):    -0.000ns
  Clock Uncertainty:      0.125ns  ((TSJ^2 + TIJ^2)^1/2 + DJ) / 2 + PE
    Total System Jitter     (TSJ):    0.071ns
    Total Input Jitter      (TIJ):    0.240ns
    Discrete Jitter          (DJ):    0.000ns
    Phase Error              (PE):    0.000ns
  Timing Exception:       False Path

    Location             Delay type                Incr(ns)  Path(ns)    Netlist Resource(s)
  -------------------------------------------------------------------    -------------------
                         (clock clk_fpga_0 rise edge)
                                                      0.000     0.000 r  
    PS7_X0Y0             PS7                          0.000     0.000 r  tme_bd_i/processing_system7_0/inst/PS7_i/FCLKCLK[0]
                         net (fo=1, routed)           0.310     0.310    tme_bd_i/processing_system7_0/inst/FCLK_CLK_unbuffered[0]
    BUFGCTRL_X0Y16       BUFG (Prop_bufg_I_O)         0.026     0.336 r  tme_bd_i/processing_system7_0/inst/buffer_fclk_clk_0.FCLK_CLK_0_BUFG/O
                         net (fo=19675, routed)       0.546     0.882    tme_bd_i/smartconnect_lite/inst/clk_map/psr_aclk/U0/aclk
    SLICE_X37Y78         FDRE                                         r  tme_bd_i/smartconnect_lite/inst/clk_map/psr_aclk/U0/ACTIVE_LOW_BSR_OUT_DFF[0].FDRE_BSR_N/C
  -------------------------------------------------------------------    -------------------
    SLICE_X37Y78         FDRE (Prop_fdre_C_Q)         0.141     1.023 r  tme_bd_i/smartconnect_lite/inst/clk_map/psr_aclk/U0/ACTIVE_LOW_BSR_OUT_DFF[0].FDRE_BSR_N/Q
                         net (fo=31, routed)          0.380     1.403    tme_bd_i/smartconnect_lite/inst/s00_entry_pipeline/s00_si_converter/inst/xpm_cdc_async_rst_inst/src_arst
    SLICE_X38Y84         LUT1 (Prop_lut1_I0_O)        0.043     1.446 f  tme_bd_i/smartconnect_lite/inst/s00_entry_pipeline/s00_si_converter/inst/xpm_cdc_async_rst_inst/arststages_ff[2]_i_1/O
                         net (fo=3, routed)           0.177     1.622    tme_bd_i/smartconnect_lite/inst/s00_entry_pipeline/s00_si_converter/inst/xpm_cdc_async_rst_inst/reset_pol
    SLICE_X38Y84         FDCE                                         f  tme_bd_i/smartconnect_lite/inst/s00_entry_pipeline/s00_si_converter/inst/xpm_cdc_async_rst_inst/arststages_ff_reg[0]/CLR
  -------------------------------------------------------------------    -------------------

                         (clock clk_fpga_0 rise edge)
                                                      0.000     0.000 r  
    PS7_X0Y0             PS7                          0.000     0.000 r  tme_bd_i/processing_system7_0/inst/PS7_i/FCLKCLK[0]
                         net (fo=1, routed)           0.337     0.337    tme_bd_i/processing_system7_0/inst/FCLK_CLK_unbuffered[0]
    BUFGCTRL_X0Y16       BUFG (Prop_bufg_I_O)         0.029     0.366 r  tme_bd_i/processing_system7_0/inst/buffer_fclk_clk_0.FCLK_CLK_0_BUFG/O
                         net (fo=19675, routed)       0.818     1.184    tme_bd_i/smartconnect_lite/inst/s00_entry_pipeline/s00_si_converter/inst/xpm_cdc_async_rst_inst/dest_clk
    SLICE_X38Y84         FDCE                                         r  tme_bd_i/smartconnect_lite/inst/s00_entry_pipeline/s00_si_converter/inst/xpm_cdc_async_rst_inst/arststages_ff_reg[0]/C

Slack:                    inf
  Source:                 tme_bd_i/smartconnect_lite/inst/clk_map/psr_aclk/U0/ACTIVE_LOW_BSR_OUT_DFF[0].FDRE_BSR_N/C
                            (rising edge-triggered cell FDRE clocked by clk_fpga_0  {rise@0.000ns fall@4.000ns period=8.000ns})
  Destination:            tme_bd_i/smartconnect_lite/inst/s00_entry_pipeline/s00_si_converter/inst/xpm_cdc_async_rst_inst/arststages_ff_reg[1]/CLR
                            (removal check against rising-edge clock clk_fpga_0  {rise@0.000ns fall@4.000ns period=8.000ns})
  Path Group:             (none)
  Path Type:              Removal (Min at Fast Process Corner)
  Data Path Delay:        0.741ns  (logic 0.184ns (24.836%)  route 0.557ns (75.164%))
  Logic Levels:           1  (LUT1=1)
  Clock Path Skew:        0.302ns (DCD - SCD - CPR)
    Destination Clock Delay (DCD):    1.184ns
    Source Clock Delay      (SCD):    0.882ns
    Clock Pessimism Removal (CPR):    -0.000ns
  Clock Uncertainty:      0.125ns  ((TSJ^2 + TIJ^2)^1/2 + DJ) / 2 + PE
    Total System Jitter     (TSJ):    0.071ns
    Total Input Jitter      (TIJ):    0.240ns
    Discrete Jitter          (DJ):    0.000ns
    Phase Error              (PE):    0.000ns
  Timing Exception:       False Path

    Location             Delay type                Incr(ns)  Path(ns)    Netlist Resource(s)
  -------------------------------------------------------------------    -------------------
                         (clock clk_fpga_0 rise edge)
                                                      0.000     0.000 r  
    PS7_X0Y0             PS7                          0.000     0.000 r  tme_bd_i/processing_system7_0/inst/PS7_i/FCLKCLK[0]
                         net (fo=1, routed)           0.310     0.310    tme_bd_i/processing_system7_0/inst/FCLK_CLK_unbuffered[0]
    BUFGCTRL_X0Y16       BUFG (Prop_bufg_I_O)         0.026     0.336 r  tme_bd_i/processing_system7_0/inst/buffer_fclk_clk_0.FCLK_CLK_0_BUFG/O
                         net (fo=19675, routed)       0.546     0.882    tme_bd_i/smartconnect_lite/inst/clk_map/psr_aclk/U0/aclk
    SLICE_X37Y78         FDRE                                         r  tme_bd_i/smartconnect_lite/inst/clk_map/psr_aclk/U0/ACTIVE_LOW_BSR_OUT_DFF[0].FDRE_BSR_N/C
  -------------------------------------------------------------------    -------------------
    SLICE_X37Y78         FDRE (Prop_fdre_C_Q)         0.141     1.023 r  tme_bd_i/smartconnect_lite/inst/clk_map/psr_aclk/U0/ACTIVE_LOW_BSR_OUT_DFF[0].FDRE_BSR_N/Q
                         net (fo=31, routed)          0.380     1.403    tme_bd_i/smartconnect_lite/inst/s00_entry_pipeline/s00_si_converter/inst/xpm_cdc_async_rst_inst/src_arst
    SLICE_X38Y84         LUT1 (Prop_lut1_I0_O)        0.043     1.446 f  tme_bd_i/smartconnect_lite/inst/s00_entry_pipeline/s00_si_converter/inst/xpm_cdc_async_rst_inst/arststages_ff[2]_i_1/O
                         net (fo=3, routed)           0.177     1.622    tme_bd_i/smartconnect_lite/inst/s00_entry_pipeline/s00_si_converter/inst/xpm_cdc_async_rst_inst/reset_pol
    SLICE_X38Y84         FDCE                                         f  tme_bd_i/smartconnect_lite/inst/s00_entry_pipeline/s00_si_converter/inst/xpm_cdc_async_rst_inst/arststages_ff_reg[1]/CLR
  -------------------------------------------------------------------    -------------------

                         (clock clk_fpga_0 rise edge)
                                                      0.000     0.000 r  
    PS7_X0Y0             PS7                          0.000     0.000 r  tme_bd_i/processing_system7_0/inst/PS7_i/FCLKCLK[0]
                         net (fo=1, routed)           0.337     0.337    tme_bd_i/processing_system7_0/inst/FCLK_CLK_unbuffered[0]
    BUFGCTRL_X0Y16       BUFG (Prop_bufg_I_O)         0.029     0.366 r  tme_bd_i/processing_system7_0/inst/buffer_fclk_clk_0.FCLK_CLK_0_BUFG/O
                         net (fo=19675, routed)       0.818     1.184    tme_bd_i/smartconnect_lite/inst/s00_entry_pipeline/s00_si_converter/inst/xpm_cdc_async_rst_inst/dest_clk
    SLICE_X38Y84         FDCE                                         r  tme_bd_i/smartconnect_lite/inst/s00_entry_pipeline/s00_si_converter/inst/xpm_cdc_async_rst_inst/arststages_ff_reg[1]/C

Slack:                    inf
  Source:                 tme_bd_i/smartconnect_lite/inst/clk_map/psr_aclk/U0/ACTIVE_LOW_BSR_OUT_DFF[0].FDRE_BSR_N/C
                            (rising edge-triggered cell FDRE clocked by clk_fpga_0  {rise@0.000ns fall@4.000ns period=8.000ns})
  Destination:            tme_bd_i/smartconnect_lite/inst/s00_entry_pipeline/s00_si_converter/inst/xpm_cdc_async_rst_inst/arststages_ff_reg[2]/CLR
                            (removal check against rising-edge clock clk_fpga_0  {rise@0.000ns fall@4.000ns period=8.000ns})
  Path Group:             (none)
  Path Type:              Removal (Min at Fast Process Corner)
  Data Path Delay:        0.741ns  (logic 0.184ns (24.836%)  route 0.557ns (75.164%))
  Logic Levels:           1  (LUT1=1)
  Clock Path Skew:        0.302ns (DCD - SCD - CPR)
    Destination Clock Delay (DCD):    1.184ns
    Source Clock Delay      (SCD):    0.882ns
    Clock Pessimism Removal (CPR):    -0.000ns
  Clock Uncertainty:      0.125ns  ((TSJ^2 + TIJ^2)^1/2 + DJ) / 2 + PE
    Total System Jitter     (TSJ):    0.071ns
    Total Input Jitter      (TIJ):    0.240ns
    Discrete Jitter          (DJ):    0.000ns
    Phase Error              (PE):    0.000ns
  Timing Exception:       False Path

    Location             Delay type                Incr(ns)  Path(ns)    Netlist Resource(s)
  -------------------------------------------------------------------    -------------------
                         (clock clk_fpga_0 rise edge)
                                                      0.000     0.000 r  
    PS7_X0Y0             PS7                          0.000     0.000 r  tme_bd_i/processing_system7_0/inst/PS7_i/FCLKCLK[0]
                         net (fo=1, routed)           0.310     0.310    tme_bd_i/processing_system7_0/inst/FCLK_CLK_unbuffered[0]
    BUFGCTRL_X0Y16       BUFG (Prop_bufg_I_O)         0.026     0.336 r  tme_bd_i/processing_system7_0/inst/buffer_fclk_clk_0.FCLK_CLK_0_BUFG/O
                         net (fo=19675, routed)       0.546     0.882    tme_bd_i/smartconnect_lite/inst/clk_map/psr_aclk/U0/aclk
    SLICE_X37Y78         FDRE                                         r  tme_bd_i/smartconnect_lite/inst/clk_map/psr_aclk/U0/ACTIVE_LOW_BSR_OUT_DFF[0].FDRE_BSR_N/C
  -------------------------------------------------------------------    -------------------
    SLICE_X37Y78         FDRE (Prop_fdre_C_Q)         0.141     1.023 r  tme_bd_i/smartconnect_lite/inst/clk_map/psr_aclk/U0/ACTIVE_LOW_BSR_OUT_DFF[0].FDRE_BSR_N/Q
                         net (fo=31, routed)          0.380     1.403    tme_bd_i/smartconnect_lite/inst/s00_entry_pipeline/s00_si_converter/inst/xpm_cdc_async_rst_inst/src_arst
    SLICE_X38Y84         LUT1 (Prop_lut1_I0_O)        0.043     1.446 f  tme_bd_i/smartconnect_lite/inst/s00_entry_pipeline/s00_si_converter/inst/xpm_cdc_async_rst_inst/arststages_ff[2]_i_1/O
                         net (fo=3, routed)           0.177     1.622    tme_bd_i/smartconnect_lite/inst/s00_entry_pipeline/s00_si_converter/inst/xpm_cdc_async_rst_inst/reset_pol
    SLICE_X38Y84         FDCE                                         f  tme_bd_i/smartconnect_lite/inst/s00_entry_pipeline/s00_si_converter/inst/xpm_cdc_async_rst_inst/arststages_ff_reg[2]/CLR
  -------------------------------------------------------------------    -------------------

                         (clock clk_fpga_0 rise edge)
                                                      0.000     0.000 r  
    PS7_X0Y0             PS7                          0.000     0.000 r  tme_bd_i/processing_system7_0/inst/PS7_i/FCLKCLK[0]
                         net (fo=1, routed)           0.337     0.337    tme_bd_i/processing_system7_0/inst/FCLK_CLK_unbuffered[0]
    BUFGCTRL_X0Y16       BUFG (Prop_bufg_I_O)         0.029     0.366 r  tme_bd_i/processing_system7_0/inst/buffer_fclk_clk_0.FCLK_CLK_0_BUFG/O
                         net (fo=19675, routed)       0.818     1.184    tme_bd_i/smartconnect_lite/inst/s00_entry_pipeline/s00_si_converter/inst/xpm_cdc_async_rst_inst/dest_clk
    SLICE_X38Y84         FDCE                                         r  tme_bd_i/smartconnect_lite/inst/s00_entry_pipeline/s00_si_converter/inst/xpm_cdc_async_rst_inst/arststages_ff_reg[2]/C

Slack:                    inf
  Source:                 tme_bd_i/smartconnect_lite/inst/clk_map/psr_aclk/U0/ACTIVE_LOW_BSR_OUT_DFF[0].FDRE_BSR_N/C
                            (rising edge-triggered cell FDRE clocked by clk_fpga_0  {rise@0.000ns fall@4.000ns period=8.000ns})
  Destination:            tme_bd_i/smartconnect_lite/inst/m02_nodes/m02_aw_node/inst/s_sc_xpm_cdc_async_rst_inst/arststages_ff_reg[0]/CLR
                            (removal check against rising-edge clock clk_fpga_0  {rise@0.000ns fall@4.000ns period=8.000ns})
  Path Group:             (none)
  Path Type:              Removal (Min at Fast Process Corner)
  Data Path Delay:        0.753ns  (logic 0.186ns (24.694%)  route 0.567ns (75.306%))
  Logic Levels:           1  (LUT1=1)
  Clock Path Skew:        0.292ns (DCD - SCD - CPR)
    Destination Clock Delay (DCD):    1.174ns
    Source Clock Delay      (SCD):    0.882ns
    Clock Pessimism Removal (CPR):    -0.000ns
  Clock Uncertainty:      0.125ns  ((TSJ^2 + TIJ^2)^1/2 + DJ) / 2 + PE
    Total System Jitter     (TSJ):    0.071ns
    Total Input Jitter      (TIJ):    0.240ns
    Discrete Jitter          (DJ):    0.000ns
    Phase Error              (PE):    0.000ns
  Timing Exception:       False Path

    Location             Delay type                Incr(ns)  Path(ns)    Netlist Resource(s)
  -------------------------------------------------------------------    -------------------
                         (clock clk_fpga_0 rise edge)
                                                      0.000     0.000 r  
    PS7_X0Y0             PS7                          0.000     0.000 r  tme_bd_i/processing_system7_0/inst/PS7_i/FCLKCLK[0]
                         net (fo=1, routed)           0.310     0.310    tme_bd_i/processing_system7_0/inst/FCLK_CLK_unbuffered[0]
    BUFGCTRL_X0Y16       BUFG (Prop_bufg_I_O)         0.026     0.336 r  tme_bd_i/processing_system7_0/inst/buffer_fclk_clk_0.FCLK_CLK_0_BUFG/O
                         net (fo=19675, routed)       0.546     0.882    tme_bd_i/smartconnect_lite/inst/clk_map/psr_aclk/U0/aclk
    SLICE_X37Y78         FDRE                                         r  tme_bd_i/smartconnect_lite/inst/clk_map/psr_aclk/U0/ACTIVE_LOW_BSR_OUT_DFF[0].FDRE_BSR_N/C
  -------------------------------------------------------------------    -------------------
    SLICE_X37Y78         FDRE (Prop_fdre_C_Q)         0.141     1.023 r  tme_bd_i/smartconnect_lite/inst/clk_map/psr_aclk/U0/ACTIVE_LOW_BSR_OUT_DFF[0].FDRE_BSR_N/Q
                         net (fo=31, routed)          0.388     1.410    tme_bd_i/smartconnect_lite/inst/m02_nodes/m02_aw_node/inst/s_sc_xpm_cdc_async_rst_inst/src_arst
    SLICE_X36Y75         LUT1 (Prop_lut1_I0_O)        0.045     1.455 f  tme_bd_i/smartconnect_lite/inst/m02_nodes/m02_aw_node/inst/s_sc_xpm_cdc_async_rst_inst/arststages_ff[2]_i_1/O
                         net (fo=3, routed)           0.179     1.635    tme_bd_i/smartconnect_lite/inst/m02_nodes/m02_aw_node/inst/s_sc_xpm_cdc_async_rst_inst/reset_pol
    SLICE_X37Y75         FDCE                                         f  tme_bd_i/smartconnect_lite/inst/m02_nodes/m02_aw_node/inst/s_sc_xpm_cdc_async_rst_inst/arststages_ff_reg[0]/CLR
  -------------------------------------------------------------------    -------------------

                         (clock clk_fpga_0 rise edge)
                                                      0.000     0.000 r  
    PS7_X0Y0             PS7                          0.000     0.000 r  tme_bd_i/processing_system7_0/inst/PS7_i/FCLKCLK[0]
                         net (fo=1, routed)           0.337     0.337    tme_bd_i/processing_system7_0/inst/FCLK_CLK_unbuffered[0]
    BUFGCTRL_X0Y16       BUFG (Prop_bufg_I_O)         0.029     0.366 r  tme_bd_i/processing_system7_0/inst/buffer_fclk_clk_0.FCLK_CLK_0_BUFG/O
                         net (fo=19675, routed)       0.808     1.174    tme_bd_i/smartconnect_lite/inst/m02_nodes/m02_aw_node/inst/s_sc_xpm_cdc_async_rst_inst/dest_clk
    SLICE_X37Y75         FDCE                                         r  tme_bd_i/smartconnect_lite/inst/m02_nodes/m02_aw_node/inst/s_sc_xpm_cdc_async_rst_inst/arststages_ff_reg[0]/C

Slack:                    inf
  Source:                 tme_bd_i/smartconnect_lite/inst/clk_map/psr_aclk/U0/ACTIVE_LOW_BSR_OUT_DFF[0].FDRE_BSR_N/C
                            (rising edge-triggered cell FDRE clocked by clk_fpga_0  {rise@0.000ns fall@4.000ns period=8.000ns})
  Destination:            tme_bd_i/smartconnect_lite/inst/m02_nodes/m02_aw_node/inst/s_sc_xpm_cdc_async_rst_inst/arststages_ff_reg[1]/CLR
                            (removal check against rising-edge clock clk_fpga_0  {rise@0.000ns fall@4.000ns period=8.000ns})
  Path Group:             (none)
  Path Type:              Removal (Min at Fast Process Corner)
  Data Path Delay:        0.753ns  (logic 0.186ns (24.694%)  route 0.567ns (75.306%))
  Logic Levels:           1  (LUT1=1)
  Clock Path Skew:        0.292ns (DCD - SCD - CPR)
    Destination Clock Delay (DCD):    1.174ns
    Source Clock Delay      (SCD):    0.882ns
    Clock Pessimism Removal (CPR):    -0.000ns
  Clock Uncertainty:      0.125ns  ((TSJ^2 + TIJ^2)^1/2 + DJ) / 2 + PE
    Total System Jitter     (TSJ):    0.071ns
    Total Input Jitter      (TIJ):    0.240ns
    Discrete Jitter          (DJ):    0.000ns
    Phase Error              (PE):    0.000ns
  Timing Exception:       False Path

    Location             Delay type                Incr(ns)  Path(ns)    Netlist Resource(s)
  -------------------------------------------------------------------    -------------------
                         (clock clk_fpga_0 rise edge)
                                                      0.000     0.000 r  
    PS7_X0Y0             PS7                          0.000     0.000 r  tme_bd_i/processing_system7_0/inst/PS7_i/FCLKCLK[0]
                         net (fo=1, routed)           0.310     0.310    tme_bd_i/processing_system7_0/inst/FCLK_CLK_unbuffered[0]
    BUFGCTRL_X0Y16       BUFG (Prop_bufg_I_O)         0.026     0.336 r  tme_bd_i/processing_system7_0/inst/buffer_fclk_clk_0.FCLK_CLK_0_BUFG/O
                         net (fo=19675, routed)       0.546     0.882    tme_bd_i/smartconnect_lite/inst/clk_map/psr_aclk/U0/aclk
    SLICE_X37Y78         FDRE                                         r  tme_bd_i/smartconnect_lite/inst/clk_map/psr_aclk/U0/ACTIVE_LOW_BSR_OUT_DFF[0].FDRE_BSR_N/C
  -------------------------------------------------------------------    -------------------
    SLICE_X37Y78         FDRE (Prop_fdre_C_Q)         0.141     1.023 r  tme_bd_i/smartconnect_lite/inst/clk_map/psr_aclk/U0/ACTIVE_LOW_BSR_OUT_DFF[0].FDRE_BSR_N/Q
                         net (fo=31, routed)          0.388     1.410    tme_bd_i/smartconnect_lite/inst/m02_nodes/m02_aw_node/inst/s_sc_xpm_cdc_async_rst_inst/src_arst
    SLICE_X36Y75         LUT1 (Prop_lut1_I0_O)        0.045     1.455 f  tme_bd_i/smartconnect_lite/inst/m02_nodes/m02_aw_node/inst/s_sc_xpm_cdc_async_rst_inst/arststages_ff[2]_i_1/O
                         net (fo=3, routed)           0.179     1.635    tme_bd_i/smartconnect_lite/inst/m02_nodes/m02_aw_node/inst/s_sc_xpm_cdc_async_rst_inst/reset_pol
    SLICE_X37Y75         FDCE                                         f  tme_bd_i/smartconnect_lite/inst/m02_nodes/m02_aw_node/inst/s_sc_xpm_cdc_async_rst_inst/arststages_ff_reg[1]/CLR
  -------------------------------------------------------------------    -------------------

                         (clock clk_fpga_0 rise edge)
                                                      0.000     0.000 r  
    PS7_X0Y0             PS7                          0.000     0.000 r  tme_bd_i/processing_system7_0/inst/PS7_i/FCLKCLK[0]
                         net (fo=1, routed)           0.337     0.337    tme_bd_i/processing_system7_0/inst/FCLK_CLK_unbuffered[0]
    BUFGCTRL_X0Y16       BUFG (Prop_bufg_I_O)         0.029     0.366 r  tme_bd_i/processing_system7_0/inst/buffer_fclk_clk_0.FCLK_CLK_0_BUFG/O
                         net (fo=19675, routed)       0.808     1.174    tme_bd_i/smartconnect_lite/inst/m02_nodes/m02_aw_node/inst/s_sc_xpm_cdc_async_rst_inst/dest_clk
    SLICE_X37Y75         FDCE                                         r  tme_bd_i/smartconnect_lite/inst/m02_nodes/m02_aw_node/inst/s_sc_xpm_cdc_async_rst_inst/arststages_ff_reg[1]/C

Slack:                    inf
  Source:                 tme_bd_i/smartconnect_lite/inst/clk_map/psr_aclk/U0/ACTIVE_LOW_BSR_OUT_DFF[0].FDRE_BSR_N/C
                            (rising edge-triggered cell FDRE clocked by clk_fpga_0  {rise@0.000ns fall@4.000ns period=8.000ns})
  Destination:            tme_bd_i/smartconnect_lite/inst/m02_nodes/m02_aw_node/inst/s_sc_xpm_cdc_async_rst_inst/arststages_ff_reg[2]/CLR
                            (removal check against rising-edge clock clk_fpga_0  {rise@0.000ns fall@4.000ns period=8.000ns})
  Path Group:             (none)
  Path Type:              Removal (Min at Fast Process Corner)
  Data Path Delay:        0.753ns  (logic 0.186ns (24.694%)  route 0.567ns (75.306%))
  Logic Levels:           1  (LUT1=1)
  Clock Path Skew:        0.292ns (DCD - SCD - CPR)
    Destination Clock Delay (DCD):    1.174ns
    Source Clock Delay      (SCD):    0.882ns
    Clock Pessimism Removal (CPR):    -0.000ns
  Clock Uncertainty:      0.125ns  ((TSJ^2 + TIJ^2)^1/2 + DJ) / 2 + PE
    Total System Jitter     (TSJ):    0.071ns
    Total Input Jitter      (TIJ):    0.240ns
    Discrete Jitter          (DJ):    0.000ns
    Phase Error              (PE):    0.000ns
  Timing Exception:       False Path

    Location             Delay type                Incr(ns)  Path(ns)    Netlist Resource(s)
  -------------------------------------------------------------------    -------------------
                         (clock clk_fpga_0 rise edge)
                                                      0.000     0.000 r  
    PS7_X0Y0             PS7                          0.000     0.000 r  tme_bd_i/processing_system7_0/inst/PS7_i/FCLKCLK[0]
                         net (fo=1, routed)           0.310     0.310    tme_bd_i/processing_system7_0/inst/FCLK_CLK_unbuffered[0]
    BUFGCTRL_X0Y16       BUFG (Prop_bufg_I_O)         0.026     0.336 r  tme_bd_i/processing_system7_0/inst/buffer_fclk_clk_0.FCLK_CLK_0_BUFG/O
                         net (fo=19675, routed)       0.546     0.882    tme_bd_i/smartconnect_lite/inst/clk_map/psr_aclk/U0/aclk
    SLICE_X37Y78         FDRE                                         r  tme_bd_i/smartconnect_lite/inst/clk_map/psr_aclk/U0/ACTIVE_LOW_BSR_OUT_DFF[0].FDRE_BSR_N/C
  -------------------------------------------------------------------    -------------------
    SLICE_X37Y78         FDRE (Prop_fdre_C_Q)         0.141     1.023 r  tme_bd_i/smartconnect_lite/inst/clk_map/psr_aclk/U0/ACTIVE_LOW_BSR_OUT_DFF[0].FDRE_BSR_N/Q
                         net (fo=31, routed)          0.388     1.410    tme_bd_i/smartconnect_lite/inst/m02_nodes/m02_aw_node/inst/s_sc_xpm_cdc_async_rst_inst/src_arst
    SLICE_X36Y75         LUT1 (Prop_lut1_I0_O)        0.045     1.455 f  tme_bd_i/smartconnect_lite/inst/m02_nodes/m02_aw_node/inst/s_sc_xpm_cdc_async_rst_inst/arststages_ff[2]_i_1/O
                         net (fo=3, routed)           0.179     1.635    tme_bd_i/smartconnect_lite/inst/m02_nodes/m02_aw_node/inst/s_sc_xpm_cdc_async_rst_inst/reset_pol
    SLICE_X37Y75         FDCE                                         f  tme_bd_i/smartconnect_lite/inst/m02_nodes/m02_aw_node/inst/s_sc_xpm_cdc_async_rst_inst/arststages_ff_reg[2]/CLR
  -------------------------------------------------------------------    -------------------

                         (clock clk_fpga_0 rise edge)
                                                      0.000     0.000 r  
    PS7_X0Y0             PS7                          0.000     0.000 r  tme_bd_i/processing_system7_0/inst/PS7_i/FCLKCLK[0]
                         net (fo=1, routed)           0.337     0.337    tme_bd_i/processing_system7_0/inst/FCLK_CLK_unbuffered[0]
    BUFGCTRL_X0Y16       BUFG (Prop_bufg_I_O)         0.029     0.366 r  tme_bd_i/processing_system7_0/inst/buffer_fclk_clk_0.FCLK_CLK_0_BUFG/O
                         net (fo=19675, routed)       0.808     1.174    tme_bd_i/smartconnect_lite/inst/m02_nodes/m02_aw_node/inst/s_sc_xpm_cdc_async_rst_inst/dest_clk
    SLICE_X37Y75         FDCE                                         r  tme_bd_i/smartconnect_lite/inst/m02_nodes/m02_aw_node/inst/s_sc_xpm_cdc_async_rst_inst/arststages_ff_reg[2]/C

Slack:                    inf
  Source:                 tme_bd_i/smartconnect_lite/inst/clk_map/psr_aclk/U0/ACTIVE_LOW_BSR_OUT_DFF[0].FDRE_BSR_N/C
                            (rising edge-triggered cell FDRE clocked by clk_fpga_0  {rise@0.000ns fall@4.000ns period=8.000ns})
  Destination:            tme_bd_i/smartconnect_lite/inst/s00_nodes/s00_ar_node/inst/s_sc_xpm_cdc_async_rst_inst/arststages_ff_reg[0]/CLR
                            (removal check against rising-edge clock clk_fpga_0  {rise@0.000ns fall@4.000ns period=8.000ns})
  Path Group:             (none)
  Path Type:              Removal (Min at Fast Process Corner)
  Data Path Delay:        0.778ns  (logic 0.186ns (23.918%)  route 0.592ns (76.082%))
  Logic Levels:           1  (LUT1=1)
  Clock Path Skew:        0.316ns (DCD - SCD - CPR)
    Destination Clock Delay (DCD):    1.198ns
    Source Clock Delay      (SCD):    0.882ns
    Clock Pessimism Removal (CPR):    -0.000ns
  Clock Uncertainty:      0.125ns  ((TSJ^2 + TIJ^2)^1/2 + DJ) / 2 + PE
    Total System Jitter     (TSJ):    0.071ns
    Total Input Jitter      (TIJ):    0.240ns
    Discrete Jitter          (DJ):    0.000ns
    Phase Error              (PE):    0.000ns
  Timing Exception:       False Path

    Location             Delay type                Incr(ns)  Path(ns)    Netlist Resource(s)
  -------------------------------------------------------------------    -------------------
                         (clock clk_fpga_0 rise edge)
                                                      0.000     0.000 r  
    PS7_X0Y0             PS7                          0.000     0.000 r  tme_bd_i/processing_system7_0/inst/PS7_i/FCLKCLK[0]
                         net (fo=1, routed)           0.310     0.310    tme_bd_i/processing_system7_0/inst/FCLK_CLK_unbuffered[0]
    BUFGCTRL_X0Y16       BUFG (Prop_bufg_I_O)         0.026     0.336 r  tme_bd_i/processing_system7_0/inst/buffer_fclk_clk_0.FCLK_CLK_0_BUFG/O
                         net (fo=19675, routed)       0.546     0.882    tme_bd_i/smartconnect_lite/inst/clk_map/psr_aclk/U0/aclk
    SLICE_X37Y78         FDRE                                         r  tme_bd_i/smartconnect_lite/inst/clk_map/psr_aclk/U0/ACTIVE_LOW_BSR_OUT_DFF[0].FDRE_BSR_N/C
  -------------------------------------------------------------------    -------------------
    SLICE_X37Y78         FDRE (Prop_fdre_C_Q)         0.141     1.023 r  tme_bd_i/smartconnect_lite/inst/clk_map/psr_aclk/U0/ACTIVE_LOW_BSR_OUT_DFF[0].FDRE_BSR_N/Q
                         net (fo=31, routed)          0.295     1.318    tme_bd_i/smartconnect_lite/inst/s00_nodes/s00_ar_node/inst/s_sc_xpm_cdc_async_rst_inst/src_arst
    SLICE_X38Y79         LUT1 (Prop_lut1_I0_O)        0.045     1.363 f  tme_bd_i/smartconnect_lite/inst/s00_nodes/s00_ar_node/inst/s_sc_xpm_cdc_async_rst_inst/arststages_ff[2]_i_1/O
                         net (fo=3, routed)           0.297     1.659    tme_bd_i/smartconnect_lite/inst/s00_nodes/s00_ar_node/inst/s_sc_xpm_cdc_async_rst_inst/reset_pol
    SLICE_X26Y79         FDCE                                         f  tme_bd_i/smartconnect_lite/inst/s00_nodes/s00_ar_node/inst/s_sc_xpm_cdc_async_rst_inst/arststages_ff_reg[0]/CLR
  -------------------------------------------------------------------    -------------------

                         (clock clk_fpga_0 rise edge)
                                                      0.000     0.000 r  
    PS7_X0Y0             PS7                          0.000     0.000 r  tme_bd_i/processing_system7_0/inst/PS7_i/FCLKCLK[0]
                         net (fo=1, routed)           0.337     0.337    tme_bd_i/processing_system7_0/inst/FCLK_CLK_unbuffered[0]
    BUFGCTRL_X0Y16       BUFG (Prop_bufg_I_O)         0.029     0.366 r  tme_bd_i/processing_system7_0/inst/buffer_fclk_clk_0.FCLK_CLK_0_BUFG/O
                         net (fo=19675, routed)       0.832     1.198    tme_bd_i/smartconnect_lite/inst/s00_nodes/s00_ar_node/inst/s_sc_xpm_cdc_async_rst_inst/dest_clk
    SLICE_X26Y79         FDCE                                         r  tme_bd_i/smartconnect_lite/inst/s00_nodes/s00_ar_node/inst/s_sc_xpm_cdc_async_rst_inst/arststages_ff_reg[0]/C





