Copyright 1986-2022 Xilinx, Inc. All Rights Reserved. Copyright 2022-2025 Advanced Micro Devices, Inc. All Rights Reserved.
------------------------------------------------------------------------------------------------------------------------------------------------------------------------------------------------------------------------
| Tool Version : Vivado v.2025.2 (win64) Build 6299465 Fri Nov 14 19:35:11 GMT 2025
| Date         : Thu Aug 20 19:02:05 2026
| Host         : DESKTOP-KG9P5J1 running 64-bit major release  (build 9200)
| Command      : report_timing_summary -delay_type min_max -report_unconstrained -check_timing_verbose -max_paths 10 -file C:/Users/lychee/tc25/vivado_project/tme_b0b_125/overlay_output/post_route_timing_summary.rpt
| Design       : tme_bd_wrapper
| Device       : 7z020-clg400
| Speed File   : -1  PRODUCTION 1.12 2019-11-22
| Design State : Routed
------------------------------------------------------------------------------------------------------------------------------------------------------------------------------------------------------------------------

Timing Summary Report

------------------------------------------------------------------------------------------------
| Timer Settings
| --------------
------------------------------------------------------------------------------------------------

  Enable Multi Corner Analysis               :  Yes
  Enable Pessimism Removal                   :  Yes
  Pessimism Removal Resolution               :  Nearest Common Node
  Enable Input Delay Default Clock           :  No
  Enable Preset / Clear Arcs                 :  No
  Disable Flight Delays                      :  No
  Ignore I/O Paths                           :  No
  Timing Early Launch at Borrowing Latches   :  No
  Borrow Time for Max Delay Exceptions       :  Yes
  Merge Timing Exceptions                    :  Yes
  Inter-SLR Compensation                     :  Conservative

  Corner  Analyze    Analyze    
  Name    Max Paths  Min Paths  
  ------  ---------  ---------  
  Slow    Yes        Yes        
  Fast    Yes        Yes        


------------------------------------------------------------------------------------------------
| Report Methodology
| ------------------
------------------------------------------------------------------------------------------------

Rule      Severity  Description                                  Violations  
--------  --------  -------------------------------------------  ----------  
ULMTCS-1  Warning   Control Sets use limits recommend reduction  1           

Note: This report is based on the most recent report_methodology run and may not be up-to-date. Run report_methodology on the current design for the latest report.



check_timing report

Table of Contents
-----------------
1. checking no_clock (0)
2. checking constant_clock (0)
3. checking pulse_width_clock (0)
4. checking unconstrained_internal_endpoints (0)
5. checking no_input_delay (0)
6. checking no_output_delay (0)
7. checking multiple_clock (0)
8. checking generated_clocks (0)
9. checking loops (0)
10. checking partial_input_delay (0)
11. checking partial_output_delay (0)
12. checking latch_loops (0)

1. checking no_clock (0)
------------------------
 There are 0 register/latch pins with no clock.


2. checking constant_clock (0)
------------------------------
 There are 0 register/latch pins with constant_clock.


3. checking pulse_width_clock (0)
---------------------------------
 There are 0 register/latch pins which need pulse_width check


4. checking unconstrained_internal_endpoints (0)
------------------------------------------------
 There are 0 pins that are not constrained for maximum delay.

 There are 0 pins that are not constrained for maximum delay due to constant clock.


5. checking no_input_delay (0)
------------------------------
 There are 0 input ports with no input delay specified.

 There are 0 input ports with no input delay but user has a false path constraint.


6. checking no_output_delay (0)
-------------------------------
 There are 0 ports with no output delay specified.

 There are 0 ports with no output delay but user has a false path constraint

 There are 0 ports with no output delay but with a timing clock defined on it or propagating through it


7. checking multiple_clock (0)
------------------------------
 There are 0 register/latch pins with multiple clocks.


8. checking generated_clocks (0)
--------------------------------
 There are 0 generated clocks that are not connected to a clock source.


9. checking loops (0)
---------------------
 There are 0 combinational loops in the design.


10. checking partial_input_delay (0)
------------------------------------
 There are 0 input ports with partial input delay specified.


11. checking partial_output_delay (0)
-------------------------------------
 There are 0 ports with partial output delay specified.


12. checking latch_loops (0)
----------------------------
 There are 0 combinational latch loops in the design through latch input



------------------------------------------------------------------------------------------------
| Design Timing Summary
| ---------------------
------------------------------------------------------------------------------------------------

    WNS(ns)      TNS(ns)  TNS Failing Endpoints  TNS Total Endpoints      WHS(ns)      THS(ns)  THS Failing Endpoints  THS Total Endpoints     WPWS(ns)     TPWS(ns)  TPWS Failing Endpoints  TPWS Total Endpoints  
    -------      -------  ---------------------  -------------------      -------      -------  ---------------------  -------------------     --------     --------  ----------------------  --------------------  
     -0.051       -0.051                      1                60186        0.050        0.000                      0                60186        2.750        0.000                       0                 26077  


Timing constraints are not met.


------------------------------------------------------------------------------------------------
| Clock Summary
| -------------
------------------------------------------------------------------------------------------------

Clock       Waveform(ns)         Period(ns)      Frequency(MHz)
-----       ------------         ----------      --------------
clk_fpga_0  {0.000 4.000}        8.000           125.000         


------------------------------------------------------------------------------------------------
| Intra Clock Table
| -----------------
------------------------------------------------------------------------------------------------

Clock             WNS(ns)      TNS(ns)  TNS Failing Endpoints  TNS Total Endpoints      WHS(ns)      THS(ns)  THS Failing Endpoints  THS Total Endpoints     WPWS(ns)     TPWS(ns)  TPWS Failing Endpoints  TPWS Total Endpoints  
-----             -------      -------  ---------------------  -------------------      -------      -------  ---------------------  -------------------     --------     --------  ----------------------  --------------------  
clk_fpga_0         -0.051       -0.051                      1                60186        0.050        0.000                      0                60186        2.750        0.000                       0                 26077  


------------------------------------------------------------------------------------------------
| Inter Clock Table
| -----------------
------------------------------------------------------------------------------------------------

From Clock    To Clock          WNS(ns)      TNS(ns)  TNS Failing Endpoints  TNS Total Endpoints      WHS(ns)      THS(ns)  THS Failing Endpoints  THS Total Endpoints  
----------    --------          -------      -------  ---------------------  -------------------      -------      -------  ---------------------  -------------------  


------------------------------------------------------------------------------------------------
| Other Path Groups Table
| -----------------------
------------------------------------------------------------------------------------------------

Path Group    From Clock    To Clock          WNS(ns)      TNS(ns)  TNS Failing Endpoints  TNS Total Endpoints      WHS(ns)      THS(ns)  THS Failing Endpoints  THS Total Endpoints  
----------    ----------    --------          -------      -------  ---------------------  -------------------      -------      -------  ---------------------  -------------------  


------------------------------------------------------------------------------------------------
| User Ignored Path Table
| -----------------------
------------------------------------------------------------------------------------------------

Path Group    From Clock    To Clock    
----------    ----------    --------    
(none)                      clk_fpga_0    
(none)        clk_fpga_0    clk_fpga_0    


------------------------------------------------------------------------------------------------
| Unconstrained Path Table
| ------------------------
------------------------------------------------------------------------------------------------

Path Group    From Clock    To Clock    
----------    ----------    --------    


------------------------------------------------------------------------------------------------
| Timing Details
| --------------
------------------------------------------------------------------------------------------------


---------------------------------------------------------------------------------------------------
From Clock:  clk_fpga_0
  To Clock:  clk_fpga_0

Setup :            1  Failing Endpoint ,  Worst Slack       -0.051ns,  Total Violation       -0.051ns
Hold  :            0  Failing Endpoints,  Worst Slack        0.050ns,  Total Violation        0.000ns
PW    :            0  Failing Endpoints,  Worst Slack        2.750ns,  Total Violation        0.000ns
---------------------------------------------------------------------------------------------------


Max Delay Paths
--------------------------------------------------------------------------------------
Slack (VIOLATED) :        -0.051ns  (required time - arrival time)
  Source:                 tme_bd_i/tme_top_0/inst/grp_correlation_core_fu_1826/seg_965_reg_7002_reg[6]/C
                            (rising edge-triggered cell FDRE clocked by clk_fpga_0  {rise@0.000ns fall@4.000ns period=8.000ns})
  Destination:            tme_bd_i/tme_top_0/inst/grp_correlation_core_fu_1826/grp_correlation_core_Pipeline_mac_loop_fu_8736/empty_48_fu_1424_reg[23]_psdsp_1/D
                            (rising edge-triggered cell FDRE clocked by clk_fpga_0  {rise@0.000ns fall@4.000ns period=8.000ns})
  Path Group:             clk_fpga_0
  Path Type:              Setup (Max at Slow Process Corner)
  Requirement:            8.000ns  (clk_fpga_0 rise@8.000ns - clk_fpga_0 rise@0.000ns)
  Data Path Delay:        7.622ns  (logic 1.592ns (20.888%)  route 6.030ns (79.112%))
  Logic Levels:           5  (LUT3=1 LUT6=3 MUXF7=1)
  Clock Path Skew:        -0.072ns (DCD - SCD + CPR)
    Destination Clock Delay (DCD):    2.741ns = ( 10.741 - 8.000 ) 
    Source Clock Delay      (SCD):    2.942ns
    Clock Pessimism Removal (CPR):    0.129ns
  Clock Uncertainty:      0.125ns  ((TSJ^2 + TIJ^2)^1/2 + DJ) / 2 + PE
    Total System Jitter     (TSJ):    0.071ns
    Total Input Jitter      (TIJ):    0.240ns
    Discrete Jitter          (DJ):    0.000ns
    Phase Error              (PE):    0.000ns

    Location             Delay type                Incr(ns)  Path(ns)    Netlist Resource(s)
  -------------------------------------------------------------------    -------------------
                         (clock clk_fpga_0 rise edge)
                                                      0.000     0.000 r  
    PS7_X0Y0             PS7                          0.000     0.000 r  tme_bd_i/processing_system7_0/inst/PS7_i/FCLKCLK[0]
                         net (fo=1, routed)           1.193     1.193    tme_bd_i/processing_system7_0/inst/FCLK_CLK_unbuffered[0]
    BUFGCTRL_X0Y16       BUFG (Prop_bufg_I_O)         0.101     1.294 r  tme_bd_i/processing_system7_0/inst/buffer_fclk_clk_0.FCLK_CLK_0_BUFG/O
                         net (fo=26079, routed)       1.648     2.942    tme_bd_i/tme_top_0/inst/grp_correlation_core_fu_1826/ap_clk
    SLICE_X46Y25         FDRE                                         r  tme_bd_i/tme_top_0/inst/grp_correlation_core_fu_1826/seg_965_reg_7002_reg[6]/C
  -------------------------------------------------------------------    -------------------
    SLICE_X46Y25         FDRE (Prop_fdre_C_Q)         0.478     3.420 r  tme_bd_i/tme_top_0/inst/grp_correlation_core_fu_1826/seg_965_reg_7002_reg[6]/Q
                         net (fo=5, routed)           1.403     4.823    tme_bd_i/tme_top_0/inst/grp_correlation_core_fu_1826/grp_correlation_core_Pipeline_mac_loop_fu_8736/mac_muladd_8ns_8ns_24s_24_4_1_U1473/tme_top_mac_muladd_8ns_8ns_24s_24_4_1_DSP48_0_U/p_reg_reg_i_89__0_1[6]
    SLICE_X50Y34         LUT6 (Prop_lut6_I3_O)        0.296     5.119 r  tme_bd_i/tme_top_0/inst/grp_correlation_core_fu_1826/grp_correlation_core_Pipeline_mac_loop_fu_8736/mac_muladd_8ns_8ns_24s_24_4_1_U1473/tme_top_mac_muladd_8ns_8ns_24s_24_4_1_DSP48_0_U/p_reg_reg_i_817/O
                         net (fo=2, routed)           1.174     6.293    tme_bd_i/tme_top_0/inst/grp_correlation_core_fu_1826/grp_correlation_core_Pipeline_mac_loop_fu_8736/mac_muladd_8ns_8ns_24s_24_4_1_U1473/tme_top_mac_muladd_8ns_8ns_24s_24_4_1_DSP48_0_U/seg_967_reg_6982_reg[6]
    SLICE_X60Y37         LUT3 (Prop_lut3_I2_O)        0.150     6.443 r  tme_bd_i/tme_top_0/inst/grp_correlation_core_fu_1826/grp_correlation_core_Pipeline_mac_loop_fu_8736/mac_muladd_8ns_8ns_24s_24_4_1_U1473/tme_top_mac_muladd_8ns_8ns_24s_24_4_1_DSP48_0_U/p_reg_reg_i_351/O
                         net (fo=2, routed)           1.005     7.448    tme_bd_i/tme_top_0/inst/grp_correlation_core_fu_1826/grp_correlation_core_Pipeline_mac_loop_fu_8736/mac_muladd_8ns_8ns_24s_24_4_1_U1473/tme_top_mac_muladd_8ns_8ns_24s_24_4_1_DSP48_0_U/x_2_reg_21480_reg[2]_rep__6_3
    SLICE_X65Y45         LUT6 (Prop_lut6_I5_O)        0.332     7.780 r  tme_bd_i/tme_top_0/inst/grp_correlation_core_fu_1826/grp_correlation_core_Pipeline_mac_loop_fu_8736/mac_muladd_8ns_8ns_24s_24_4_1_U1473/tme_top_mac_muladd_8ns_8ns_24s_24_4_1_DSP48_0_U/p_reg_reg_i_33__2/O
                         net (fo=1, routed)           1.077     8.856    tme_bd_i/tme_top_0/inst/grp_correlation_core_fu_1826/grp_correlation_core_Pipeline_mac_loop_fu_8736/mac_muladd_8ns_8ns_24s_24_4_1_U1473/tme_top_mac_muladd_8ns_8ns_24s_24_4_1_DSP48_0_U/p_reg_reg_i_33__2_n_2
    SLICE_X85Y45         LUT6 (Prop_lut6_I1_O)        0.124     8.980 r  tme_bd_i/tme_top_0/inst/grp_correlation_core_fu_1826/grp_correlation_core_Pipeline_mac_loop_fu_8736/mac_muladd_8ns_8ns_24s_24_4_1_U1473/tme_top_mac_muladd_8ns_8ns_24s_24_4_1_DSP48_0_U/p_reg_reg_i_11__6/O
                         net (fo=1, routed)           0.000     8.980    tme_bd_i/tme_top_0/inst/grp_correlation_core_fu_1826/grp_correlation_core_Pipeline_mac_loop_fu_8736/mac_muladd_8ns_8ns_24s_24_4_1_U1473/tme_top_mac_muladd_8ns_8ns_24s_24_4_1_DSP48_0_U/p_reg_reg_i_11__6_n_2
    SLICE_X85Y45         MUXF7 (Prop_muxf7_I0_O)      0.212     9.192 r  tme_bd_i/tme_top_0/inst/grp_correlation_core_fu_1826/grp_correlation_core_Pipeline_mac_loop_fu_8736/mac_muladd_8ns_8ns_24s_24_4_1_U1473/tme_top_mac_muladd_8ns_8ns_24s_24_4_1_DSP48_0_U/p_reg_reg_i_2__10/O
                         net (fo=1, routed)           1.371    10.564    tme_bd_i/tme_top_0/inst/grp_correlation_core_fu_1826/grp_correlation_core_Pipeline_mac_loop_fu_8736/p_reg_reg_i_2__10_n_2_alias
    SLICE_X85Y45         FDRE                                         r  tme_bd_i/tme_top_0/inst/grp_correlation_core_fu_1826/grp_correlation_core_Pipeline_mac_loop_fu_8736/empty_48_fu_1424_reg[23]_psdsp_1/D
  -------------------------------------------------------------------    -------------------

                         (clock clk_fpga_0 rise edge)
                                                      8.000     8.000 r  
    PS7_X0Y0             PS7                          0.000     8.000 r  tme_bd_i/processing_system7_0/inst/PS7_i/FCLKCLK[0]
                         net (fo=1, routed)           1.088     9.088    tme_bd_i/processing_system7_0/inst/FCLK_CLK_unbuffered[0]
    BUFGCTRL_X0Y16       BUFG (Prop_bufg_I_O)         0.091     9.179 r  tme_bd_i/processing_system7_0/inst/buffer_fclk_clk_0.FCLK_CLK_0_BUFG/O
                         net (fo=26079, routed)       1.562    10.741    tme_bd_i/tme_top_0/inst/grp_correlation_core_fu_1826/grp_correlation_core_Pipeline_mac_loop_fu_8736/ap_clk
    SLICE_X85Y45         FDRE                                         r  tme_bd_i/tme_top_0/inst/grp_correlation_core_fu_1826/grp_correlation_core_Pipeline_mac_loop_fu_8736/empty_48_fu_1424_reg[23]_psdsp_1/C
                         clock pessimism              0.129    10.870    
                         clock uncertainty           -0.125    10.745    
    SLICE_X85Y45         FDRE (Setup_fdre_C_D)       -0.233    10.512    tme_bd_i/tme_top_0/inst/grp_correlation_core_fu_1826/grp_correlation_core_Pipeline_mac_loop_fu_8736/empty_48_fu_1424_reg[23]_psdsp_1
  -------------------------------------------------------------------
                         required time                         10.512    
                         arrival time                         -10.564    
  -------------------------------------------------------------------
                         slack                                 -0.051    

Slack (MET) :             0.012ns  (required time - arrival time)
  Source:                 tme_bd_i/tme_top_0/inst/grp_correlation_core_fu_1826/grp_correlation_core_Pipeline_mac_loop_fu_8736/x_2_reg_21480_reg[1]/C
                            (rising edge-triggered cell FDRE clocked by clk_fpga_0  {rise@0.000ns fall@4.000ns period=8.000ns})
  Destination:            tme_bd_i/tme_top_0/inst/grp_correlation_core_fu_1826/grp_correlation_core_Pipeline_mac_loop_fu_8736/empty_51_fu_1436_reg[23]_psdsp/D
                            (rising edge-triggered cell FDRE clocked by clk_fpga_0  {rise@0.000ns fall@4.000ns period=8.000ns})
  Path Group:             clk_fpga_0
  Path Type:              Setup (Max at Slow Process Corner)
  Requirement:            8.000ns  (clk_fpga_0 rise@8.000ns - clk_fpga_0 rise@0.000ns)
  Data Path Delay:        7.607ns  (logic 1.226ns (16.118%)  route 6.381ns (83.882%))
  Logic Levels:           5  (LUT3=1 LUT6=3 MUXF7=1)
  Clock Path Skew:        0.000ns (DCD - SCD + CPR)
    Destination Clock Delay (DCD):    2.791ns = ( 10.792 - 8.000 ) 
    Source Clock Delay      (SCD):    3.021ns
    Clock Pessimism Removal (CPR):    0.230ns
  Clock Uncertainty:      0.125ns  ((TSJ^2 + TIJ^2)^1/2 + DJ) / 2 + PE
    Total System Jitter     (TSJ):    0.071ns
    Total Input Jitter      (TIJ):    0.240ns
    Discrete Jitter          (DJ):    0.000ns
    Phase Error              (PE):    0.000ns

    Location             Delay type                Incr(ns)  Path(ns)    Netlist Resource(s)
  -------------------------------------------------------------------    -------------------
                         (clock clk_fpga_0 rise edge)
                                                      0.000     0.000 r  
    PS7_X0Y0             PS7                          0.000     0.000 r  tme_bd_i/processing_system7_0/inst/PS7_i/FCLKCLK[0]
                         net (fo=1, routed)           1.193     1.193    tme_bd_i/processing_system7_0/inst/FCLK_CLK_unbuffered[0]
    BUFGCTRL_X0Y16       BUFG (Prop_bufg_I_O)         0.101     1.294 r  tme_bd_i/processing_system7_0/inst/buffer_fclk_clk_0.FCLK_CLK_0_BUFG/O
                         net (fo=26079, routed)       1.727     3.021    tme_bd_i/tme_top_0/inst/grp_correlation_core_fu_1826/grp_correlation_core_Pipeline_mac_loop_fu_8736/ap_clk
    SLICE_X66Y35         FDRE                                         r  tme_bd_i/tme_top_0/inst/grp_correlation_core_fu_1826/grp_correlation_core_Pipeline_mac_loop_fu_8736/x_2_reg_21480_reg[1]/C
  -------------------------------------------------------------------    -------------------
    SLICE_X66Y35         FDRE (Prop_fdre_C_Q)         0.518     3.539 r  tme_bd_i/tme_top_0/inst/grp_correlation_core_fu_1826/grp_correlation_core_Pipeline_mac_loop_fu_8736/x_2_reg_21480_reg[1]/Q
                         net (fo=240, routed)         1.728     5.267    tme_bd_i/tme_top_0/inst/grp_correlation_core_fu_1826/grp_correlation_core_Pipeline_mac_loop_fu_8736/mac_muladd_8ns_8ns_24s_24_4_1_U1480/tme_top_mac_muladd_8ns_8ns_24s_24_4_1_DSP48_0_U/p_reg_reg_i_81__8_0
    SLICE_X55Y49         LUT6 (Prop_lut6_I2_O)        0.124     5.391 r  tme_bd_i/tme_top_0/inst/grp_correlation_core_fu_1826/grp_correlation_core_Pipeline_mac_loop_fu_8736/mac_muladd_8ns_8ns_24s_24_4_1_U1480/tme_top_mac_muladd_8ns_8ns_24s_24_4_1_DSP48_0_U/p_reg_reg_i_246__3/O
                         net (fo=2, routed)           1.317     6.708    tme_bd_i/tme_top_0/inst/grp_correlation_core_fu_1826/grp_correlation_core_Pipeline_mac_loop_fu_8736/mac_muladd_8ns_8ns_24s_24_4_1_U1476/tme_top_mac_muladd_8ns_8ns_24s_24_4_1_DSP48_0_U/p_reg_reg_i_25__8_0
    SLICE_X70Y46         LUT3 (Prop_lut3_I0_O)        0.124     6.832 r  tme_bd_i/tme_top_0/inst/grp_correlation_core_fu_1826/grp_correlation_core_Pipeline_mac_loop_fu_8736/mac_muladd_8ns_8ns_24s_24_4_1_U1476/tme_top_mac_muladd_8ns_8ns_24s_24_4_1_DSP48_0_U/p_reg_reg_i_83__7/O
                         net (fo=2, routed)           1.190     8.022    tme_bd_i/tme_top_0/inst/grp_correlation_core_fu_1826/grp_correlation_core_Pipeline_mac_loop_fu_8736/mac_muladd_8ns_8ns_24s_24_4_1_U1476/tme_top_mac_muladd_8ns_8ns_24s_24_4_1_DSP48_0_U/x_2_reg_21480_reg[2]_rep__2_8
    SLICE_X88Y46         LUT6 (Prop_lut6_I3_O)        0.124     8.146 r  tme_bd_i/tme_top_0/inst/grp_correlation_core_fu_1826/grp_correlation_core_Pipeline_mac_loop_fu_8736/mac_muladd_8ns_8ns_24s_24_4_1_U1476/tme_top_mac_muladd_8ns_8ns_24s_24_4_1_DSP48_0_U/p_reg_reg_i_25__12/O
                         net (fo=1, routed)           1.312     9.458    tme_bd_i/tme_top_0/inst/grp_correlation_core_fu_1826/grp_correlation_core_Pipeline_mac_loop_fu_8736/mac_muladd_8ns_8ns_24s_24_4_1_U1476/tme_top_mac_muladd_8ns_8ns_24s_24_4_1_DSP48_0_U/p_reg_reg_i_25__12_n_2
    SLICE_X93Y31         LUT6 (Prop_lut6_I0_O)        0.124     9.582 r  tme_bd_i/tme_top_0/inst/grp_correlation_core_fu_1826/grp_correlation_core_Pipeline_mac_loop_fu_8736/mac_muladd_8ns_8ns_24s_24_4_1_U1476/tme_top_mac_muladd_8ns_8ns_24s_24_4_1_DSP48_0_U/p_reg_reg_i_9__12/O
                         net (fo=1, routed)           0.000     9.582    tme_bd_i/tme_top_0/inst/grp_correlation_core_fu_1826/grp_correlation_core_Pipeline_mac_loop_fu_8736/mac_muladd_8ns_8ns_24s_24_4_1_U1476/tme_top_mac_muladd_8ns_8ns_24s_24_4_1_DSP48_0_U/p_reg_reg_i_9__12_n_2
    SLICE_X93Y31         MUXF7 (Prop_muxf7_I0_O)      0.212     9.794 r  tme_bd_i/tme_top_0/inst/grp_correlation_core_fu_1826/grp_correlation_core_Pipeline_mac_loop_fu_8736/mac_muladd_8ns_8ns_24s_24_4_1_U1476/tme_top_mac_muladd_8ns_8ns_24s_24_4_1_DSP48_0_U/p_reg_reg_i_1__4/O
                         net (fo=1, routed)           0.834    10.628    tme_bd_i/tme_top_0/inst/grp_correlation_core_fu_1826/grp_correlation_core_Pipeline_mac_loop_fu_8736/p_reg_reg_i_1__4_n_2_alias
    SLICE_X93Y31         FDRE                                         r  tme_bd_i/tme_top_0/inst/grp_correlation_core_fu_1826/grp_correlation_core_Pipeline_mac_loop_fu_8736/empty_51_fu_1436_reg[23]_psdsp/D
  -------------------------------------------------------------------    -------------------

                         (clock clk_fpga_0 rise edge)
                                                      8.000     8.000 r  
    PS7_X0Y0             PS7                          0.000     8.000 r  tme_bd_i/processing_system7_0/inst/PS7_i/FCLKCLK[0]
                         net (fo=1, routed)           1.088     9.088    tme_bd_i/processing_system7_0/inst/FCLK_CLK_unbuffered[0]
    BUFGCTRL_X0Y16       BUFG (Prop_bufg_I_O)         0.091     9.179 r  tme_bd_i/processing_system7_0/inst/buffer_fclk_clk_0.FCLK_CLK_0_BUFG/O
                         net (fo=26079, routed)       1.612    10.792    tme_bd_i/tme_top_0/inst/grp_correlation_core_fu_1826/grp_correlation_core_Pipeline_mac_loop_fu_8736/ap_clk
    SLICE_X93Y31         FDRE                                         r  tme_bd_i/tme_top_0/inst/grp_correlation_core_fu_1826/grp_correlation_core_Pipeline_mac_loop_fu_8736/empty_51_fu_1436_reg[23]_psdsp/C
                         clock pessimism              0.230    11.021    
                         clock uncertainty           -0.125    10.896    
    SLICE_X93Y31         FDRE (Setup_fdre_C_D)       -0.256    10.640    tme_bd_i/tme_top_0/inst/grp_correlation_core_fu_1826/grp_correlation_core_Pipeline_mac_loop_fu_8736/empty_51_fu_1436_reg[23]_psdsp
  -------------------------------------------------------------------
                         required time                         10.640    
                         arrival time                         -10.628    
  -------------------------------------------------------------------
                         slack                                  0.012    

Slack (MET) :             0.050ns  (required time - arrival time)
  Source:                 tme_bd_i/tme_top_0/inst/grp_tme_top_Pipeline_load_templ_VITIS_LOOP_290_2_fu_1311/mac_muladd_15s_8ns_15s_15_4_1_U28/tme_top_mac_muladd_15s_8ns_15s_15_4_1_DSP48_0_U/p_reg_reg/CLK
                            (rising edge-triggered cell DSP48E1 clocked by clk_fpga_0  {rise@0.000ns fall@4.000ns period=8.000ns})
  Destination:            tme_bd_i/tme_top_0/inst/templ_buf_U/ram_reg_0_7/ADDRARDADDR[8]
                            (rising edge-triggered cell RAMB36E1 clocked by clk_fpga_0  {rise@0.000ns fall@4.000ns period=8.000ns})
  Path Group:             clk_fpga_0
  Path Type:              Setup (Max at Slow Process Corner)
  Requirement:            8.000ns  (clk_fpga_0 rise@8.000ns - clk_fpga_0 rise@0.000ns)
  Data Path Delay:        7.100ns  (logic 0.434ns (6.113%)  route 6.666ns (93.887%))
  Logic Levels:           0  
  Clock Path Skew:        -0.160ns (DCD - SCD + CPR)
    Destination Clock Delay (DCD):    2.849ns = ( 10.849 - 8.000 ) 
    Source Clock Delay      (SCD):    3.138ns
    Clock Pessimism Removal (CPR):    0.129ns
  Clock Uncertainty:      0.125ns  ((TSJ^2 + TIJ^2)^1/2 + DJ) / 2 + PE
    Total System Jitter     (TSJ):    0.071ns
    Total Input Jitter      (TIJ):    0.240ns
    Discrete Jitter          (DJ):    0.000ns
    Phase Error              (PE):    0.000ns

    Location             Delay type                Incr(ns)  Path(ns)    Netlist Resource(s)
  -------------------------------------------------------------------    -------------------
                         (clock clk_fpga_0 rise edge)
                                                      0.000     0.000 r  
    PS7_X0Y0             PS7                          0.000     0.000 r  tme_bd_i/processing_system7_0/inst/PS7_i/FCLKCLK[0]
                         net (fo=1, routed)           1.193     1.193    tme_bd_i/processing_system7_0/inst/FCLK_CLK_unbuffered[0]
    BUFGCTRL_X0Y16       BUFG (Prop_bufg_I_O)         0.101     1.294 r  tme_bd_i/processing_system7_0/inst/buffer_fclk_clk_0.FCLK_CLK_0_BUFG/O
                         net (fo=26079, routed)       1.844     3.138    tme_bd_i/tme_top_0/inst/grp_tme_top_Pipeline_load_templ_VITIS_LOOP_290_2_fu_1311/mac_muladd_15s_8ns_15s_15_4_1_U28/tme_top_mac_muladd_15s_8ns_15s_15_4_1_DSP48_0_U/ap_clk
    DSP48_X0Y4           DSP48E1                                      r  tme_bd_i/tme_top_0/inst/grp_tme_top_Pipeline_load_templ_VITIS_LOOP_290_2_fu_1311/mac_muladd_15s_8ns_15s_15_4_1_U28/tme_top_mac_muladd_15s_8ns_15s_15_4_1_DSP48_0_U/p_reg_reg/CLK
  -------------------------------------------------------------------    -------------------
    DSP48_X0Y4           DSP48E1 (Prop_dsp48e1_CLK_P[8])
                                                      0.434     3.572 r  tme_bd_i/tme_top_0/inst/grp_tme_top_Pipeline_load_templ_VITIS_LOOP_290_2_fu_1311/mac_muladd_15s_8ns_15s_15_4_1_U28/tme_top_mac_muladd_15s_8ns_15s_15_4_1_DSP48_0_U/p_reg_reg/P[8]
                         net (fo=8, routed)           6.666    10.237    tme_bd_i/tme_top_0/inst/templ_buf_U/P[8]
    RAMB36_X5Y9          RAMB36E1                                     r  tme_bd_i/tme_top_0/inst/templ_buf_U/ram_reg_0_7/ADDRARDADDR[8]
  -------------------------------------------------------------------    -------------------

                         (clock clk_fpga_0 rise edge)
                                                      8.000     8.000 r  
    PS7_X0Y0             PS7                          0.000     8.000 r  tme_bd_i/processing_system7_0/inst/PS7_i/FCLKCLK[0]
                         net (fo=1, routed)           1.088     9.088    tme_bd_i/processing_system7_0/inst/FCLK_CLK_unbuffered[0]
    BUFGCTRL_X0Y16       BUFG (Prop_bufg_I_O)         0.091     9.179 r  tme_bd_i/processing_system7_0/inst/buffer_fclk_clk_0.FCLK_CLK_0_BUFG/O
                         net (fo=26079, routed)       1.670    10.849    tme_bd_i/tme_top_0/inst/templ_buf_U/ap_clk
    RAMB36_X5Y9          RAMB36E1                                     r  tme_bd_i/tme_top_0/inst/templ_buf_U/ram_reg_0_7/CLKARDCLK
                         clock pessimism              0.129    10.978    
                         clock uncertainty           -0.125    10.853    
    RAMB36_X5Y9          RAMB36E1 (Setup_ramb36e1_CLKARDCLK_ADDRARDADDR[8])
                                                     -0.566    10.287    tme_bd_i/tme_top_0/inst/templ_buf_U/ram_reg_0_7
  -------------------------------------------------------------------
                         required time                         10.287    
                         arrival time                         -10.237    
  -------------------------------------------------------------------
                         slack                                  0.050    

Slack (MET) :             0.066ns  (required time - arrival time)
  Source:                 tme_bd_i/tme_top_0/inst/grp_correlation_core_fu_1826/grp_correlation_core_Pipeline_refill_seg_fu_7732/icmp_ln179_reg_11283_pp0_iter3_reg_reg[0]/C
                            (rising edge-triggered cell FDRE clocked by clk_fpga_0  {rise@0.000ns fall@4.000ns period=8.000ns})
  Destination:            tme_bd_i/tme_top_0/inst/grp_correlation_core_fu_1826/grp_correlation_core_Pipeline_refill_seg_fu_7732/seg_459_fu_2434_reg[7]/D
                            (rising edge-triggered cell FDRE clocked by clk_fpga_0  {rise@0.000ns fall@4.000ns period=8.000ns})
  Path Group:             clk_fpga_0
  Path Type:              Setup (Max at Slow Process Corner)
  Requirement:            8.000ns  (clk_fpga_0 rise@8.000ns - clk_fpga_0 rise@0.000ns)
  Data Path Delay:        7.829ns  (logic 0.580ns (7.408%)  route 7.249ns (92.592%))
  Logic Levels:           1  (LUT6=1)
  Clock Path Skew:        -0.012ns (DCD - SCD + CPR)
    Destination Clock Delay (DCD):    2.804ns = ( 10.804 - 8.000 ) 
    Source Clock Delay      (SCD):    2.931ns
    Clock Pessimism Removal (CPR):    0.115ns
  Clock Uncertainty:      0.125ns  ((TSJ^2 + TIJ^2)^1/2 + DJ) / 2 + PE
    Total System Jitter     (TSJ):    0.071ns
    Total Input Jitter      (TIJ):    0.240ns
    Discrete Jitter          (DJ):    0.000ns
    Phase Error              (PE):    0.000ns

    Location             Delay type                Incr(ns)  Path(ns)    Netlist Resource(s)
  -------------------------------------------------------------------    -------------------
                         (clock clk_fpga_0 rise edge)
                                                      0.000     0.000 r  
    PS7_X0Y0             PS7                          0.000     0.000 r  tme_bd_i/processing_system7_0/inst/PS7_i/FCLKCLK[0]
                         net (fo=1, routed)           1.193     1.193    tme_bd_i/processing_system7_0/inst/FCLK_CLK_unbuffered[0]
    BUFGCTRL_X0Y16       BUFG (Prop_bufg_I_O)         0.101     1.294 r  tme_bd_i/processing_system7_0/inst/buffer_fclk_clk_0.FCLK_CLK_0_BUFG/O
                         net (fo=26079, routed)       1.637     2.931    tme_bd_i/tme_top_0/inst/grp_correlation_core_fu_1826/grp_correlation_core_Pipeline_refill_seg_fu_7732/ap_clk
    SLICE_X51Y59         FDRE                                         r  tme_bd_i/tme_top_0/inst/grp_correlation_core_fu_1826/grp_correlation_core_Pipeline_refill_seg_fu_7732/icmp_ln179_reg_11283_pp0_iter3_reg_reg[0]/C
  -------------------------------------------------------------------    -------------------
    SLICE_X51Y59         FDRE (Prop_fdre_C_Q)         0.456     3.387 r  tme_bd_i/tme_top_0/inst/grp_correlation_core_fu_1826/grp_correlation_core_Pipeline_refill_seg_fu_7732/icmp_ln179_reg_11283_pp0_iter3_reg_reg[0]/Q
                         net (fo=1848, routed)        7.249    10.636    tme_bd_i/tme_top_0/inst/grp_correlation_core_fu_1826/grp_correlation_core_Pipeline_refill_seg_fu_7732/flow_control_loop_pipe_sequential_init_U/icmp_ln179_reg_11283_pp0_iter3_reg[0]
    SLICE_X103Y3         LUT6 (Prop_lut6_I4_O)        0.124    10.760 r  tme_bd_i/tme_top_0/inst/grp_correlation_core_fu_1826/grp_correlation_core_Pipeline_refill_seg_fu_7732/flow_control_loop_pipe_sequential_init_U/seg_459_fu_2434[7]_i_2/O
                         net (fo=1, routed)           0.000    10.760    tme_bd_i/tme_top_0/inst/grp_correlation_core_fu_1826/grp_correlation_core_Pipeline_refill_seg_fu_7732/flow_control_loop_pipe_sequential_init_U_n_1715
    SLICE_X103Y3         FDRE                                         r  tme_bd_i/tme_top_0/inst/grp_correlation_core_fu_1826/grp_correlation_core_Pipeline_refill_seg_fu_7732/seg_459_fu_2434_reg[7]/D
  -------------------------------------------------------------------    -------------------

                         (clock clk_fpga_0 rise edge)
                                                      8.000     8.000 r  
    PS7_X0Y0             PS7                          0.000     8.000 r  tme_bd_i/processing_system7_0/inst/PS7_i/FCLKCLK[0]
                         net (fo=1, routed)           1.088     9.088    tme_bd_i/processing_system7_0/inst/FCLK_CLK_unbuffered[0]
    BUFGCTRL_X0Y16       BUFG (Prop_bufg_I_O)         0.091     9.179 r  tme_bd_i/processing_system7_0/inst/buffer_fclk_clk_0.FCLK_CLK_0_BUFG/O
                         net (fo=26079, routed)       1.625    10.804    tme_bd_i/tme_top_0/inst/grp_correlation_core_fu_1826/grp_correlation_core_Pipeline_refill_seg_fu_7732/ap_clk
    SLICE_X103Y3         FDRE                                         r  tme_bd_i/tme_top_0/inst/grp_correlation_core_fu_1826/grp_correlation_core_Pipeline_refill_seg_fu_7732/seg_459_fu_2434_reg[7]/C
                         clock pessimism              0.115    10.919    
                         clock uncertainty           -0.125    10.794    
    SLICE_X103Y3         FDRE (Setup_fdre_C_D)        0.032    10.826    tme_bd_i/tme_top_0/inst/grp_correlation_core_fu_1826/grp_correlation_core_Pipeline_refill_seg_fu_7732/seg_459_fu_2434_reg[7]
  -------------------------------------------------------------------
                         required time                         10.826    
                         arrival time                         -10.760    
  -------------------------------------------------------------------
                         slack                                  0.066    

Slack (MET) :             0.072ns  (required time - arrival time)
  Source:                 tme_bd_i/tme_top_0/inst/grp_correlation_core_fu_1826/grp_correlation_core_Pipeline_mac_loop_fu_8736/x_2_reg_21480_reg[2]/C
                            (rising edge-triggered cell FDRE clocked by clk_fpga_0  {rise@0.000ns fall@4.000ns period=8.000ns})
  Destination:            tme_bd_i/tme_top_0/inst/grp_correlation_core_fu_1826/grp_correlation_core_Pipeline_mac_loop_fu_8736/mac_muladd_8ns_8ns_24s_24_4_1_U1466/tme_top_mac_muladd_8ns_8ns_24s_24_4_1_DSP48_0_U/p_reg_reg/B[4]
                            (rising edge-triggered cell DSP48E1 clocked by clk_fpga_0  {rise@0.000ns fall@4.000ns period=8.000ns})
  Path Group:             clk_fpga_0
  Path Type:              Setup (Max at Slow Process Corner)
  Requirement:            8.000ns  (clk_fpga_0 rise@8.000ns - clk_fpga_0 rise@0.000ns)
  Data Path Delay:        7.185ns  (logic 1.688ns (23.494%)  route 5.497ns (76.506%))
  Logic Levels:           5  (LUT5=1 LUT6=1 MUXF7=2 MUXF8=1)
  Clock Path Skew:        -0.168ns (DCD - SCD + CPR)
    Destination Clock Delay (DCD):    2.738ns = ( 10.738 - 8.000 ) 
    Source Clock Delay      (SCD):    3.021ns
    Clock Pessimism Removal (CPR):    0.115ns
  Clock Uncertainty:      0.125ns  ((TSJ^2 + TIJ^2)^1/2 + DJ) / 2 + PE
    Total System Jitter     (TSJ):    0.071ns
    Total Input Jitter      (TIJ):    0.240ns
    Discrete Jitter          (DJ):    0.000ns
    Phase Error              (PE):    0.000ns

    Location             Delay type                Incr(ns)  Path(ns)    Netlist Resource(s)
  -------------------------------------------------------------------    -------------------
                         (clock clk_fpga_0 rise edge)
                                                      0.000     0.000 r  
    PS7_X0Y0             PS7                          0.000     0.000 r  tme_bd_i/processing_system7_0/inst/PS7_i/FCLKCLK[0]
                         net (fo=1, routed)           1.193     1.193    tme_bd_i/processing_system7_0/inst/FCLK_CLK_unbuffered[0]
    BUFGCTRL_X0Y16       BUFG (Prop_bufg_I_O)         0.101     1.294 r  tme_bd_i/processing_system7_0/inst/buffer_fclk_clk_0.FCLK_CLK_0_BUFG/O
                         net (fo=26079, routed)       1.727     3.021    tme_bd_i/tme_top_0/inst/grp_correlation_core_fu_1826/grp_correlation_core_Pipeline_mac_loop_fu_8736/ap_clk
    SLICE_X63Y37         FDRE                                         r  tme_bd_i/tme_top_0/inst/grp_correlation_core_fu_1826/grp_correlation_core_Pipeline_mac_loop_fu_8736/x_2_reg_21480_reg[2]/C
  -------------------------------------------------------------------    -------------------
    SLICE_X63Y37         FDRE (Prop_fdre_C_Q)         0.456     3.477 r  tme_bd_i/tme_top_0/inst/grp_correlation_core_fu_1826/grp_correlation_core_Pipeline_mac_loop_fu_8736/x_2_reg_21480_reg[2]/Q
                         net (fo=129, routed)         1.624     5.101    tme_bd_i/tme_top_0/inst/grp_tme_top_Pipeline_VITIS_LOOP_366_3_fu_1493/p_reg_reg_0[2]
    SLICE_X81Y50         MUXF7 (Prop_muxf7_S_O)       0.296     5.397 r  tme_bd_i/tme_top_0/inst/grp_tme_top_Pipeline_VITIS_LOOP_366_3_fu_1493/p_reg_reg_i_612__2/O
                         net (fo=1, routed)           0.000     5.397    tme_bd_i/tme_top_0/inst/grp_tme_top_Pipeline_VITIS_LOOP_366_3_fu_1493/p_reg_reg_i_612__2_n_2
    SLICE_X81Y50         MUXF8 (Prop_muxf8_I0_O)      0.104     5.501 r  tme_bd_i/tme_top_0/inst/grp_tme_top_Pipeline_VITIS_LOOP_366_3_fu_1493/p_reg_reg_i_248__6/O
                         net (fo=1, routed)           1.512     7.013    tme_bd_i/tme_top_0/inst/grp_tme_top_Pipeline_VITIS_LOOP_366_3_fu_1493/p_reg_reg_i_248__6_n_2
    SLICE_X63Y47         LUT6 (Prop_lut6_I0_O)        0.316     7.329 r  tme_bd_i/tme_top_0/inst/grp_tme_top_Pipeline_VITIS_LOOP_366_3_fu_1493/p_reg_reg_i_87__14/O
                         net (fo=1, routed)           0.000     7.329    tme_bd_i/tme_top_0/inst/grp_tme_top_Pipeline_VITIS_LOOP_366_3_fu_1493/p_reg_reg_i_87__14_n_2
    SLICE_X63Y47         MUXF7 (Prop_muxf7_I1_O)      0.217     7.546 r  tme_bd_i/tme_top_0/inst/grp_tme_top_Pipeline_VITIS_LOOP_366_3_fu_1493/p_reg_reg_i_30__14/O
                         net (fo=1, routed)           0.742     8.288    tme_bd_i/tme_top_0/inst/grp_tme_top_Pipeline_VITIS_LOOP_366_3_fu_1493/p_reg_reg_i_30__14_n_2
    SLICE_X65Y49         LUT5 (Prop_lut5_I4_O)        0.299     8.587 r  tme_bd_i/tme_top_0/inst/grp_tme_top_Pipeline_VITIS_LOOP_366_3_fu_1493/p_reg_reg_i_4__14/O
                         net (fo=16, routed)          1.618    10.206    tme_bd_i/tme_top_0/inst/grp_correlation_core_fu_1826/grp_correlation_core_Pipeline_mac_loop_fu_8736/mac_muladd_8ns_8ns_24s_24_4_1_U1466/tme_top_mac_muladd_8ns_8ns_24s_24_4_1_DSP48_0_U/B[4]
    DSP48_X2Y27          DSP48E1                                      r  tme_bd_i/tme_top_0/inst/grp_correlation_core_fu_1826/grp_correlation_core_Pipeline_mac_loop_fu_8736/mac_muladd_8ns_8ns_24s_24_4_1_U1466/tme_top_mac_muladd_8ns_8ns_24s_24_4_1_DSP48_0_U/p_reg_reg/B[4]
  -------------------------------------------------------------------    -------------------

                         (clock clk_fpga_0 rise edge)
                                                      8.000     8.000 r  
    PS7_X0Y0             PS7                          0.000     8.000 r  tme_bd_i/processing_system7_0/inst/PS7_i/FCLKCLK[0]
                         net (fo=1, routed)           1.088     9.088    tme_bd_i/processing_system7_0/inst/FCLK_CLK_unbuffered[0]
    BUFGCTRL_X0Y16       BUFG (Prop_bufg_I_O)         0.091     9.179 r  tme_bd_i/processing_system7_0/inst/buffer_fclk_clk_0.FCLK_CLK_0_BUFG/O
                         net (fo=26079, routed)       1.559    10.738    tme_bd_i/tme_top_0/inst/grp_correlation_core_fu_1826/grp_correlation_core_Pipeline_mac_loop_fu_8736/mac_muladd_8ns_8ns_24s_24_4_1_U1466/tme_top_mac_muladd_8ns_8ns_24s_24_4_1_DSP48_0_U/ap_clk
    DSP48_X2Y27          DSP48E1                                      r  tme_bd_i/tme_top_0/inst/grp_correlation_core_fu_1826/grp_correlation_core_Pipeline_mac_loop_fu_8736/mac_muladd_8ns_8ns_24s_24_4_1_U1466/tme_top_mac_muladd_8ns_8ns_24s_24_4_1_DSP48_0_U/p_reg_reg/CLK
                         clock pessimism              0.115    10.853    
                         clock uncertainty           -0.125    10.728    
    DSP48_X2Y27          DSP48E1 (Setup_dsp48e1_CLK_B[4])
                                                     -0.450    10.278    tme_bd_i/tme_top_0/inst/grp_correlation_core_fu_1826/grp_correlation_core_Pipeline_mac_loop_fu_8736/mac_muladd_8ns_8ns_24s_24_4_1_U1466/tme_top_mac_muladd_8ns_8ns_24s_24_4_1_DSP48_0_U/p_reg_reg
  -------------------------------------------------------------------
                         required time                         10.278    
                         arrival time                         -10.206    
  -------------------------------------------------------------------
                         slack                                  0.072    

Slack (MET) :             0.092ns  (required time - arrival time)
  Source:                 tme_bd_i/tme_top_0/inst/templ_buf_U/ram_reg_0_7/CLKBWRCLK
                            (rising edge-triggered cell RAMB36E1 clocked by clk_fpga_0  {rise@0.000ns fall@4.000ns period=8.000ns})
  Destination:            tme_bd_i/tme_top_0/inst/grp_tme_top_Pipeline_VITIS_LOOP_366_3_fu_1493/t_row_92_fu_1404_reg[7]/D
                            (rising edge-triggered cell FDRE clocked by clk_fpga_0  {rise@0.000ns fall@4.000ns period=8.000ns})
  Path Group:             clk_fpga_0
  Path Type:              Setup (Max at Slow Process Corner)
  Requirement:            8.000ns  (clk_fpga_0 rise@8.000ns - clk_fpga_0 rise@0.000ns)
  Data Path Delay:        7.536ns  (logic 2.454ns (32.566%)  route 5.082ns (67.434%))
  Logic Levels:           0  
  Clock Path Skew:        -0.185ns (DCD - SCD + CPR)
    Destination Clock Delay (DCD):    2.724ns = ( 10.724 - 8.000 ) 
    Source Clock Delay      (SCD):    3.139ns
    Clock Pessimism Removal (CPR):    0.230ns
  Clock Uncertainty:      0.125ns  ((TSJ^2 + TIJ^2)^1/2 + DJ) / 2 + PE
    Total System Jitter     (TSJ):    0.071ns
    Total Input Jitter      (TIJ):    0.240ns
    Discrete Jitter          (DJ):    0.000ns
    Phase Error              (PE):    0.000ns

    Location             Delay type                Incr(ns)  Path(ns)    Netlist Resource(s)
  -------------------------------------------------------------------    -------------------
                         (clock clk_fpga_0 rise edge)
                                                      0.000     0.000 r  
    PS7_X0Y0             PS7                          0.000     0.000 r  tme_bd_i/processing_system7_0/inst/PS7_i/FCLKCLK[0]
                         net (fo=1, routed)           1.193     1.193    tme_bd_i/processing_system7_0/inst/FCLK_CLK_unbuffered[0]
    BUFGCTRL_X0Y16       BUFG (Prop_bufg_I_O)         0.101     1.294 r  tme_bd_i/processing_system7_0/inst/buffer_fclk_clk_0.FCLK_CLK_0_BUFG/O
                         net (fo=26079, routed)       1.845     3.139    tme_bd_i/tme_top_0/inst/templ_buf_U/ap_clk
    RAMB36_X5Y9          RAMB36E1                                     r  tme_bd_i/tme_top_0/inst/templ_buf_U/ram_reg_0_7/CLKBWRCLK
  -------------------------------------------------------------------    -------------------
    RAMB36_X5Y9          RAMB36E1 (Prop_ramb36e1_CLKBWRCLK_DOBDO[0])
                                                      2.454     5.593 r  tme_bd_i/tme_top_0/inst/templ_buf_U/ram_reg_0_7/DOBDO[0]
                         net (fo=216, routed)         5.082    10.675    tme_bd_i/tme_top_0/inst/grp_tme_top_Pipeline_VITIS_LOOP_366_3_fu_1493/q0[7]
    SLICE_X63Y29         FDRE                                         r  tme_bd_i/tme_top_0/inst/grp_tme_top_Pipeline_VITIS_LOOP_366_3_fu_1493/t_row_92_fu_1404_reg[7]/D
  -------------------------------------------------------------------    -------------------

                         (clock clk_fpga_0 rise edge)
                                                      8.000     8.000 r  
    PS7_X0Y0             PS7                          0.000     8.000 r  tme_bd_i/processing_system7_0/inst/PS7_i/FCLKCLK[0]
                         net (fo=1, routed)           1.088     9.088    tme_bd_i/processing_system7_0/inst/FCLK_CLK_unbuffered[0]
    BUFGCTRL_X0Y16       BUFG (Prop_bufg_I_O)         0.091     9.179 r  tme_bd_i/processing_system7_0/inst/buffer_fclk_clk_0.FCLK_CLK_0_BUFG/O
                         net (fo=26079, routed)       1.545    10.724    tme_bd_i/tme_top_0/inst/grp_tme_top_Pipeline_VITIS_LOOP_366_3_fu_1493/ap_clk
    SLICE_X63Y29         FDRE                                         r  tme_bd_i/tme_top_0/inst/grp_tme_top_Pipeline_VITIS_LOOP_366_3_fu_1493/t_row_92_fu_1404_reg[7]/C
                         clock pessimism              0.230    10.954    
                         clock uncertainty           -0.125    10.829    
    SLICE_X63Y29         FDRE (Setup_fdre_C_D)       -0.062    10.767    tme_bd_i/tme_top_0/inst/grp_tme_top_Pipeline_VITIS_LOOP_366_3_fu_1493/t_row_92_fu_1404_reg[7]
  -------------------------------------------------------------------
                         required time                         10.767    
                         arrival time                         -10.675    
  -------------------------------------------------------------------
                         slack                                  0.092    

Slack (MET) :             0.120ns  (required time - arrival time)
  Source:                 tme_bd_i/tme_top_0/inst/grp_correlation_core_fu_1826/seg_991_reg_6742_reg[5]/C
                            (rising edge-triggered cell FDRE clocked by clk_fpga_0  {rise@0.000ns fall@4.000ns period=8.000ns})
  Destination:            tme_bd_i/tme_top_0/inst/grp_correlation_core_fu_1826/grp_correlation_core_Pipeline_mac_loop_fu_8736/empty_49_fu_1428_reg[23]_psdsp_2/D
                            (rising edge-triggered cell FDRE clocked by clk_fpga_0  {rise@0.000ns fall@4.000ns period=8.000ns})
  Path Group:             clk_fpga_0
  Path Type:              Setup (Max at Slow Process Corner)
  Requirement:            8.000ns  (clk_fpga_0 rise@8.000ns - clk_fpga_0 rise@0.000ns)
  Data Path Delay:        7.431ns  (logic 1.164ns (15.664%)  route 6.267ns (84.336%))
  Logic Levels:           5  (LUT3=1 LUT6=3 MUXF7=1)
  Clock Path Skew:        -0.091ns (DCD - SCD + CPR)
    Destination Clock Delay (DCD):    2.741ns = ( 10.741 - 8.000 ) 
    Source Clock Delay      (SCD):    2.961ns
    Clock Pessimism Removal (CPR):    0.129ns
  Clock Uncertainty:      0.125ns  ((TSJ^2 + TIJ^2)^1/2 + DJ) / 2 + PE
    Total System Jitter     (TSJ):    0.071ns
    Total Input Jitter      (TIJ):    0.240ns
    Discrete Jitter          (DJ):    0.000ns
    Phase Error              (PE):    0.000ns

    Location             Delay type                Incr(ns)  Path(ns)    Netlist Resource(s)
  -------------------------------------------------------------------    -------------------
                         (clock clk_fpga_0 rise edge)
                                                      0.000     0.000 r  
    PS7_X0Y0             PS7                          0.000     0.000 r  tme_bd_i/processing_system7_0/inst/PS7_i/FCLKCLK[0]
                         net (fo=1, routed)           1.193     1.193    tme_bd_i/processing_system7_0/inst/FCLK_CLK_unbuffered[0]
    BUFGCTRL_X0Y16       BUFG (Prop_bufg_I_O)         0.101     1.294 r  tme_bd_i/processing_system7_0/inst/buffer_fclk_clk_0.FCLK_CLK_0_BUFG/O
                         net (fo=26079, routed)       1.667     2.961    tme_bd_i/tme_top_0/inst/grp_correlation_core_fu_1826/ap_clk
    SLICE_X37Y39         FDRE                                         r  tme_bd_i/tme_top_0/inst/grp_correlation_core_fu_1826/seg_991_reg_6742_reg[5]/C
  -------------------------------------------------------------------    -------------------
    SLICE_X37Y39         FDRE (Prop_fdre_C_Q)         0.456     3.417 r  tme_bd_i/tme_top_0/inst/grp_correlation_core_fu_1826/seg_991_reg_6742_reg[5]/Q
                         net (fo=5, routed)           1.591     5.008    tme_bd_i/tme_top_0/inst/grp_correlation_core_fu_1826/grp_correlation_core_Pipeline_mac_loop_fu_8736/mac_muladd_8ns_8ns_24s_24_4_1_U1466/tme_top_mac_muladd_8ns_8ns_24s_24_4_1_DSP48_0_U/p_reg_reg_i_94__8_0[5]
    SLICE_X57Y40         LUT6 (Prop_lut6_I1_O)        0.124     5.132 r  tme_bd_i/tme_top_0/inst/grp_correlation_core_fu_1826/grp_correlation_core_Pipeline_mac_loop_fu_8736/mac_muladd_8ns_8ns_24s_24_4_1_U1466/tme_top_mac_muladd_8ns_8ns_24s_24_4_1_DSP48_0_U/p_reg_reg_i_323__0/O
                         net (fo=2, routed)           1.342     6.474    tme_bd_i/tme_top_0/inst/grp_correlation_core_fu_1826/grp_correlation_core_Pipeline_mac_loop_fu_8736/mac_muladd_8ns_8ns_24s_24_4_1_U1466/tme_top_mac_muladd_8ns_8ns_24s_24_4_1_DSP48_0_U/seg_992_reg_6732_reg[5]
    SLICE_X61Y47         LUT3 (Prop_lut3_I2_O)        0.124     6.598 r  tme_bd_i/tme_top_0/inst/grp_correlation_core_fu_1826/grp_correlation_core_Pipeline_mac_loop_fu_8736/mac_muladd_8ns_8ns_24s_24_4_1_U1466/tme_top_mac_muladd_8ns_8ns_24s_24_4_1_DSP48_0_U/p_reg_reg_i_123__5/O
                         net (fo=2, routed)           0.970     7.568    tme_bd_i/tme_top_0/inst/grp_correlation_core_fu_1826/grp_correlation_core_Pipeline_mac_loop_fu_8736/mac_muladd_8ns_8ns_24s_24_4_1_U1474/tme_top_mac_muladd_8ns_8ns_24s_24_4_1_DSP48_0_U/p_reg_reg_i_13__8_2
    SLICE_X60Y43         LUT6 (Prop_lut6_I0_O)        0.124     7.692 r  tme_bd_i/tme_top_0/inst/grp_correlation_core_fu_1826/grp_correlation_core_Pipeline_mac_loop_fu_8736/mac_muladd_8ns_8ns_24s_24_4_1_U1474/tme_top_mac_muladd_8ns_8ns_24s_24_4_1_DSP48_0_U/p_reg_reg_i_40__13/O
                         net (fo=1, routed)           1.134     8.826    tme_bd_i/tme_top_0/inst/grp_correlation_core_fu_1826/grp_correlation_core_Pipeline_mac_loop_fu_8736/mac_muladd_8ns_8ns_24s_24_4_1_U1474/tme_top_mac_muladd_8ns_8ns_24s_24_4_1_DSP48_0_U/p_reg_reg_i_40__13_n_2
    SLICE_X78Y43         LUT6 (Prop_lut6_I1_O)        0.124     8.950 r  tme_bd_i/tme_top_0/inst/grp_correlation_core_fu_1826/grp_correlation_core_Pipeline_mac_loop_fu_8736/mac_muladd_8ns_8ns_24s_24_4_1_U1474/tme_top_mac_muladd_8ns_8ns_24s_24_4_1_DSP48_0_U/p_reg_reg_i_13__8/O
                         net (fo=1, routed)           0.000     8.950    tme_bd_i/tme_top_0/inst/grp_correlation_core_fu_1826/grp_correlation_core_Pipeline_mac_loop_fu_8736/mac_muladd_8ns_8ns_24s_24_4_1_U1474/tme_top_mac_muladd_8ns_8ns_24s_24_4_1_DSP48_0_U/p_reg_reg_i_13__8_n_2
    SLICE_X78Y43         MUXF7 (Prop_muxf7_I0_O)      0.212     9.162 r  tme_bd_i/tme_top_0/inst/grp_correlation_core_fu_1826/grp_correlation_core_Pipeline_mac_loop_fu_8736/mac_muladd_8ns_8ns_24s_24_4_1_U1474/tme_top_mac_muladd_8ns_8ns_24s_24_4_1_DSP48_0_U/p_reg_reg_i_3__3/O
                         net (fo=1, routed)           1.230    10.392    tme_bd_i/tme_top_0/inst/grp_correlation_core_fu_1826/grp_correlation_core_Pipeline_mac_loop_fu_8736/p_reg_reg_i_3__3_n_2_alias
    SLICE_X80Y43         FDRE                                         r  tme_bd_i/tme_top_0/inst/grp_correlation_core_fu_1826/grp_correlation_core_Pipeline_mac_loop_fu_8736/empty_49_fu_1428_reg[23]_psdsp_2/D
  -------------------------------------------------------------------    -------------------

                         (clock clk_fpga_0 rise edge)
                                                      8.000     8.000 r  
    PS7_X0Y0             PS7                          0.000     8.000 r  tme_bd_i/processing_system7_0/inst/PS7_i/FCLKCLK[0]
                         net (fo=1, routed)           1.088     9.088    tme_bd_i/processing_system7_0/inst/FCLK_CLK_unbuffered[0]
    BUFGCTRL_X0Y16       BUFG (Prop_bufg_I_O)         0.091     9.179 r  tme_bd_i/processing_system7_0/inst/buffer_fclk_clk_0.FCLK_CLK_0_BUFG/O
                         net (fo=26079, routed)       1.562    10.741    tme_bd_i/tme_top_0/inst/grp_correlation_core_fu_1826/grp_correlation_core_Pipeline_mac_loop_fu_8736/ap_clk
    SLICE_X80Y43         FDRE                                         r  tme_bd_i/tme_top_0/inst/grp_correlation_core_fu_1826/grp_correlation_core_Pipeline_mac_loop_fu_8736/empty_49_fu_1428_reg[23]_psdsp_2/C
                         clock pessimism              0.129    10.870    
                         clock uncertainty           -0.125    10.745    
    SLICE_X80Y43         FDRE (Setup_fdre_C_D)       -0.233    10.512    tme_bd_i/tme_top_0/inst/grp_correlation_core_fu_1826/grp_correlation_core_Pipeline_mac_loop_fu_8736/empty_49_fu_1428_reg[23]_psdsp_2
  -------------------------------------------------------------------
                         required time                         10.512    
                         arrival time                         -10.392    
  -------------------------------------------------------------------
                         slack                                  0.120    

Slack (MET) :             0.136ns  (required time - arrival time)
  Source:                 tme_bd_i/tme_top_0/inst/grp_correlation_core_fu_1826/grp_correlation_core_Pipeline_mac_loop_fu_8736/x_2_reg_21480_reg[2]/C
                            (rising edge-triggered cell FDRE clocked by clk_fpga_0  {rise@0.000ns fall@4.000ns period=8.000ns})
  Destination:            tme_bd_i/tme_top_0/inst/grp_correlation_core_fu_1826/grp_correlation_core_Pipeline_mac_loop_fu_8736/mac_muladd_8ns_8ns_24s_24_4_1_U1466/tme_top_mac_muladd_8ns_8ns_24s_24_4_1_DSP48_0_U/p_reg_reg/B[5]
                            (rising edge-triggered cell DSP48E1 clocked by clk_fpga_0  {rise@0.000ns fall@4.000ns period=8.000ns})
  Path Group:             clk_fpga_0
  Path Type:              Setup (Max at Slow Process Corner)
  Requirement:            8.000ns  (clk_fpga_0 rise@8.000ns - clk_fpga_0 rise@0.000ns)
  Data Path Delay:        7.121ns  (logic 1.688ns (23.704%)  route 5.433ns (76.296%))
  Logic Levels:           5  (LUT5=1 LUT6=1 MUXF7=2 MUXF8=1)
  Clock Path Skew:        -0.168ns (DCD - SCD + CPR)
    Destination Clock Delay (DCD):    2.738ns = ( 10.738 - 8.000 ) 
    Source Clock Delay      (SCD):    3.021ns
    Clock Pessimism Removal (CPR):    0.115ns
  Clock Uncertainty:      0.125ns  ((TSJ^2 + TIJ^2)^1/2 + DJ) / 2 + PE
    Total System Jitter     (TSJ):    0.071ns
    Total Input Jitter      (TIJ):    0.240ns
    Discrete Jitter          (DJ):    0.000ns
    Phase Error              (PE):    0.000ns

    Location             Delay type                Incr(ns)  Path(ns)    Netlist Resource(s)
  -------------------------------------------------------------------    -------------------
                         (clock clk_fpga_0 rise edge)
                                                      0.000     0.000 r  
    PS7_X0Y0             PS7                          0.000     0.000 r  tme_bd_i/processing_system7_0/inst/PS7_i/FCLKCLK[0]
                         net (fo=1, routed)           1.193     1.193    tme_bd_i/processing_system7_0/inst/FCLK_CLK_unbuffered[0]
    BUFGCTRL_X0Y16       BUFG (Prop_bufg_I_O)         0.101     1.294 r  tme_bd_i/processing_system7_0/inst/buffer_fclk_clk_0.FCLK_CLK_0_BUFG/O
                         net (fo=26079, routed)       1.727     3.021    tme_bd_i/tme_top_0/inst/grp_correlation_core_fu_1826/grp_correlation_core_Pipeline_mac_loop_fu_8736/ap_clk
    SLICE_X63Y37         FDRE                                         r  tme_bd_i/tme_top_0/inst/grp_correlation_core_fu_1826/grp_correlation_core_Pipeline_mac_loop_fu_8736/x_2_reg_21480_reg[2]/C
  -------------------------------------------------------------------    -------------------
    SLICE_X63Y37         FDRE (Prop_fdre_C_Q)         0.456     3.477 r  tme_bd_i/tme_top_0/inst/grp_correlation_core_fu_1826/grp_correlation_core_Pipeline_mac_loop_fu_8736/x_2_reg_21480_reg[2]/Q
                         net (fo=129, routed)         1.783     5.260    tme_bd_i/tme_top_0/inst/grp_tme_top_Pipeline_VITIS_LOOP_366_3_fu_1493/p_reg_reg_0[2]
    SLICE_X85Y51         MUXF7 (Prop_muxf7_S_O)       0.296     5.556 r  tme_bd_i/tme_top_0/inst/grp_tme_top_Pipeline_VITIS_LOOP_366_3_fu_1493/p_reg_reg_i_576__2/O
                         net (fo=1, routed)           0.000     5.556    tme_bd_i/tme_top_0/inst/grp_tme_top_Pipeline_VITIS_LOOP_366_3_fu_1493/p_reg_reg_i_576__2_n_2
    SLICE_X85Y51         MUXF8 (Prop_muxf8_I0_O)      0.104     5.660 r  tme_bd_i/tme_top_0/inst/grp_tme_top_Pipeline_VITIS_LOOP_366_3_fu_1493/p_reg_reg_i_230__6/O
                         net (fo=1, routed)           1.418     7.078    tme_bd_i/tme_top_0/inst/grp_tme_top_Pipeline_VITIS_LOOP_366_3_fu_1493/p_reg_reg_i_230__6_n_2
    SLICE_X68Y48         LUT6 (Prop_lut6_I0_O)        0.316     7.394 r  tme_bd_i/tme_top_0/inst/grp_tme_top_Pipeline_VITIS_LOOP_366_3_fu_1493/p_reg_reg_i_80__14/O
                         net (fo=1, routed)           0.000     7.394    tme_bd_i/tme_top_0/inst/grp_tme_top_Pipeline_VITIS_LOOP_366_3_fu_1493/p_reg_reg_i_80__14_n_2
    SLICE_X68Y48         MUXF7 (Prop_muxf7_I1_O)      0.217     7.611 r  tme_bd_i/tme_top_0/inst/grp_tme_top_Pipeline_VITIS_LOOP_366_3_fu_1493/p_reg_reg_i_27__14/O
                         net (fo=1, routed)           0.571     8.182    tme_bd_i/tme_top_0/inst/grp_tme_top_Pipeline_VITIS_LOOP_366_3_fu_1493/p_reg_reg_i_27__14_n_2
    SLICE_X71Y48         LUT5 (Prop_lut5_I4_O)        0.299     8.481 r  tme_bd_i/tme_top_0/inst/grp_tme_top_Pipeline_VITIS_LOOP_366_3_fu_1493/p_reg_reg_i_3__14/O
                         net (fo=16, routed)          1.661    10.142    tme_bd_i/tme_top_0/inst/grp_correlation_core_fu_1826/grp_correlation_core_Pipeline_mac_loop_fu_8736/mac_muladd_8ns_8ns_24s_24_4_1_U1466/tme_top_mac_muladd_8ns_8ns_24s_24_4_1_DSP48_0_U/B[5]
    DSP48_X2Y27          DSP48E1                                      r  tme_bd_i/tme_top_0/inst/grp_correlation_core_fu_1826/grp_correlation_core_Pipeline_mac_loop_fu_8736/mac_muladd_8ns_8ns_24s_24_4_1_U1466/tme_top_mac_muladd_8ns_8ns_24s_24_4_1_DSP48_0_U/p_reg_reg/B[5]
  -------------------------------------------------------------------    -------------------

                         (clock clk_fpga_0 rise edge)
                                                      8.000     8.000 r  
    PS7_X0Y0             PS7                          0.000     8.000 r  tme_bd_i/processing_system7_0/inst/PS7_i/FCLKCLK[0]
                         net (fo=1, routed)           1.088     9.088    tme_bd_i/processing_system7_0/inst/FCLK_CLK_unbuffered[0]
    BUFGCTRL_X0Y16       BUFG (Prop_bufg_I_O)         0.091     9.179 r  tme_bd_i/processing_system7_0/inst/buffer_fclk_clk_0.FCLK_CLK_0_BUFG/O
                         net (fo=26079, routed)       1.559    10.738    tme_bd_i/tme_top_0/inst/grp_correlation_core_fu_1826/grp_correlation_core_Pipeline_mac_loop_fu_8736/mac_muladd_8ns_8ns_24s_24_4_1_U1466/tme_top_mac_muladd_8ns_8ns_24s_24_4_1_DSP48_0_U/ap_clk
    DSP48_X2Y27          DSP48E1                                      r  tme_bd_i/tme_top_0/inst/grp_correlation_core_fu_1826/grp_correlation_core_Pipeline_mac_loop_fu_8736/mac_muladd_8ns_8ns_24s_24_4_1_U1466/tme_top_mac_muladd_8ns_8ns_24s_24_4_1_DSP48_0_U/p_reg_reg/CLK
                         clock pessimism              0.115    10.853    
                         clock uncertainty           -0.125    10.728    
    DSP48_X2Y27          DSP48E1 (Setup_dsp48e1_CLK_B[5])
                                                     -0.450    10.278    tme_bd_i/tme_top_0/inst/grp_correlation_core_fu_1826/grp_correlation_core_Pipeline_mac_loop_fu_8736/mac_muladd_8ns_8ns_24s_24_4_1_U1466/tme_top_mac_muladd_8ns_8ns_24s_24_4_1_DSP48_0_U/p_reg_reg
  -------------------------------------------------------------------
                         required time                         10.278    
                         arrival time                         -10.142    
  -------------------------------------------------------------------
                         slack                                  0.136    

Slack (MET) :             0.152ns  (required time - arrival time)
  Source:                 tme_bd_i/tme_top_0/inst/grp_correlation_core_fu_1826/grp_correlation_core_Pipeline_mac_loop_fu_8736/x_2_reg_21480_reg[2]/C
                            (rising edge-triggered cell FDRE clocked by clk_fpga_0  {rise@0.000ns fall@4.000ns period=8.000ns})
  Destination:            tme_bd_i/tme_top_0/inst/grp_correlation_core_fu_1826/grp_correlation_core_Pipeline_mac_loop_fu_8736/mac_muladd_8ns_8ns_24s_24_4_1_U1466/tme_top_mac_muladd_8ns_8ns_24s_24_4_1_DSP48_0_U/p_reg_reg/B[0]
                            (rising edge-triggered cell DSP48E1 clocked by clk_fpga_0  {rise@0.000ns fall@4.000ns period=8.000ns})
  Path Group:             clk_fpga_0
  Path Type:              Setup (Max at Slow Process Corner)
  Requirement:            8.000ns  (clk_fpga_0 rise@8.000ns - clk_fpga_0 rise@0.000ns)
  Data Path Delay:        7.105ns  (logic 1.678ns (23.617%)  route 5.427ns (76.383%))
  Logic Levels:           5  (LUT5=1 LUT6=1 MUXF7=2 MUXF8=1)
  Clock Path Skew:        -0.168ns (DCD - SCD + CPR)
    Destination Clock Delay (DCD):    2.738ns = ( 10.738 - 8.000 ) 
    Source Clock Delay      (SCD):    3.021ns
    Clock Pessimism Removal (CPR):    0.115ns
  Clock Uncertainty:      0.125ns  ((TSJ^2 + TIJ^2)^1/2 + DJ) / 2 + PE
    Total System Jitter     (TSJ):    0.071ns
    Total Input Jitter      (TIJ):    0.240ns
    Discrete Jitter          (DJ):    0.000ns
    Phase Error              (PE):    0.000ns

    Location             Delay type                Incr(ns)  Path(ns)    Netlist Resource(s)
  -------------------------------------------------------------------    -------------------
                         (clock clk_fpga_0 rise edge)
                                                      0.000     0.000 r  
    PS7_X0Y0             PS7                          0.000     0.000 r  tme_bd_i/processing_system7_0/inst/PS7_i/FCLKCLK[0]
                         net (fo=1, routed)           1.193     1.193    tme_bd_i/processing_system7_0/inst/FCLK_CLK_unbuffered[0]
    BUFGCTRL_X0Y16       BUFG (Prop_bufg_I_O)         0.101     1.294 r  tme_bd_i/processing_system7_0/inst/buffer_fclk_clk_0.FCLK_CLK_0_BUFG/O
                         net (fo=26079, routed)       1.727     3.021    tme_bd_i/tme_top_0/inst/grp_correlation_core_fu_1826/grp_correlation_core_Pipeline_mac_loop_fu_8736/ap_clk
    SLICE_X63Y37         FDRE                                         r  tme_bd_i/tme_top_0/inst/grp_correlation_core_fu_1826/grp_correlation_core_Pipeline_mac_loop_fu_8736/x_2_reg_21480_reg[2]/C
  -------------------------------------------------------------------    -------------------
    SLICE_X63Y37         FDRE (Prop_fdre_C_Q)         0.456     3.477 r  tme_bd_i/tme_top_0/inst/grp_correlation_core_fu_1826/grp_correlation_core_Pipeline_mac_loop_fu_8736/x_2_reg_21480_reg[2]/Q
                         net (fo=129, routed)         1.436     4.913    tme_bd_i/tme_top_0/inst/grp_tme_top_Pipeline_VITIS_LOOP_366_3_fu_1493/p_reg_reg_0[2]
    SLICE_X51Y26         MUXF7 (Prop_muxf7_S_O)       0.296     5.209 r  tme_bd_i/tme_top_0/inst/grp_tme_top_Pipeline_VITIS_LOOP_366_3_fu_1493/p_reg_reg_i_748/O
                         net (fo=1, routed)           0.000     5.209    tme_bd_i/tme_top_0/inst/grp_tme_top_Pipeline_VITIS_LOOP_366_3_fu_1493/p_reg_reg_i_748_n_2
    SLICE_X51Y26         MUXF8 (Prop_muxf8_I0_O)      0.104     5.313 r  tme_bd_i/tme_top_0/inst/grp_tme_top_Pipeline_VITIS_LOOP_366_3_fu_1493/p_reg_reg_i_316__2/O
                         net (fo=1, routed)           1.661     6.973    tme_bd_i/tme_top_0/inst/grp_tme_top_Pipeline_VITIS_LOOP_366_3_fu_1493/p_reg_reg_i_316__2_n_2
    SLICE_X62Y42         LUT6 (Prop_lut6_I0_O)        0.316     7.289 r  tme_bd_i/tme_top_0/inst/grp_tme_top_Pipeline_VITIS_LOOP_366_3_fu_1493/p_reg_reg_i_114__14/O
                         net (fo=1, routed)           0.000     7.289    tme_bd_i/tme_top_0/inst/grp_tme_top_Pipeline_VITIS_LOOP_366_3_fu_1493/p_reg_reg_i_114__14_n_2
    SLICE_X62Y42         MUXF7 (Prop_muxf7_I0_O)      0.209     7.498 r  tme_bd_i/tme_top_0/inst/grp_tme_top_Pipeline_VITIS_LOOP_366_3_fu_1493/p_reg_reg_i_42__14/O
                         net (fo=1, routed)           0.759     8.257    tme_bd_i/tme_top_0/inst/grp_tme_top_Pipeline_VITIS_LOOP_366_3_fu_1493/p_reg_reg_i_42__14_n_2
    SLICE_X65Y46         LUT5 (Prop_lut5_I4_O)        0.297     8.554 r  tme_bd_i/tme_top_0/inst/grp_tme_top_Pipeline_VITIS_LOOP_366_3_fu_1493/p_reg_reg_i_8__14/O
                         net (fo=16, routed)          1.572    10.126    tme_bd_i/tme_top_0/inst/grp_correlation_core_fu_1826/grp_correlation_core_Pipeline_mac_loop_fu_8736/mac_muladd_8ns_8ns_24s_24_4_1_U1466/tme_top_mac_muladd_8ns_8ns_24s_24_4_1_DSP48_0_U/B[0]
    DSP48_X2Y27          DSP48E1                                      r  tme_bd_i/tme_top_0/inst/grp_correlation_core_fu_1826/grp_correlation_core_Pipeline_mac_loop_fu_8736/mac_muladd_8ns_8ns_24s_24_4_1_U1466/tme_top_mac_muladd_8ns_8ns_24s_24_4_1_DSP48_0_U/p_reg_reg/B[0]
  -------------------------------------------------------------------    -------------------

                         (clock clk_fpga_0 rise edge)
                                                      8.000     8.000 r  
    PS7_X0Y0             PS7                          0.000     8.000 r  tme_bd_i/processing_system7_0/inst/PS7_i/FCLKCLK[0]
                         net (fo=1, routed)           1.088     9.088    tme_bd_i/processing_system7_0/inst/FCLK_CLK_unbuffered[0]
    BUFGCTRL_X0Y16       BUFG (Prop_bufg_I_O)         0.091     9.179 r  tme_bd_i/processing_system7_0/inst/buffer_fclk_clk_0.FCLK_CLK_0_BUFG/O
                         net (fo=26079, routed)       1.559    10.738    tme_bd_i/tme_top_0/inst/grp_correlation_core_fu_1826/grp_correlation_core_Pipeline_mac_loop_fu_8736/mac_muladd_8ns_8ns_24s_24_4_1_U1466/tme_top_mac_muladd_8ns_8ns_24s_24_4_1_DSP48_0_U/ap_clk
    DSP48_X2Y27          DSP48E1                                      r  tme_bd_i/tme_top_0/inst/grp_correlation_core_fu_1826/grp_correlation_core_Pipeline_mac_loop_fu_8736/mac_muladd_8ns_8ns_24s_24_4_1_U1466/tme_top_mac_muladd_8ns_8ns_24s_24_4_1_DSP48_0_U/p_reg_reg/CLK
                         clock pessimism              0.115    10.853    
                         clock uncertainty           -0.125    10.728    
    DSP48_X2Y27          DSP48E1 (Setup_dsp48e1_CLK_B[0])
                                                     -0.450    10.278    tme_bd_i/tme_top_0/inst/grp_correlation_core_fu_1826/grp_correlation_core_Pipeline_mac_loop_fu_8736/mac_muladd_8ns_8ns_24s_24_4_1_U1466/tme_top_mac_muladd_8ns_8ns_24s_24_4_1_DSP48_0_U/p_reg_reg
  -------------------------------------------------------------------
                         required time                         10.278    
                         arrival time                         -10.126    
  -------------------------------------------------------------------
                         slack                                  0.152    

Slack (MET) :             0.178ns  (required time - arrival time)
  Source:                 tme_bd_i/tme_top_0/inst/grp_correlation_core_fu_1826/grp_correlation_core_Pipeline_mac_loop_fu_8736/x_2_reg_21480_reg[1]_replica/C
                            (rising edge-triggered cell FDRE clocked by clk_fpga_0  {rise@0.000ns fall@4.000ns period=8.000ns})
  Destination:            tme_bd_i/tme_top_0/inst/grp_correlation_core_fu_1826/grp_correlation_core_Pipeline_mac_loop_fu_8736/empty_43_fu_1404_reg[23]_psdsp/D
                            (rising edge-triggered cell FDRE clocked by clk_fpga_0  {rise@0.000ns fall@4.000ns period=8.000ns})
  Path Group:             clk_fpga_0
  Path Type:              Setup (Max at Slow Process Corner)
  Requirement:            8.000ns  (clk_fpga_0 rise@8.000ns - clk_fpga_0 rise@0.000ns)
  Data Path Delay:        7.465ns  (logic 1.391ns (18.633%)  route 6.074ns (81.367%))
  Logic Levels:           5  (LUT3=1 LUT6=3 MUXF7=1)
  Clock Path Skew:        -0.031ns (DCD - SCD + CPR)
    Destination Clock Delay (DCD):    2.797ns = ( 10.797 - 8.000 ) 
    Source Clock Delay      (SCD):    2.957ns
    Clock Pessimism Removal (CPR):    0.129ns
  Clock Uncertainty:      0.125ns  ((TSJ^2 + TIJ^2)^1/2 + DJ) / 2 + PE
    Total System Jitter     (TSJ):    0.071ns
    Total Input Jitter      (TIJ):    0.240ns
    Discrete Jitter          (DJ):    0.000ns
    Phase Error              (PE):    0.000ns

    Location             Delay type                Incr(ns)  Path(ns)    Netlist Resource(s)
  -------------------------------------------------------------------    -------------------
                         (clock clk_fpga_0 rise edge)
                                                      0.000     0.000 r  
    PS7_X0Y0             PS7                          0.000     0.000 r  tme_bd_i/processing_system7_0/inst/PS7_i/FCLKCLK[0]
                         net (fo=1, routed)           1.193     1.193    tme_bd_i/processing_system7_0/inst/FCLK_CLK_unbuffered[0]
    BUFGCTRL_X0Y16       BUFG (Prop_bufg_I_O)         0.101     1.294 r  tme_bd_i/processing_system7_0/inst/buffer_fclk_clk_0.FCLK_CLK_0_BUFG/O
                         net (fo=26079, routed)       1.663     2.957    tme_bd_i/tme_top_0/inst/grp_correlation_core_fu_1826/grp_correlation_core_Pipeline_mac_loop_fu_8736/ap_clk
    SLICE_X49Y37         FDRE                                         r  tme_bd_i/tme_top_0/inst/grp_correlation_core_fu_1826/grp_correlation_core_Pipeline_mac_loop_fu_8736/x_2_reg_21480_reg[1]_replica/C
  -------------------------------------------------------------------    -------------------
    SLICE_X49Y37         FDRE (Prop_fdre_C_Q)         0.456     3.413 r  tme_bd_i/tme_top_0/inst/grp_correlation_core_fu_1826/grp_correlation_core_Pipeline_mac_loop_fu_8736/x_2_reg_21480_reg[1]_replica/Q
                         net (fo=205, routed)         1.449     4.862    tme_bd_i/tme_top_0/inst/grp_correlation_core_fu_1826/grp_correlation_core_Pipeline_mac_loop_fu_8736/mac_muladd_8ns_8ns_24s_24_4_1_U1476/tme_top_mac_muladd_8ns_8ns_24s_24_4_1_DSP48_0_U/x_2_reg_21480_reg[1]_0_repN_alias
    SLICE_X47Y47         LUT6 (Prop_lut6_I2_O)        0.124     4.986 r  tme_bd_i/tme_top_0/inst/grp_correlation_core_fu_1826/grp_correlation_core_Pipeline_mac_loop_fu_8736/mac_muladd_8ns_8ns_24s_24_4_1_U1476/tme_top_mac_muladd_8ns_8ns_24s_24_4_1_DSP48_0_U/p_reg_reg_i_249__3/O
                         net (fo=2, routed)           1.275     6.261    tme_bd_i/tme_top_0/inst/grp_correlation_core_fu_1826/grp_correlation_core_Pipeline_mac_loop_fu_8736/mac_muladd_8ns_8ns_24s_24_4_1_U1476/tme_top_mac_muladd_8ns_8ns_24s_24_4_1_DSP48_0_U/seg_1002_reg_6632_reg[7]
    SLICE_X55Y47         LUT3 (Prop_lut3_I2_O)        0.152     6.413 r  tme_bd_i/tme_top_0/inst/grp_correlation_core_fu_1826/grp_correlation_core_Pipeline_mac_loop_fu_8736/mac_muladd_8ns_8ns_24s_24_4_1_U1476/tme_top_mac_muladd_8ns_8ns_24s_24_4_1_DSP48_0_U/p_reg_reg_i_84__7/O
                         net (fo=2, routed)           1.485     7.898    tme_bd_i/tme_top_0/inst/grp_correlation_core_fu_1826/grp_correlation_core_Pipeline_mac_loop_fu_8736/mac_muladd_8ns_8ns_24s_24_4_1_U1468/tme_top_mac_muladd_8ns_8ns_24s_24_4_1_DSP48_0_U/p_reg_reg_i_9__11_11
    SLICE_X88Y46         LUT6 (Prop_lut6_I3_O)        0.326     8.224 r  tme_bd_i/tme_top_0/inst/grp_correlation_core_fu_1826/grp_correlation_core_Pipeline_mac_loop_fu_8736/mac_muladd_8ns_8ns_24s_24_4_1_U1468/tme_top_mac_muladd_8ns_8ns_24s_24_4_1_DSP48_0_U/p_reg_reg_i_25__8/O
                         net (fo=1, routed)           1.240     9.464    tme_bd_i/tme_top_0/inst/grp_correlation_core_fu_1826/grp_correlation_core_Pipeline_mac_loop_fu_8736/mac_muladd_8ns_8ns_24s_24_4_1_U1468/tme_top_mac_muladd_8ns_8ns_24s_24_4_1_DSP48_0_U/p_reg_reg_i_25__8_n_2
    SLICE_X90Y37         LUT6 (Prop_lut6_I0_O)        0.124     9.588 r  tme_bd_i/tme_top_0/inst/grp_correlation_core_fu_1826/grp_correlation_core_Pipeline_mac_loop_fu_8736/mac_muladd_8ns_8ns_24s_24_4_1_U1468/tme_top_mac_muladd_8ns_8ns_24s_24_4_1_DSP48_0_U/p_reg_reg_i_9__11/O
                         net (fo=1, routed)           0.000     9.588    tme_bd_i/tme_top_0/inst/grp_correlation_core_fu_1826/grp_correlation_core_Pipeline_mac_loop_fu_8736/mac_muladd_8ns_8ns_24s_24_4_1_U1468/tme_top_mac_muladd_8ns_8ns_24s_24_4_1_DSP48_0_U/p_reg_reg_i_9__11_n_2
    SLICE_X90Y37         MUXF7 (Prop_muxf7_I0_O)      0.209     9.797 r  tme_bd_i/tme_top_0/inst/grp_correlation_core_fu_1826/grp_correlation_core_Pipeline_mac_loop_fu_8736/mac_muladd_8ns_8ns_24s_24_4_1_U1468/tme_top_mac_muladd_8ns_8ns_24s_24_4_1_DSP48_0_U/p_reg_reg_i_1__0/O
                         net (fo=1, routed)           0.625    10.422    tme_bd_i/tme_top_0/inst/grp_correlation_core_fu_1826/grp_correlation_core_Pipeline_mac_loop_fu_8736/p_reg_reg_i_1__0_n_2_alias
    SLICE_X90Y37         FDRE                                         r  tme_bd_i/tme_top_0/inst/grp_correlation_core_fu_1826/grp_correlation_core_Pipeline_mac_loop_fu_8736/empty_43_fu_1404_reg[23]_psdsp/D
  -------------------------------------------------------------------    -------------------

                         (clock clk_fpga_0 rise edge)
                                                      8.000     8.000 r  
    PS7_X0Y0             PS7                          0.000     8.000 r  tme_bd_i/processing_system7_0/inst/PS7_i/FCLKCLK[0]
                         net (fo=1, routed)           1.088     9.088    tme_bd_i/processing_system7_0/inst/FCLK_CLK_unbuffered[0]
    BUFGCTRL_X0Y16       BUFG (Prop_bufg_I_O)         0.091     9.179 r  tme_bd_i/processing_system7_0/inst/buffer_fclk_clk_0.FCLK_CLK_0_BUFG/O
                         net (fo=26079, routed)       1.618    10.797    tme_bd_i/tme_top_0/inst/grp_correlation_core_fu_1826/grp_correlation_core_Pipeline_mac_loop_fu_8736/ap_clk
    SLICE_X90Y37         FDRE                                         r  tme_bd_i/tme_top_0/inst/grp_correlation_core_fu_1826/grp_correlation_core_Pipeline_mac_loop_fu_8736/empty_43_fu_1404_reg[23]_psdsp/C
                         clock pessimism              0.129    10.926    
                         clock uncertainty           -0.125    10.801    
    SLICE_X90Y37         FDRE (Setup_fdre_C_D)       -0.201    10.600    tme_bd_i/tme_top_0/inst/grp_correlation_core_fu_1826/grp_correlation_core_Pipeline_mac_loop_fu_8736/empty_43_fu_1404_reg[23]_psdsp
  -------------------------------------------------------------------
                         required time                         10.600    
                         arrival time                         -10.422    
  -------------------------------------------------------------------
                         slack                                  0.178    





Min Delay Paths
--------------------------------------------------------------------------------------
Slack (MET) :             0.050ns  (arrival time - required time)
  Source:                 tme_bd_i/smartconnect_mem/inst/switchboards/r_switchboard/inst/gen_mi[0].inst_opipe_payld/gen_pipe[1].pipe_reg[1][30]/C
                            (rising edge-triggered cell FDRE clocked by clk_fpga_0  {rise@0.000ns fall@4.000ns period=8.000ns})
  Destination:            tme_bd_i/smartconnect_mem/inst/s00_nodes/s00_r_node/inst/inst_mi_handler/gen_normal_area.inst_fifo_node_payld/gen_xpm_memory_fifo.inst_fifo/gen_mem_rep[0].inst_xpm_memory/xpm_memory_base_inst/gen_wr_a.gen_word_narrow.mem_reg_0_31_30_35/RAMA/I
                            (rising edge-triggered cell RAMD32 clocked by clk_fpga_0  {rise@0.000ns fall@4.000ns period=8.000ns})
  Path Group:             clk_fpga_0
  Path Type:              Hold (Min at Fast Process Corner)
  Requirement:            0.000ns  (clk_fpga_0 rise@0.000ns - clk_fpga_0 rise@0.000ns)
  Data Path Delay:        0.210ns  (logic 0.141ns (67.004%)  route 0.069ns (32.996%))
  Logic Levels:           0  
  Clock Path Skew:        0.013ns (DCD - SCD - CPR)
    Destination Clock Delay (DCD):    1.215ns
    Source Clock Delay      (SCD):    0.919ns
    Clock Pessimism Removal (CPR):    0.283ns

    Location             Delay type                Incr(ns)  Path(ns)    Netlist Resource(s)
  -------------------------------------------------------------------    -------------------
                         (clock clk_fpga_0 rise edge)
                                                      0.000     0.000 r  
    PS7_X0Y0             PS7                          0.000     0.000 r  tme_bd_i/processing_system7_0/inst/PS7_i/FCLKCLK[0]
                         net (fo=1, routed)           0.310     0.310    tme_bd_i/processing_system7_0/inst/FCLK_CLK_unbuffered[0]
    BUFGCTRL_X0Y16       BUFG (Prop_bufg_I_O)         0.026     0.336 r  tme_bd_i/processing_system7_0/inst/buffer_fclk_clk_0.FCLK_CLK_0_BUFG/O
                         net (fo=26079, routed)       0.583     0.919    tme_bd_i/smartconnect_mem/inst/switchboards/r_switchboard/inst/gen_mi[0].inst_opipe_payld/aclk
    SLICE_X21Y26         FDRE                                         r  tme_bd_i/smartconnect_mem/inst/switchboards/r_switchboard/inst/gen_mi[0].inst_opipe_payld/gen_pipe[1].pipe_reg[1][30]/C
  -------------------------------------------------------------------    -------------------
    SLICE_X21Y26         FDRE (Prop_fdre_C_Q)         0.141     1.059 r  tme_bd_i/smartconnect_mem/inst/switchboards/r_switchboard/inst/gen_mi[0].inst_opipe_payld/gen_pipe[1].pipe_reg[1][30]/Q
                         net (fo=2, routed)           0.069     1.129    tme_bd_i/smartconnect_mem/inst/s00_nodes/s00_r_node/inst/inst_mi_handler/gen_normal_area.inst_fifo_node_payld/gen_xpm_memory_fifo.inst_fifo/gen_mem_rep[0].inst_xpm_memory/xpm_memory_base_inst/gen_wr_a.gen_word_narrow.mem_reg_0_31_30_35/DIA0
    SLICE_X20Y26         RAMD32                                       r  tme_bd_i/smartconnect_mem/inst/s00_nodes/s00_r_node/inst/inst_mi_handler/gen_normal_area.inst_fifo_node_payld/gen_xpm_memory_fifo.inst_fifo/gen_mem_rep[0].inst_xpm_memory/xpm_memory_base_inst/gen_wr_a.gen_word_narrow.mem_reg_0_31_30_35/RAMA/I
  -------------------------------------------------------------------    -------------------

                         (clock clk_fpga_0 rise edge)
                                                      0.000     0.000 r  
    PS7_X0Y0             PS7                          0.000     0.000 r  tme_bd_i/processing_system7_0/inst/PS7_i/FCLKCLK[0]
                         net (fo=1, routed)           0.337     0.337    tme_bd_i/processing_system7_0/inst/FCLK_CLK_unbuffered[0]
    BUFGCTRL_X0Y16       BUFG (Prop_bufg_I_O)         0.029     0.366 r  tme_bd_i/processing_system7_0/inst/buffer_fclk_clk_0.FCLK_CLK_0_BUFG/O
                         net (fo=26079, routed)       0.849     1.215    tme_bd_i/smartconnect_mem/inst/s00_nodes/s00_r_node/inst/inst_mi_handler/gen_normal_area.inst_fifo_node_payld/gen_xpm_memory_fifo.inst_fifo/gen_mem_rep[0].inst_xpm_memory/xpm_memory_base_inst/gen_wr_a.gen_word_narrow.mem_reg_0_31_30_35/WCLK
    SLICE_X20Y26         RAMD32                                       r  tme_bd_i/smartconnect_mem/inst/s00_nodes/s00_r_node/inst/inst_mi_handler/gen_normal_area.inst_fifo_node_payld/gen_xpm_memory_fifo.inst_fifo/gen_mem_rep[0].inst_xpm_memory/xpm_memory_base_inst/gen_wr_a.gen_word_narrow.mem_reg_0_31_30_35/RAMA/CLK
                         clock pessimism             -0.283     0.932    
    SLICE_X20Y26         RAMD32 (Hold_ramd32_CLK_I)
                                                      0.147     1.079    tme_bd_i/smartconnect_mem/inst/s00_nodes/s00_r_node/inst/inst_mi_handler/gen_normal_area.inst_fifo_node_payld/gen_xpm_memory_fifo.inst_fifo/gen_mem_rep[0].inst_xpm_memory/xpm_memory_base_inst/gen_wr_a.gen_word_narrow.mem_reg_0_31_30_35/RAMA
  -------------------------------------------------------------------
                         required time                         -1.078    
                         arrival time                           1.129    
  -------------------------------------------------------------------
                         slack                                  0.050    

Slack (MET) :             0.051ns  (arrival time - required time)
  Source:                 tme_bd_i/tme_top_0/inst/grp_correlation_core_fu_1826/seg_973_reg_6922_reg[5]/C
                            (rising edge-triggered cell FDRE clocked by clk_fpga_0  {rise@0.000ns fall@4.000ns period=8.000ns})
  Destination:            tme_bd_i/tme_top_0/inst/grp_correlation_core_fu_1826/seg_80_fu_1384_reg[5]/D
                            (rising edge-triggered cell FDRE clocked by clk_fpga_0  {rise@0.000ns fall@4.000ns period=8.000ns})
  Path Group:             clk_fpga_0
  Path Type:              Hold (Min at Fast Process Corner)
  Requirement:            0.000ns  (clk_fpga_0 rise@0.000ns - clk_fpga_0 rise@0.000ns)
  Data Path Delay:        0.332ns  (logic 0.128ns (38.559%)  route 0.204ns (61.441%))
  Logic Levels:           0  
  Clock Path Skew:        0.265ns (DCD - SCD - CPR)
    Destination Clock Delay (DCD):    1.190ns
    Source Clock Delay      (SCD):    0.890ns
    Clock Pessimism Removal (CPR):    0.035ns

    Location             Delay type                Incr(ns)  Path(ns)    Netlist Resource(s)
  -------------------------------------------------------------------    -------------------
                         (clock clk_fpga_0 rise edge)
                                                      0.000     0.000 r  
    PS7_X0Y0             PS7                          0.000     0.000 r  tme_bd_i/processing_system7_0/inst/PS7_i/FCLKCLK[0]
                         net (fo=1, routed)           0.310     0.310    tme_bd_i/processing_system7_0/inst/FCLK_CLK_unbuffered[0]
    BUFGCTRL_X0Y16       BUFG (Prop_bufg_I_O)         0.026     0.336 r  tme_bd_i/processing_system7_0/inst/buffer_fclk_clk_0.FCLK_CLK_0_BUFG/O
                         net (fo=26079, routed)       0.554     0.890    tme_bd_i/tme_top_0/inst/grp_correlation_core_fu_1826/ap_clk
    SLICE_X52Y35         FDRE                                         r  tme_bd_i/tme_top_0/inst/grp_correlation_core_fu_1826/seg_973_reg_6922_reg[5]/C
  -------------------------------------------------------------------    -------------------
    SLICE_X52Y35         FDRE (Prop_fdre_C_Q)         0.128     1.018 r  tme_bd_i/tme_top_0/inst/grp_correlation_core_fu_1826/seg_973_reg_6922_reg[5]/Q
                         net (fo=5, routed)           0.204     1.221    tme_bd_i/tme_top_0/inst/grp_correlation_core_fu_1826/seg_973_reg_6922[5]
    SLICE_X45Y35         FDRE                                         r  tme_bd_i/tme_top_0/inst/grp_correlation_core_fu_1826/seg_80_fu_1384_reg[5]/D
  -------------------------------------------------------------------    -------------------

                         (clock clk_fpga_0 rise edge)
                                                      0.000     0.000 r  
    PS7_X0Y0             PS7                          0.000     0.000 r  tme_bd_i/processing_system7_0/inst/PS7_i/FCLKCLK[0]
                         net (fo=1, routed)           0.337     0.337    tme_bd_i/processing_system7_0/inst/FCLK_CLK_unbuffered[0]
    BUFGCTRL_X0Y16       BUFG (Prop_bufg_I_O)         0.029     0.366 r  tme_bd_i/processing_system7_0/inst/buffer_fclk_clk_0.FCLK_CLK_0_BUFG/O
                         net (fo=26079, routed)       0.824     1.190    tme_bd_i/tme_top_0/inst/grp_correlation_core_fu_1826/ap_clk
    SLICE_X45Y35         FDRE                                         r  tme_bd_i/tme_top_0/inst/grp_correlation_core_fu_1826/seg_80_fu_1384_reg[5]/C
                         clock pessimism             -0.035     1.155    
    SLICE_X45Y35         FDRE (Hold_fdre_C_D)         0.016     1.171    tme_bd_i/tme_top_0/inst/grp_correlation_core_fu_1826/seg_80_fu_1384_reg[5]
  -------------------------------------------------------------------
                         required time                         -1.171    
                         arrival time                           1.221    
  -------------------------------------------------------------------
                         slack                                  0.051    

Slack (MET) :             0.052ns  (arrival time - required time)
  Source:                 tme_bd_i/tme_top_0/inst/grp_window_row_scan_fu_1372/grp_window_row_scan_Pipeline_scan_slide_fu_364/q_025_reg_3181_reg[27]/C
                            (rising edge-triggered cell FDRE clocked by clk_fpga_0  {rise@0.000ns fall@4.000ns period=8.000ns})
  Destination:            tme_bd_i/tme_top_0/inst/grp_window_row_scan_fu_1372/grp_window_row_scan_Pipeline_scan_slide_fu_364/sub_ln216_reg_3187_reg[27]/D
                            (rising edge-triggered cell FDRE clocked by clk_fpga_0  {rise@0.000ns fall@4.000ns period=8.000ns})
  Path Group:             clk_fpga_0
  Path Type:              Hold (Min at Fast Process Corner)
  Requirement:            0.000ns  (clk_fpga_0 rise@0.000ns - clk_fpga_0 rise@0.000ns)
  Data Path Delay:        0.450ns  (logic 0.250ns (55.572%)  route 0.200ns (44.428%))
  Logic Levels:           2  (CARRY4=1 LUT1=1)
  Clock Path Skew:        0.264ns (DCD - SCD - CPR)
    Destination Clock Delay (DCD):    1.260ns
    Source Clock Delay      (SCD):    0.957ns
    Clock Pessimism Removal (CPR):    0.039ns

    Location             Delay type                Incr(ns)  Path(ns)    Netlist Resource(s)
  -------------------------------------------------------------------    -------------------
                         (clock clk_fpga_0 rise edge)
                                                      0.000     0.000 r  
    PS7_X0Y0             PS7                          0.000     0.000 r  tme_bd_i/processing_system7_0/inst/PS7_i/FCLKCLK[0]
                         net (fo=1, routed)           0.310     0.310    tme_bd_i/processing_system7_0/inst/FCLK_CLK_unbuffered[0]
    BUFGCTRL_X0Y16       BUFG (Prop_bufg_I_O)         0.026     0.336 r  tme_bd_i/processing_system7_0/inst/buffer_fclk_clk_0.FCLK_CLK_0_BUFG/O
                         net (fo=26079, routed)       0.621     0.957    tme_bd_i/tme_top_0/inst/grp_window_row_scan_fu_1372/grp_window_row_scan_Pipeline_scan_slide_fu_364/ap_clk
    SLICE_X53Y124        FDRE                                         r  tme_bd_i/tme_top_0/inst/grp_window_row_scan_fu_1372/grp_window_row_scan_Pipeline_scan_slide_fu_364/q_025_reg_3181_reg[27]/C
  -------------------------------------------------------------------    -------------------
    SLICE_X53Y124        FDRE (Prop_fdre_C_Q)         0.141     1.098 f  tme_bd_i/tme_top_0/inst/grp_window_row_scan_fu_1372/grp_window_row_scan_Pipeline_scan_slide_fu_364/q_025_reg_3181_reg[27]/Q
                         net (fo=3, routed)           0.200     1.298    tme_bd_i/tme_top_0/inst/grp_window_row_scan_fu_1372/grp_window_row_scan_Pipeline_scan_slide_fu_364/q_025_reg_3181[27]
    SLICE_X46Y124        LUT1 (Prop_lut1_I0_O)        0.045     1.343 r  tme_bd_i/tme_top_0/inst/grp_window_row_scan_fu_1372/grp_window_row_scan_Pipeline_scan_slide_fu_364/sub_ln216_fu_2146_p2_carry__5_i_1/O
                         net (fo=1, routed)           0.000     1.343    tme_bd_i/tme_top_0/inst/grp_window_row_scan_fu_1372/grp_window_row_scan_Pipeline_scan_slide_fu_364/sub_ln216_fu_2146_p2_carry__5_i_1_n_2
    SLICE_X46Y124        CARRY4 (Prop_carry4_S[3]_O[3])
                                                      0.064     1.407 r  tme_bd_i/tme_top_0/inst/grp_window_row_scan_fu_1372/grp_window_row_scan_Pipeline_scan_slide_fu_364/sub_ln216_fu_2146_p2_carry__5/O[3]
                         net (fo=1, routed)           0.000     1.407    tme_bd_i/tme_top_0/inst/grp_window_row_scan_fu_1372/grp_window_row_scan_Pipeline_scan_slide_fu_364/sub_ln216_fu_2146_p2[27]
    SLICE_X46Y124        FDRE                                         r  tme_bd_i/tme_top_0/inst/grp_window_row_scan_fu_1372/grp_window_row_scan_Pipeline_scan_slide_fu_364/sub_ln216_reg_3187_reg[27]/D
  -------------------------------------------------------------------    -------------------

                         (clock clk_fpga_0 rise edge)
                                                      0.000     0.000 r  
    PS7_X0Y0             PS7                          0.000     0.000 r  tme_bd_i/processing_system7_0/inst/PS7_i/FCLKCLK[0]
                         net (fo=1, routed)           0.337     0.337    tme_bd_i/processing_system7_0/inst/FCLK_CLK_unbuffered[0]
    BUFGCTRL_X0Y16       BUFG (Prop_bufg_I_O)         0.029     0.366 r  tme_bd_i/processing_system7_0/inst/buffer_fclk_clk_0.FCLK_CLK_0_BUFG/O
                         net (fo=26079, routed)       0.894     1.260    tme_bd_i/tme_top_0/inst/grp_window_row_scan_fu_1372/grp_window_row_scan_Pipeline_scan_slide_fu_364/ap_clk
    SLICE_X46Y124        FDRE                                         r  tme_bd_i/tme_top_0/inst/grp_window_row_scan_fu_1372/grp_window_row_scan_Pipeline_scan_slide_fu_364/sub_ln216_reg_3187_reg[27]/C
                         clock pessimism             -0.039     1.221    
    SLICE_X46Y124        FDRE (Hold_fdre_C_D)         0.134     1.355    tme_bd_i/tme_top_0/inst/grp_window_row_scan_fu_1372/grp_window_row_scan_Pipeline_scan_slide_fu_364/sub_ln216_reg_3187_reg[27]
  -------------------------------------------------------------------
                         required time                         -1.355    
                         arrival time                           1.407    
  -------------------------------------------------------------------
                         slack                                  0.052    

Slack (MET) :             0.052ns  (arrival time - required time)
  Source:                 tme_bd_i/tme_top_0/inst/grp_correlation_core_fu_1826/grp_correlation_core_Pipeline_load_seg_fu_8234/seg_603_fu_2140_reg[2]/C
                            (rising edge-triggered cell FDRE clocked by clk_fpga_0  {rise@0.000ns fall@4.000ns period=8.000ns})
  Destination:            tme_bd_i/tme_top_0/inst/grp_correlation_core_fu_1826/seg_1050_reg_6152_reg[2]/D
                            (rising edge-triggered cell FDRE clocked by clk_fpga_0  {rise@0.000ns fall@4.000ns period=8.000ns})
  Path Group:             clk_fpga_0
  Path Type:              Hold (Min at Fast Process Corner)
  Requirement:            0.000ns  (clk_fpga_0 rise@0.000ns - clk_fpga_0 rise@0.000ns)
  Data Path Delay:        0.460ns  (logic 0.190ns (41.271%)  route 0.270ns (58.729%))
  Logic Levels:           1  (LUT3=1)
  Clock Path Skew:        0.277ns (DCD - SCD - CPR)
    Destination Clock Delay (DCD):    1.250ns
    Source Clock Delay      (SCD):    0.943ns
    Clock Pessimism Removal (CPR):    0.030ns

    Location             Delay type                Incr(ns)  Path(ns)    Netlist Resource(s)
  -------------------------------------------------------------------    -------------------
                         (clock clk_fpga_0 rise edge)
                                                      0.000     0.000 r  
    PS7_X0Y0             PS7                          0.000     0.000 r  tme_bd_i/processing_system7_0/inst/PS7_i/FCLKCLK[0]
                         net (fo=1, routed)           0.310     0.310    tme_bd_i/processing_system7_0/inst/FCLK_CLK_unbuffered[0]
    BUFGCTRL_X0Y16       BUFG (Prop_bufg_I_O)         0.026     0.336 r  tme_bd_i/processing_system7_0/inst/buffer_fclk_clk_0.FCLK_CLK_0_BUFG/O
                         net (fo=26079, routed)       0.607     0.943    tme_bd_i/tme_top_0/inst/grp_correlation_core_fu_1826/grp_correlation_core_Pipeline_load_seg_fu_8234/ap_clk
    SLICE_X95Y54         FDRE                                         r  tme_bd_i/tme_top_0/inst/grp_correlation_core_fu_1826/grp_correlation_core_Pipeline_load_seg_fu_8234/seg_603_fu_2140_reg[2]/C
  -------------------------------------------------------------------    -------------------
    SLICE_X95Y54         FDRE (Prop_fdre_C_Q)         0.141     1.084 r  tme_bd_i/tme_top_0/inst/grp_correlation_core_fu_1826/grp_correlation_core_Pipeline_load_seg_fu_8234/seg_603_fu_2140_reg[2]/Q
                         net (fo=1, routed)           0.270     1.354    tme_bd_i/tme_top_0/inst/grp_correlation_core_fu_1826/grp_correlation_core_Pipeline_load_seg_fu_8234/grp_correlation_core_Pipeline_load_seg_fu_8234_seg_603_out[2]
    SLICE_X96Y47         LUT3 (Prop_lut3_I0_O)        0.049     1.403 r  tme_bd_i/tme_top_0/inst/grp_correlation_core_fu_1826/grp_correlation_core_Pipeline_load_seg_fu_8234/seg_1050_reg_6152[2]_i_1/O
                         net (fo=1, routed)           0.000     1.403    tme_bd_i/tme_top_0/inst/grp_correlation_core_fu_1826/grp_correlation_core_Pipeline_load_seg_fu_8234_n_1078
    SLICE_X96Y47         FDRE                                         r  tme_bd_i/tme_top_0/inst/grp_correlation_core_fu_1826/seg_1050_reg_6152_reg[2]/D
  -------------------------------------------------------------------    -------------------

                         (clock clk_fpga_0 rise edge)
                                                      0.000     0.000 r  
    PS7_X0Y0             PS7                          0.000     0.000 r  tme_bd_i/processing_system7_0/inst/PS7_i/FCLKCLK[0]
                         net (fo=1, routed)           0.337     0.337    tme_bd_i/processing_system7_0/inst/FCLK_CLK_unbuffered[0]
    BUFGCTRL_X0Y16       BUFG (Prop_bufg_I_O)         0.029     0.366 r  tme_bd_i/processing_system7_0/inst/buffer_fclk_clk_0.FCLK_CLK_0_BUFG/O
                         net (fo=26079, routed)       0.884     1.250    tme_bd_i/tme_top_0/inst/grp_correlation_core_fu_1826/ap_clk
    SLICE_X96Y47         FDRE                                         r  tme_bd_i/tme_top_0/inst/grp_correlation_core_fu_1826/seg_1050_reg_6152_reg[2]/C
                         clock pessimism             -0.030     1.220    
    SLICE_X96Y47         FDRE (Hold_fdre_C_D)         0.131     1.351    tme_bd_i/tme_top_0/inst/grp_correlation_core_fu_1826/seg_1050_reg_6152_reg[2]
  -------------------------------------------------------------------
                         required time                         -1.351    
                         arrival time                           1.403    
  -------------------------------------------------------------------
                         slack                                  0.052    

Slack (MET) :             0.052ns  (arrival time - required time)
  Source:                 tme_bd_i/tme_top_0/inst/grp_correlation_core_fu_1826/seg_965_reg_7002_reg[4]/C
                            (rising edge-triggered cell FDRE clocked by clk_fpga_0  {rise@0.000ns fall@4.000ns period=8.000ns})
  Destination:            tme_bd_i/tme_top_0/inst/grp_correlation_core_fu_1826/seg_72_fu_1352_reg[4]/D
                            (rising edge-triggered cell FDRE clocked by clk_fpga_0  {rise@0.000ns fall@4.000ns period=8.000ns})
  Path Group:             clk_fpga_0
  Path Type:              Hold (Min at Fast Process Corner)
  Requirement:            0.000ns  (clk_fpga_0 rise@0.000ns - clk_fpga_0 rise@0.000ns)
  Data Path Delay:        0.339ns  (logic 0.148ns (43.706%)  route 0.191ns (56.294%))
  Logic Levels:           0  
  Clock Path Skew:        0.263ns (DCD - SCD - CPR)
    Destination Clock Delay (DCD):    1.179ns
    Source Clock Delay      (SCD):    0.881ns
    Clock Pessimism Removal (CPR):    0.035ns

    Location             Delay type                Incr(ns)  Path(ns)    Netlist Resource(s)
  -------------------------------------------------------------------    -------------------
                         (clock clk_fpga_0 rise edge)
                                                      0.000     0.000 r  
    PS7_X0Y0             PS7                          0.000     0.000 r  tme_bd_i/processing_system7_0/inst/PS7_i/FCLKCLK[0]
                         net (fo=1, routed)           0.310     0.310    tme_bd_i/processing_system7_0/inst/FCLK_CLK_unbuffered[0]
    BUFGCTRL_X0Y16       BUFG (Prop_bufg_I_O)         0.026     0.336 r  tme_bd_i/processing_system7_0/inst/buffer_fclk_clk_0.FCLK_CLK_0_BUFG/O
                         net (fo=26079, routed)       0.545     0.881    tme_bd_i/tme_top_0/inst/grp_correlation_core_fu_1826/ap_clk
    SLICE_X50Y25         FDRE                                         r  tme_bd_i/tme_top_0/inst/grp_correlation_core_fu_1826/seg_965_reg_7002_reg[4]/C
  -------------------------------------------------------------------    -------------------
    SLICE_X50Y25         FDRE (Prop_fdre_C_Q)         0.148     1.029 r  tme_bd_i/tme_top_0/inst/grp_correlation_core_fu_1826/seg_965_reg_7002_reg[4]/Q
                         net (fo=5, routed)           0.191     1.219    tme_bd_i/tme_top_0/inst/grp_correlation_core_fu_1826/seg_965_reg_7002[4]
    SLICE_X48Y25         FDRE                                         r  tme_bd_i/tme_top_0/inst/grp_correlation_core_fu_1826/seg_72_fu_1352_reg[4]/D
  -------------------------------------------------------------------    -------------------

                         (clock clk_fpga_0 rise edge)
                                                      0.000     0.000 r  
    PS7_X0Y0             PS7                          0.000     0.000 r  tme_bd_i/processing_system7_0/inst/PS7_i/FCLKCLK[0]
                         net (fo=1, routed)           0.337     0.337    tme_bd_i/processing_system7_0/inst/FCLK_CLK_unbuffered[0]
    BUFGCTRL_X0Y16       BUFG (Prop_bufg_I_O)         0.029     0.366 r  tme_bd_i/processing_system7_0/inst/buffer_fclk_clk_0.FCLK_CLK_0_BUFG/O
                         net (fo=26079, routed)       0.813     1.179    tme_bd_i/tme_top_0/inst/grp_correlation_core_fu_1826/ap_clk
    SLICE_X48Y25         FDRE                                         r  tme_bd_i/tme_top_0/inst/grp_correlation_core_fu_1826/seg_72_fu_1352_reg[4]/C
                         clock pessimism             -0.035     1.144    
    SLICE_X48Y25         FDRE (Hold_fdre_C_D)         0.023     1.167    tme_bd_i/tme_top_0/inst/grp_correlation_core_fu_1826/seg_72_fu_1352_reg[4]
  -------------------------------------------------------------------
                         required time                         -1.167    
                         arrival time                           1.219    
  -------------------------------------------------------------------
                         slack                                  0.052    

Slack (MET) :             0.052ns  (arrival time - required time)
  Source:                 tme_bd_i/tme_top_0/inst/grp_correlation_core_fu_1826/seg_971_reg_6942_reg[0]/C
                            (rising edge-triggered cell FDRE clocked by clk_fpga_0  {rise@0.000ns fall@4.000ns period=8.000ns})
  Destination:            tme_bd_i/tme_top_0/inst/grp_correlation_core_fu_1826/seg_78_fu_1376_reg[0]/D
                            (rising edge-triggered cell FDRE clocked by clk_fpga_0  {rise@0.000ns fall@4.000ns period=8.000ns})
  Path Group:             clk_fpga_0
  Path Type:              Hold (Min at Fast Process Corner)
  Requirement:            0.000ns  (clk_fpga_0 rise@0.000ns - clk_fpga_0 rise@0.000ns)
  Data Path Delay:        0.392ns  (logic 0.141ns (36.003%)  route 0.251ns (63.997%))
  Logic Levels:           0  
  Clock Path Skew:        0.264ns (DCD - SCD - CPR)
    Destination Clock Delay (DCD):    1.187ns
    Source Clock Delay      (SCD):    0.888ns
    Clock Pessimism Removal (CPR):    0.035ns

    Location             Delay type                Incr(ns)  Path(ns)    Netlist Resource(s)
  -------------------------------------------------------------------    -------------------
                         (clock clk_fpga_0 rise edge)
                                                      0.000     0.000 r  
    PS7_X0Y0             PS7                          0.000     0.000 r  tme_bd_i/processing_system7_0/inst/PS7_i/FCLKCLK[0]
                         net (fo=1, routed)           0.310     0.310    tme_bd_i/processing_system7_0/inst/FCLK_CLK_unbuffered[0]
    BUFGCTRL_X0Y16       BUFG (Prop_bufg_I_O)         0.026     0.336 r  tme_bd_i/processing_system7_0/inst/buffer_fclk_clk_0.FCLK_CLK_0_BUFG/O
                         net (fo=26079, routed)       0.552     0.888    tme_bd_i/tme_top_0/inst/grp_correlation_core_fu_1826/ap_clk
    SLICE_X53Y32         FDRE                                         r  tme_bd_i/tme_top_0/inst/grp_correlation_core_fu_1826/seg_971_reg_6942_reg[0]/C
  -------------------------------------------------------------------    -------------------
    SLICE_X53Y32         FDRE (Prop_fdre_C_Q)         0.141     1.029 r  tme_bd_i/tme_top_0/inst/grp_correlation_core_fu_1826/seg_971_reg_6942_reg[0]/Q
                         net (fo=5, routed)           0.251     1.279    tme_bd_i/tme_top_0/inst/grp_correlation_core_fu_1826/seg_971_reg_6942[0]
    SLICE_X45Y32         FDRE                                         r  tme_bd_i/tme_top_0/inst/grp_correlation_core_fu_1826/seg_78_fu_1376_reg[0]/D
  -------------------------------------------------------------------    -------------------

                         (clock clk_fpga_0 rise edge)
                                                      0.000     0.000 r  
    PS7_X0Y0             PS7                          0.000     0.000 r  tme_bd_i/processing_system7_0/inst/PS7_i/FCLKCLK[0]
                         net (fo=1, routed)           0.337     0.337    tme_bd_i/processing_system7_0/inst/FCLK_CLK_unbuffered[0]
    BUFGCTRL_X0Y16       BUFG (Prop_bufg_I_O)         0.029     0.366 r  tme_bd_i/processing_system7_0/inst/buffer_fclk_clk_0.FCLK_CLK_0_BUFG/O
                         net (fo=26079, routed)       0.821     1.187    tme_bd_i/tme_top_0/inst/grp_correlation_core_fu_1826/ap_clk
    SLICE_X45Y32         FDRE                                         r  tme_bd_i/tme_top_0/inst/grp_correlation_core_fu_1826/seg_78_fu_1376_reg[0]/C
                         clock pessimism             -0.035     1.152    
    SLICE_X45Y32         FDRE (Hold_fdre_C_D)         0.075     1.227    tme_bd_i/tme_top_0/inst/grp_correlation_core_fu_1826/seg_78_fu_1376_reg[0]
  -------------------------------------------------------------------
                         required time                         -1.227    
                         arrival time                           1.279    
  -------------------------------------------------------------------
                         slack                                  0.052    

Slack (MET) :             0.052ns  (arrival time - required time)
  Source:                 tme_bd_i/tme_top_0/inst/grp_correlation_core_fu_1826/seg_1048_reg_6172_reg[7]/C
                            (rising edge-triggered cell FDRE clocked by clk_fpga_0  {rise@0.000ns fall@4.000ns period=8.000ns})
  Destination:            tme_bd_i/tme_top_0/inst/grp_correlation_core_fu_1826/seg_155_fu_1684_reg[7]/D
                            (rising edge-triggered cell FDRE clocked by clk_fpga_0  {rise@0.000ns fall@4.000ns period=8.000ns})
  Path Group:             clk_fpga_0
  Path Type:              Hold (Min at Fast Process Corner)
  Requirement:            0.000ns  (clk_fpga_0 rise@0.000ns - clk_fpga_0 rise@0.000ns)
  Data Path Delay:        0.326ns  (logic 0.148ns (45.414%)  route 0.178ns (54.585%))
  Logic Levels:           0  
  Clock Path Skew:        0.264ns (DCD - SCD - CPR)
    Destination Clock Delay (DCD):    1.245ns
    Source Clock Delay      (SCD):    0.951ns
    Clock Pessimism Removal (CPR):    0.030ns

    Location             Delay type                Incr(ns)  Path(ns)    Netlist Resource(s)
  -------------------------------------------------------------------    -------------------
                         (clock clk_fpga_0 rise edge)
                                                      0.000     0.000 r  
    PS7_X0Y0             PS7                          0.000     0.000 r  tme_bd_i/processing_system7_0/inst/PS7_i/FCLKCLK[0]
                         net (fo=1, routed)           0.310     0.310    tme_bd_i/processing_system7_0/inst/FCLK_CLK_unbuffered[0]
    BUFGCTRL_X0Y16       BUFG (Prop_bufg_I_O)         0.026     0.336 r  tme_bd_i/processing_system7_0/inst/buffer_fclk_clk_0.FCLK_CLK_0_BUFG/O
                         net (fo=26079, routed)       0.615     0.951    tme_bd_i/tme_top_0/inst/grp_correlation_core_fu_1826/ap_clk
    SLICE_X100Y49        FDRE                                         r  tme_bd_i/tme_top_0/inst/grp_correlation_core_fu_1826/seg_1048_reg_6172_reg[7]/C
  -------------------------------------------------------------------    -------------------
    SLICE_X100Y49        FDRE (Prop_fdre_C_Q)         0.148     1.099 r  tme_bd_i/tme_top_0/inst/grp_correlation_core_fu_1826/seg_1048_reg_6172_reg[7]/Q
                         net (fo=5, routed)           0.178     1.276    tme_bd_i/tme_top_0/inst/grp_correlation_core_fu_1826/seg_1048_reg_6172[7]
    SLICE_X98Y52         FDRE                                         r  tme_bd_i/tme_top_0/inst/grp_correlation_core_fu_1826/seg_155_fu_1684_reg[7]/D
  -------------------------------------------------------------------    -------------------

                         (clock clk_fpga_0 rise edge)
                                                      0.000     0.000 r  
    PS7_X0Y0             PS7                          0.000     0.000 r  tme_bd_i/processing_system7_0/inst/PS7_i/FCLKCLK[0]
                         net (fo=1, routed)           0.337     0.337    tme_bd_i/processing_system7_0/inst/FCLK_CLK_unbuffered[0]
    BUFGCTRL_X0Y16       BUFG (Prop_bufg_I_O)         0.029     0.366 r  tme_bd_i/processing_system7_0/inst/buffer_fclk_clk_0.FCLK_CLK_0_BUFG/O
                         net (fo=26079, routed)       0.879     1.245    tme_bd_i/tme_top_0/inst/grp_correlation_core_fu_1826/ap_clk
    SLICE_X98Y52         FDRE                                         r  tme_bd_i/tme_top_0/inst/grp_correlation_core_fu_1826/seg_155_fu_1684_reg[7]/C
                         clock pessimism             -0.030     1.215    
    SLICE_X98Y52         FDRE (Hold_fdre_C_D)         0.009     1.224    tme_bd_i/tme_top_0/inst/grp_correlation_core_fu_1826/seg_155_fu_1684_reg[7]
  -------------------------------------------------------------------
                         required time                         -1.224    
                         arrival time                           1.276    
  -------------------------------------------------------------------
                         slack                                  0.052    

Slack (MET) :             0.053ns  (arrival time - required time)
  Source:                 tme_bd_wrapper/tme_bd/tme_bd_tme_top_0_0/tme_bd_tme_top_0_0_tme_top/tme_bd_tme_top_0_0_tme_top_tme_top_Pipeline_norm_cols/tme_bd_tme_top_0_0_tme_top_fdiv_32ns_32ns_32_30_no_dsp_1/tme_bd_tme_top_0_0_tme_top_fdiv_32ns_32ns_32_30_no_dsp_1_ip/<hidden>/<hidden>/<hidden>/<hidden>/<hidden>/<hidden>/<hidden>/<hidden>
                            (rising edge-triggered cell FDRE clocked by clk_fpga_0  {rise@0.000ns fall@4.000ns period=8.000ns})
  Destination:            tme_bd_wrapper/tme_bd/tme_bd_tme_top_0_0/tme_bd_tme_top_0_0_tme_top/tme_bd_tme_top_0_0_tme_top_tme_top_Pipeline_norm_cols/tme_bd_tme_top_0_0_tme_top_fdiv_32ns_32ns_32_30_no_dsp_1/tme_bd_tme_top_0_0_tme_top_fdiv_32ns_32ns_32_30_no_dsp_1_ip/<hidden>/<hidden>/<hidden>/<hidden>/<hidden>/<hidden>/<hidden>/<hidden>
                            (rising edge-triggered cell FDRE clocked by clk_fpga_0  {rise@0.000ns fall@4.000ns period=8.000ns})
  Path Group:             clk_fpga_0
  Path Type:              Hold (Min at Fast Process Corner)
  Requirement:            0.000ns  (clk_fpga_0 rise@0.000ns - clk_fpga_0 rise@0.000ns)
  Data Path Delay:        0.537ns  (logic 0.363ns (67.647%)  route 0.174ns (32.353%))
  Logic Levels:           2  (CARRY4=2)
  Clock Path Skew:        0.349ns (DCD - SCD - CPR)
    Destination Clock Delay (DCD):    1.277ns
    Source Clock Delay      (SCD):    0.893ns
    Clock Pessimism Removal (CPR):    0.035ns

    Location             Delay type                Incr(ns)  Path(ns)    Netlist Resource(s)
  -------------------------------------------------------------------    -------------------
                         (clock clk_fpga_0 rise edge)
                                                      0.000     0.000 r  
    PS7_X0Y0             PS7                          0.000     0.000 r  tme_bd_i/processing_system7_0/inst/PS7_i/FCLKCLK[0]
                         net (fo=1, routed)           0.310     0.310    tme_bd_i/processing_system7_0/inst/FCLK_CLK_unbuffered[0]
    BUFGCTRL_X0Y16       BUFG (Prop_bufg_I_O)         0.026     0.336 r  tme_bd_i/processing_system7_0/inst/buffer_fclk_clk_0.FCLK_CLK_0_BUFG/O
                         net (fo=26079, routed)       0.557     0.893    tme_bd_wrapper/tme_bd/tme_bd_tme_top_0_0/tme_bd_tme_top_0_0_tme_top/tme_bd_tme_top_0_0_tme_top_tme_top_Pipeline_norm_cols/tme_bd_tme_top_0_0_tme_top_fdiv_32ns_32ns_32_30_no_dsp_1/tme_bd_tme_top_0_0_tme_top_fdiv_32ns_32ns_32_30_no_dsp_1_ip/<hidden>/<hidden>/<hidden>/<hidden>/<hidden>/<hidden>/<hidden>/<hidden>
    SLICE_X43Y97         FDRE                                         r  tme_bd_wrapper/tme_bd/tme_bd_tme_top_0_0/tme_bd_tme_top_0_0_tme_top/tme_bd_tme_top_0_0_tme_top_tme_top_Pipeline_norm_cols/tme_bd_tme_top_0_0_tme_top_fdiv_32ns_32ns_32_30_no_dsp_1/tme_bd_tme_top_0_0_tme_top_fdiv_32ns_32ns_32_30_no_dsp_1_ip/<hidden>/<hidden>/<hidden>/<hidden>/<hidden>/<hidden>/<hidden>/<hidden>
  -------------------------------------------------------------------    -------------------
    SLICE_X43Y97         FDRE (Prop_fdre_C_Q)         0.141     1.034 r  tme_bd_wrapper/tme_bd/tme_bd_tme_top_0_0/tme_bd_tme_top_0_0_tme_top/tme_bd_tme_top_0_0_tme_top_tme_top_Pipeline_norm_cols/tme_bd_tme_top_0_0_tme_top_fdiv_32ns_32ns_32_30_no_dsp_1/tme_bd_tme_top_0_0_tme_top_fdiv_32ns_32ns_32_30_no_dsp_1_ip/<hidden>/<hidden>/<hidden>/<hidden>/<hidden>/<hidden>/<hidden>/<hidden>
                         net (fo=2, routed)           0.173     1.207    tme_bd_wrapper/tme_bd/tme_bd_tme_top_0_0/tme_bd_tme_top_0_0_tme_top/tme_bd_tme_top_0_0_tme_top_tme_top_Pipeline_norm_cols/tme_bd_tme_top_0_0_tme_top_fdiv_32ns_32ns_32_30_no_dsp_1/tme_bd_tme_top_0_0_tme_top_fdiv_32ns_32ns_32_30_no_dsp_1_ip/<hidden>/<hidden>/<hidden>/<hidden>/<hidden>/<hidden>
    SLICE_X42Y99         CARRY4 (Prop_carry4_DI[0]_CO[3])
                                                      0.169     1.376 r  tme_bd_wrapper/tme_bd/tme_bd_tme_top_0_0/tme_bd_tme_top_0_0_tme_top/tme_bd_tme_top_0_0_tme_top_tme_top_Pipeline_norm_cols/tme_bd_tme_top_0_0_tme_top_fdiv_32ns_32ns_32_30_no_dsp_1/tme_bd_tme_top_0_0_tme_top_fdiv_32ns_32ns_32_30_no_dsp_1_ip/<hidden>/<hidden>/<hidden>/<hidden>/<hidden>/<hidden>
                         net (fo=1, routed)           0.001     1.376    tme_bd_wrapper/tme_bd/tme_bd_tme_top_0_0/tme_bd_tme_top_0_0_tme_top/tme_bd_tme_top_0_0_tme_top_tme_top_Pipeline_norm_cols/tme_bd_tme_top_0_0_tme_top_fdiv_32ns_32ns_32_30_no_dsp_1/tme_bd_tme_top_0_0_tme_top_fdiv_32ns_32ns_32_30_no_dsp_1_ip/<hidden>/<hidden>/<hidden>/<hidden>/<hidden>/<hidden>
    SLICE_X42Y100        CARRY4 (Prop_carry4_CI_O[0])
                                                      0.053     1.429 r  tme_bd_wrapper/tme_bd/tme_bd_tme_top_0_0/tme_bd_tme_top_0_0_tme_top/tme_bd_tme_top_0_0_tme_top_tme_top_Pipeline_norm_cols/tme_bd_tme_top_0_0_tme_top_fdiv_32ns_32ns_32_30_no_dsp_1/tme_bd_tme_top_0_0_tme_top_fdiv_32ns_32ns_32_30_no_dsp_1_ip/<hidden>/<hidden>/<hidden>/<hidden>/<hidden>/<hidden>
                         net (fo=1, routed)           0.000     1.429    tme_bd_wrapper/tme_bd/tme_bd_tme_top_0_0/tme_bd_tme_top_0_0_tme_top/tme_bd_tme_top_0_0_tme_top_tme_top_Pipeline_norm_cols/tme_bd_tme_top_0_0_tme_top_fdiv_32ns_32ns_32_30_no_dsp_1/tme_bd_tme_top_0_0_tme_top_fdiv_32ns_32ns_32_30_no_dsp_1_ip/<hidden>/<hidden>/<hidden>/<hidden>/<hidden>/<hidden>/<hidden>/<hidden>
    SLICE_X42Y100        FDRE                                         r  tme_bd_wrapper/tme_bd/tme_bd_tme_top_0_0/tme_bd_tme_top_0_0_tme_top/tme_bd_tme_top_0_0_tme_top_tme_top_Pipeline_norm_cols/tme_bd_tme_top_0_0_tme_top_fdiv_32ns_32ns_32_30_no_dsp_1/tme_bd_tme_top_0_0_tme_top_fdiv_32ns_32ns_32_30_no_dsp_1_ip/<hidden>/<hidden>/<hidden>/<hidden>/<hidden>/<hidden>/<hidden>/<hidden>
  -------------------------------------------------------------------    -------------------

                         (clock clk_fpga_0 rise edge)
                                                      0.000     0.000 r  
    PS7_X0Y0             PS7                          0.000     0.000 r  tme_bd_i/processing_system7_0/inst/PS7_i/FCLKCLK[0]
                         net (fo=1, routed)           0.337     0.337    tme_bd_i/processing_system7_0/inst/FCLK_CLK_unbuffered[0]
    BUFGCTRL_X0Y16       BUFG (Prop_bufg_I_O)         0.029     0.366 r  tme_bd_i/processing_system7_0/inst/buffer_fclk_clk_0.FCLK_CLK_0_BUFG/O
                         net (fo=26079, routed)       0.911     1.277    tme_bd_wrapper/tme_bd/tme_bd_tme_top_0_0/tme_bd_tme_top_0_0_tme_top/tme_bd_tme_top_0_0_tme_top_tme_top_Pipeline_norm_cols/tme_bd_tme_top_0_0_tme_top_fdiv_32ns_32ns_32_30_no_dsp_1/tme_bd_tme_top_0_0_tme_top_fdiv_32ns_32ns_32_30_no_dsp_1_ip/<hidden>/<hidden>/<hidden>/<hidden>/<hidden>/<hidden>/<hidden>/<hidden>
    SLICE_X42Y100        FDRE                                         r  tme_bd_wrapper/tme_bd/tme_bd_tme_top_0_0/tme_bd_tme_top_0_0_tme_top/tme_bd_tme_top_0_0_tme_top_tme_top_Pipeline_norm_cols/tme_bd_tme_top_0_0_tme_top_fdiv_32ns_32ns_32_30_no_dsp_1/tme_bd_tme_top_0_0_tme_top_fdiv_32ns_32ns_32_30_no_dsp_1_ip/<hidden>/<hidden>/<hidden>/<hidden>/<hidden>/<hidden>/<hidden>/<hidden>
                         clock pessimism             -0.035     1.242    
    SLICE_X42Y100        FDRE (Hold_fdre_C_D)         0.134     1.376    tme_bd_wrapper/tme_bd/tme_bd_tme_top_0_0/tme_bd_tme_top_0_0_tme_top/tme_bd_tme_top_0_0_tme_top_tme_top_Pipeline_norm_cols/tme_bd_tme_top_0_0_tme_top_fdiv_32ns_32ns_32_30_no_dsp_1/tme_bd_tme_top_0_0_tme_top_fdiv_32ns_32ns_32_30_no_dsp_1_ip/<hidden>/<hidden>/<hidden>/<hidden>/<hidden>/<hidden>/<hidden>/<hidden>
  -------------------------------------------------------------------
                         required time                         -1.376    
                         arrival time                           1.429    
  -------------------------------------------------------------------
                         slack                                  0.053    

Slack (MET) :             0.054ns  (arrival time - required time)
  Source:                 tme_bd_wrapper/tme_bd/tme_bd_tme_top_0_0/tme_bd_tme_top_0_0_tme_top/tme_bd_tme_top_0_0_tme_top_tme_top_Pipeline_norm_cols/tme_bd_tme_top_0_0_tme_top_fdiv_32ns_32ns_32_30_no_dsp_1/tme_bd_tme_top_0_0_tme_top_fdiv_32ns_32ns_32_30_no_dsp_1_ip/<hidden>/<hidden>/<hidden>/<hidden>/<hidden>/<hidden>/<hidden>/<hidden>
                            (rising edge-triggered cell FDRE clocked by clk_fpga_0  {rise@0.000ns fall@4.000ns period=8.000ns})
  Destination:            tme_bd_wrapper/tme_bd/tme_bd_tme_top_0_0/tme_bd_tme_top_0_0_tme_top/tme_bd_tme_top_0_0_tme_top_tme_top_Pipeline_norm_cols/tme_bd_tme_top_0_0_tme_top_fdiv_32ns_32ns_32_30_no_dsp_1/tme_bd_tme_top_0_0_tme_top_fdiv_32ns_32ns_32_30_no_dsp_1_ip/<hidden>/<hidden>/<hidden>/<hidden>/<hidden>/<hidden>/<hidden>/<hidden>
                            (rising edge-triggered cell FDRE clocked by clk_fpga_0  {rise@0.000ns fall@4.000ns period=8.000ns})
  Path Group:             clk_fpga_0
  Path Type:              Hold (Min at Fast Process Corner)
  Requirement:            0.000ns  (clk_fpga_0 rise@0.000ns - clk_fpga_0 rise@0.000ns)
  Data Path Delay:        0.509ns  (logic 0.379ns (74.520%)  route 0.130ns (25.480%))
  Logic Levels:           2  (CARRY4=2)
  Clock Path Skew:        0.349ns (DCD - SCD - CPR)
    Destination Clock Delay (DCD):    1.277ns
    Source Clock Delay      (SCD):    0.893ns
    Clock Pessimism Removal (CPR):    0.035ns

    Location             Delay type                Incr(ns)  Path(ns)    Netlist Resource(s)
  -------------------------------------------------------------------    -------------------
                         (clock clk_fpga_0 rise edge)
                                                      0.000     0.000 r  
    PS7_X0Y0             PS7                          0.000     0.000 r  tme_bd_i/processing_system7_0/inst/PS7_i/FCLKCLK[0]
                         net (fo=1, routed)           0.310     0.310    tme_bd_i/processing_system7_0/inst/FCLK_CLK_unbuffered[0]
    BUFGCTRL_X0Y16       BUFG (Prop_bufg_I_O)         0.026     0.336 r  tme_bd_i/processing_system7_0/inst/buffer_fclk_clk_0.FCLK_CLK_0_BUFG/O
                         net (fo=26079, routed)       0.557     0.893    tme_bd_wrapper/tme_bd/tme_bd_tme_top_0_0/tme_bd_tme_top_0_0_tme_top/tme_bd_tme_top_0_0_tme_top_tme_top_Pipeline_norm_cols/tme_bd_tme_top_0_0_tme_top_fdiv_32ns_32ns_32_30_no_dsp_1/tme_bd_tme_top_0_0_tme_top_fdiv_32ns_32ns_32_30_no_dsp_1_ip/<hidden>/<hidden>/<hidden>/<hidden>/<hidden>/<hidden>/<hidden>/<hidden>
    SLICE_X46Y98         FDRE                                         r  tme_bd_wrapper/tme_bd/tme_bd_tme_top_0_0/tme_bd_tme_top_0_0_tme_top/tme_bd_tme_top_0_0_tme_top_tme_top_Pipeline_norm_cols/tme_bd_tme_top_0_0_tme_top_fdiv_32ns_32ns_32_30_no_dsp_1/tme_bd_tme_top_0_0_tme_top_fdiv_32ns_32ns_32_30_no_dsp_1_ip/<hidden>/<hidden>/<hidden>/<hidden>/<hidden>/<hidden>/<hidden>/<hidden>
  -------------------------------------------------------------------    -------------------
    SLICE_X46Y98         FDRE (Prop_fdre_C_Q)         0.164     1.057 r  tme_bd_wrapper/tme_bd/tme_bd_tme_top_0_0/tme_bd_tme_top_0_0_tme_top/tme_bd_tme_top_0_0_tme_top_tme_top_Pipeline_norm_cols/tme_bd_tme_top_0_0_tme_top_fdiv_32ns_32ns_32_30_no_dsp_1/tme_bd_tme_top_0_0_tme_top_fdiv_32ns_32ns_32_30_no_dsp_1_ip/<hidden>/<hidden>/<hidden>/<hidden>/<hidden>/<hidden>/<hidden>/<hidden>
                         net (fo=2, routed)           0.129     1.185    tme_bd_wrapper/tme_bd/tme_bd_tme_top_0_0/tme_bd_tme_top_0_0_tme_top/tme_bd_tme_top_0_0_tme_top_tme_top_Pipeline_norm_cols/tme_bd_tme_top_0_0_tme_top_fdiv_32ns_32ns_32_30_no_dsp_1/tme_bd_tme_top_0_0_tme_top_fdiv_32ns_32ns_32_30_no_dsp_1_ip/<hidden>/<hidden>/<hidden>/<hidden>/<hidden>/<hidden>
    SLICE_X49Y99         CARRY4 (Prop_carry4_DI[0]_CO[3])
                                                      0.161     1.346 r  tme_bd_wrapper/tme_bd/tme_bd_tme_top_0_0/tme_bd_tme_top_0_0_tme_top/tme_bd_tme_top_0_0_tme_top_tme_top_Pipeline_norm_cols/tme_bd_tme_top_0_0_tme_top_fdiv_32ns_32ns_32_30_no_dsp_1/tme_bd_tme_top_0_0_tme_top_fdiv_32ns_32ns_32_30_no_dsp_1_ip/<hidden>/<hidden>/<hidden>/<hidden>/<hidden>/<hidden>
                         net (fo=1, routed)           0.001     1.347    tme_bd_wrapper/tme_bd/tme_bd_tme_top_0_0/tme_bd_tme_top_0_0_tme_top/tme_bd_tme_top_0_0_tme_top_tme_top_Pipeline_norm_cols/tme_bd_tme_top_0_0_tme_top_fdiv_32ns_32ns_32_30_no_dsp_1/tme_bd_tme_top_0_0_tme_top_fdiv_32ns_32ns_32_30_no_dsp_1_ip/<hidden>/<hidden>/<hidden>/<hidden>/<hidden>/<hidden>
    SLICE_X49Y100        CARRY4 (Prop_carry4_CI_O[0])
                                                      0.054     1.401 r  tme_bd_wrapper/tme_bd/tme_bd_tme_top_0_0/tme_bd_tme_top_0_0_tme_top/tme_bd_tme_top_0_0_tme_top_tme_top_Pipeline_norm_cols/tme_bd_tme_top_0_0_tme_top_fdiv_32ns_32ns_32_30_no_dsp_1/tme_bd_tme_top_0_0_tme_top_fdiv_32ns_32ns_32_30_no_dsp_1_ip/<hidden>/<hidden>/<hidden>/<hidden>/<hidden>/<hidden>
                         net (fo=1, routed)           0.000     1.401    tme_bd_wrapper/tme_bd/tme_bd_tme_top_0_0/tme_bd_tme_top_0_0_tme_top/tme_bd_tme_top_0_0_tme_top_tme_top_Pipeline_norm_cols/tme_bd_tme_top_0_0_tme_top_fdiv_32ns_32ns_32_30_no_dsp_1/tme_bd_tme_top_0_0_tme_top_fdiv_32ns_32ns_32_30_no_dsp_1_ip/<hidden>/<hidden>/<hidden>/<hidden>/<hidden>/<hidden>/<hidden>/<hidden>
    SLICE_X49Y100        FDRE                                         r  tme_bd_wrapper/tme_bd/tme_bd_tme_top_0_0/tme_bd_tme_top_0_0_tme_top/tme_bd_tme_top_0_0_tme_top_tme_top_Pipeline_norm_cols/tme_bd_tme_top_0_0_tme_top_fdiv_32ns_32ns_32_30_no_dsp_1/tme_bd_tme_top_0_0_tme_top_fdiv_32ns_32ns_32_30_no_dsp_1_ip/<hidden>/<hidden>/<hidden>/<hidden>/<hidden>/<hidden>/<hidden>/<hidden>
  -------------------------------------------------------------------    -------------------

                         (clock clk_fpga_0 rise edge)
                                                      0.000     0.000 r  
    PS7_X0Y0             PS7                          0.000     0.000 r  tme_bd_i/processing_system7_0/inst/PS7_i/FCLKCLK[0]
                         net (fo=1, routed)           0.337     0.337    tme_bd_i/processing_system7_0/inst/FCLK_CLK_unbuffered[0]
    BUFGCTRL_X0Y16       BUFG (Prop_bufg_I_O)         0.029     0.366 r  tme_bd_i/processing_system7_0/inst/buffer_fclk_clk_0.FCLK_CLK_0_BUFG/O
                         net (fo=26079, routed)       0.911     1.277    tme_bd_wrapper/tme_bd/tme_bd_tme_top_0_0/tme_bd_tme_top_0_0_tme_top/tme_bd_tme_top_0_0_tme_top_tme_top_Pipeline_norm_cols/tme_bd_tme_top_0_0_tme_top_fdiv_32ns_32ns_32_30_no_dsp_1/tme_bd_tme_top_0_0_tme_top_fdiv_32ns_32ns_32_30_no_dsp_1_ip/<hidden>/<hidden>/<hidden>/<hidden>/<hidden>/<hidden>/<hidden>/<hidden>
    SLICE_X49Y100        FDRE                                         r  tme_bd_wrapper/tme_bd/tme_bd_tme_top_0_0/tme_bd_tme_top_0_0_tme_top/tme_bd_tme_top_0_0_tme_top_tme_top_Pipeline_norm_cols/tme_bd_tme_top_0_0_tme_top_fdiv_32ns_32ns_32_30_no_dsp_1/tme_bd_tme_top_0_0_tme_top_fdiv_32ns_32ns_32_30_no_dsp_1_ip/<hidden>/<hidden>/<hidden>/<hidden>/<hidden>/<hidden>/<hidden>/<hidden>
                         clock pessimism             -0.035     1.242    
    SLICE_X49Y100        FDRE (Hold_fdre_C_D)         0.105     1.347    tme_bd_wrapper/tme_bd/tme_bd_tme_top_0_0/tme_bd_tme_top_0_0_tme_top/tme_bd_tme_top_0_0_tme_top_tme_top_Pipeline_norm_cols/tme_bd_tme_top_0_0_tme_top_fdiv_32ns_32ns_32_30_no_dsp_1/tme_bd_tme_top_0_0_tme_top_fdiv_32ns_32ns_32_30_no_dsp_1_ip/<hidden>/<hidden>/<hidden>/<hidden>/<hidden>/<hidden>/<hidden>/<hidden>
  -------------------------------------------------------------------
                         required time                         -1.347    
                         arrival time                           1.401    
  -------------------------------------------------------------------
                         slack                                  0.054    

Slack (MET) :             0.054ns  (arrival time - required time)
  Source:                 tme_bd_wrapper/tme_bd/tme_bd_tme_top_0_0/tme_bd_tme_top_0_0_tme_top/tme_bd_tme_top_0_0_tme_top_tme_top_Pipeline_norm_cols/tme_bd_tme_top_0_0_tme_top_fdiv_32ns_32ns_32_30_no_dsp_1/tme_bd_tme_top_0_0_tme_top_fdiv_32ns_32ns_32_30_no_dsp_1_ip/<hidden>/<hidden>/<hidden>/<hidden>/<hidden>/<hidden>
                            (rising edge-triggered cell FDRE clocked by clk_fpga_0  {rise@0.000ns fall@4.000ns period=8.000ns})
  Destination:            tme_bd_wrapper/tme_bd/tme_bd_tme_top_0_0/tme_bd_tme_top_0_0_tme_top/tme_bd_tme_top_0_0_tme_top_tme_top_Pipeline_norm_cols/tme_bd_tme_top_0_0_tme_top_fdiv_32ns_32ns_32_30_no_dsp_1/tme_bd_tme_top_0_0_tme_top_fdiv_32ns_32ns_32_30_no_dsp_1_ip/<hidden>/<hidden>/<hidden>/<hidden>/<hidden>/<hidden>
                            (rising edge-triggered cell FDRE clocked by clk_fpga_0  {rise@0.000ns fall@4.000ns period=8.000ns})
  Path Group:             clk_fpga_0
  Path Type:              Hold (Min at Fast Process Corner)
  Requirement:            0.000ns  (clk_fpga_0 rise@0.000ns - clk_fpga_0 rise@0.000ns)
  Data Path Delay:        0.384ns  (logic 0.141ns (36.751%)  route 0.243ns (63.249%))
  Logic Levels:           0  
  Clock Path Skew:        0.259ns (DCD - SCD - CPR)
    Destination Clock Delay (DCD):    1.187ns
    Source Clock Delay      (SCD):    0.893ns
    Clock Pessimism Removal (CPR):    0.035ns

    Location             Delay type                Incr(ns)  Path(ns)    Netlist Resource(s)
  -------------------------------------------------------------------    -------------------
                         (clock clk_fpga_0 rise edge)
                                                      0.000     0.000 r  
    PS7_X0Y0             PS7                          0.000     0.000 r  tme_bd_i/processing_system7_0/inst/PS7_i/FCLKCLK[0]
                         net (fo=1, routed)           0.310     0.310    tme_bd_i/processing_system7_0/inst/FCLK_CLK_unbuffered[0]
    BUFGCTRL_X0Y16       BUFG (Prop_bufg_I_O)         0.026     0.336 r  tme_bd_i/processing_system7_0/inst/buffer_fclk_clk_0.FCLK_CLK_0_BUFG/O
                         net (fo=26079, routed)       0.557     0.893    tme_bd_wrapper/tme_bd/tme_bd_tme_top_0_0/tme_bd_tme_top_0_0_tme_top/tme_bd_tme_top_0_0_tme_top_tme_top_Pipeline_norm_cols/tme_bd_tme_top_0_0_tme_top_fdiv_32ns_32ns_32_30_no_dsp_1/tme_bd_tme_top_0_0_tme_top_fdiv_32ns_32ns_32_30_no_dsp_1_ip/<hidden>/<hidden>/<hidden>/<hidden>/<hidden>/<hidden>
    SLICE_X47Y97         FDRE                                         r  tme_bd_wrapper/tme_bd/tme_bd_tme_top_0_0/tme_bd_tme_top_0_0_tme_top/tme_bd_tme_top_0_0_tme_top_tme_top_Pipeline_norm_cols/tme_bd_tme_top_0_0_tme_top_fdiv_32ns_32ns_32_30_no_dsp_1/tme_bd_tme_top_0_0_tme_top_fdiv_32ns_32ns_32_30_no_dsp_1_ip/<hidden>/<hidden>/<hidden>/<hidden>/<hidden>/<hidden>
  -------------------------------------------------------------------    -------------------
    SLICE_X47Y97         FDRE (Prop_fdre_C_Q)         0.141     1.034 r  tme_bd_wrapper/tme_bd/tme_bd_tme_top_0_0/tme_bd_tme_top_0_0_tme_top/tme_bd_tme_top_0_0_tme_top_tme_top_Pipeline_norm_cols/tme_bd_tme_top_0_0_tme_top_fdiv_32ns_32ns_32_30_no_dsp_1/tme_bd_tme_top_0_0_tme_top_fdiv_32ns_32ns_32_30_no_dsp_1_ip/<hidden>/<hidden>/<hidden>/<hidden>/<hidden>/<hidden>
                         net (fo=2, routed)           0.243     1.276    tme_bd_wrapper/tme_bd/tme_bd_tme_top_0_0/tme_bd_tme_top_0_0_tme_top/tme_bd_tme_top_0_0_tme_top_tme_top_Pipeline_norm_cols/tme_bd_tme_top_0_0_tme_top_fdiv_32ns_32ns_32_30_no_dsp_1/tme_bd_tme_top_0_0_tme_top_fdiv_32ns_32ns_32_30_no_dsp_1_ip/<hidden>/<hidden>/<hidden>/<hidden>/<hidden>/<hidden>
    SLICE_X51Y98         FDRE                                         r  tme_bd_wrapper/tme_bd/tme_bd_tme_top_0_0/tme_bd_tme_top_0_0_tme_top/tme_bd_tme_top_0_0_tme_top_tme_top_Pipeline_norm_cols/tme_bd_tme_top_0_0_tme_top_fdiv_32ns_32ns_32_30_no_dsp_1/tme_bd_tme_top_0_0_tme_top_fdiv_32ns_32ns_32_30_no_dsp_1_ip/<hidden>/<hidden>/<hidden>/<hidden>/<hidden>/<hidden>
  -------------------------------------------------------------------    -------------------

                         (clock clk_fpga_0 rise edge)
                                                      0.000     0.000 r  
    PS7_X0Y0             PS7                          0.000     0.000 r  tme_bd_i/processing_system7_0/inst/PS7_i/FCLKCLK[0]
                         net (fo=1, routed)           0.337     0.337    tme_bd_i/processing_system7_0/inst/FCLK_CLK_unbuffered[0]
    BUFGCTRL_X0Y16       BUFG (Prop_bufg_I_O)         0.029     0.366 r  tme_bd_i/processing_system7_0/inst/buffer_fclk_clk_0.FCLK_CLK_0_BUFG/O
                         net (fo=26079, routed)       0.821     1.187    tme_bd_wrapper/tme_bd/tme_bd_tme_top_0_0/tme_bd_tme_top_0_0_tme_top/tme_bd_tme_top_0_0_tme_top_tme_top_Pipeline_norm_cols/tme_bd_tme_top_0_0_tme_top_fdiv_32ns_32ns_32_30_no_dsp_1/tme_bd_tme_top_0_0_tme_top_fdiv_32ns_32ns_32_30_no_dsp_1_ip/<hidden>/<hidden>/<hidden>/<hidden>/<hidden>/<hidden>
    SLICE_X51Y98         FDRE                                         r  tme_bd_wrapper/tme_bd/tme_bd_tme_top_0_0/tme_bd_tme_top_0_0_tme_top/tme_bd_tme_top_0_0_tme_top_tme_top_Pipeline_norm_cols/tme_bd_tme_top_0_0_tme_top_fdiv_32ns_32ns_32_30_no_dsp_1/tme_bd_tme_top_0_0_tme_top_fdiv_32ns_32ns_32_30_no_dsp_1_ip/<hidden>/<hidden>/<hidden>/<hidden>/<hidden>/<hidden>
                         clock pessimism             -0.035     1.152    
    SLICE_X51Y98         FDRE (Hold_fdre_C_D)         0.070     1.222    tme_bd_wrapper/tme_bd/tme_bd_tme_top_0_0/tme_bd_tme_top_0_0_tme_top/tme_bd_tme_top_0_0_tme_top_tme_top_Pipeline_norm_cols/tme_bd_tme_top_0_0_tme_top_fdiv_32ns_32ns_32_30_no_dsp_1/tme_bd_tme_top_0_0_tme_top_fdiv_32ns_32ns_32_30_no_dsp_1_ip/<hidden>/<hidden>/<hidden>/<hidden>/<hidden>/<hidden>
  -------------------------------------------------------------------
                         required time                         -1.222    
                         arrival time                           1.276    
  -------------------------------------------------------------------
                         slack                                  0.054    





Pulse Width Checks
--------------------------------------------------------------------------------------
Clock Name:         clk_fpga_0
Waveform(ns):       { 0.000 4.000 }
Period(ns):         8.000
Sources:            { tme_bd_i/processing_system7_0/inst/PS7_i/FCLKCLK[0] }

Check Type        Corner  Lib Pin             Reference Pin  Required(ns)  Actual(ns)  Slack(ns)  Location      Pin
Min Period        n/a     RAMB18E1/CLKARDCLK  n/a            2.944         8.000       5.056      RAMB18_X5Y24  tme_bd_i/tme_top_0/inst/p_ZZ7tme_topRN3hls6streamINS_4axisI7ap_uintILi8EELm1ELm1ELm1ELh56ELb0EEELi0EEES6_10_U/ram_reg/CLKARDCLK
Min Period        n/a     RAMB18E1/CLKBWRCLK  n/a            2.944         8.000       5.056      RAMB18_X5Y24  tme_bd_i/tme_top_0/inst/p_ZZ7tme_topRN3hls6streamINS_4axisI7ap_uintILi8EELm1ELm1ELm1ELh56ELb0EEELi0EEES6_10_U/ram_reg/CLKBWRCLK
Min Period        n/a     RAMB18E1/CLKARDCLK  n/a            2.944         8.000       5.056      RAMB18_X5Y44  tme_bd_i/tme_top_0/inst/p_ZZ7tme_topRN3hls6streamINS_4axisI7ap_uintILi8EELm1ELm1ELm1ELh56ELb0EEELi0EEES6_11_U/ram_reg/CLKARDCLK
Min Period        n/a     RAMB18E1/CLKBWRCLK  n/a            2.944         8.000       5.056      RAMB18_X5Y44  tme_bd_i/tme_top_0/inst/p_ZZ7tme_topRN3hls6streamINS_4axisI7ap_uintILi8EELm1ELm1ELm1ELh56ELb0EEELi0EEES6_11_U/ram_reg/CLKBWRCLK
Min Period        n/a     RAMB36E1/CLKARDCLK  n/a            2.944         8.000       5.056      RAMB36_X3Y28  tme_bd_i/tme_top_0/inst/p_ZZ7tme_topRN3hls6streamINS_4axisI7ap_uintILi8EELm1ELm1ELm1ELh56ELb0EEELi0EEES6_12_U/ram_reg/CLKARDCLK
Min Period        n/a     RAMB36E1/CLKARDCLK  n/a            2.944         8.000       5.056      RAMB36_X3Y26  tme_bd_i/tme_top_0/inst/p_ZZ7tme_topRN3hls6streamINS_4axisI7ap_uintILi8EELm1ELm1ELm1ELh56ELb0EEELi0EEES6_13_U/ram_reg/CLKARDCLK
Min Period        n/a     RAMB36E1/CLKARDCLK  n/a            2.944         8.000       5.056      RAMB36_X2Y25  tme_bd_i/tme_top_0/inst/p_ZZ7tme_topRN3hls6streamINS_4axisI7ap_uintILi8EELm1ELm1ELm1ELh56ELb0EEELi0EEES6_14_U/ram_reg/CLKARDCLK
Min Period        n/a     RAMB36E1/CLKARDCLK  n/a            2.944         8.000       5.056      RAMB36_X3Y24  tme_bd_i/tme_top_0/inst/p_ZZ7tme_topRN3hls6streamINS_4axisI7ap_uintILi8EELm1ELm1ELm1ELh56ELb0EEELi0EEES6_15_U/ram_reg/CLKARDCLK
Min Period        n/a     RAMB36E1/CLKARDCLK  n/a            2.944         8.000       5.056      RAMB36_X3Y20  tme_bd_i/tme_top_0/inst/p_ZZ7tme_topRN3hls6streamINS_4axisI7ap_uintILi8EELm1ELm1ELm1ELh56ELb0EEELi0EEES6_16_U/ram_reg/CLKARDCLK
Min Period        n/a     RAMB36E1/CLKARDCLK  n/a            2.944         8.000       5.056      RAMB36_X2Y23  tme_bd_i/tme_top_0/inst/p_ZZ7tme_topRN3hls6streamINS_4axisI7ap_uintILi8EELm1ELm1ELm1ELh56ELb0EEELi0EEES6_17_U/ram_reg/CLKARDCLK
Low Pulse Width   Slow    RAMD32/CLK          n/a            1.250         4.000       2.750      SLICE_X4Y16   tme_bd_i/smartconnect_mem/inst/m00_nodes/m00_ar_node/inst/inst_mi_handler/gen_normal_area.inst_fifo_node_payld/gen_xpm_memory_fifo.inst_fifo/gen_mem_rep[0].inst_xpm_memory/xpm_memory_base_inst/gen_wr_a.gen_word_narrow.mem_reg_0_31_0_5/RAMA/CLK
Low Pulse Width   Fast    RAMD32/CLK          n/a            1.250         4.000       2.750      SLICE_X4Y16   tme_bd_i/smartconnect_mem/inst/m00_nodes/m00_ar_node/inst/inst_mi_handler/gen_normal_area.inst_fifo_node_payld/gen_xpm_memory_fifo.inst_fifo/gen_mem_rep[0].inst_xpm_memory/xpm_memory_base_inst/gen_wr_a.gen_word_narrow.mem_reg_0_31_0_5/RAMA/CLK
Low Pulse Width   Slow    RAMD32/CLK          n/a            1.250         4.000       2.750      SLICE_X4Y16   tme_bd_i/smartconnect_mem/inst/m00_nodes/m00_ar_node/inst/inst_mi_handler/gen_normal_area.inst_fifo_node_payld/gen_xpm_memory_fifo.inst_fifo/gen_mem_rep[0].inst_xpm_memory/xpm_memory_base_inst/gen_wr_a.gen_word_narrow.mem_reg_0_31_0_5/RAMA_D1/CLK
Low Pulse Width   Fast    RAMD32/CLK          n/a            1.250         4.000       2.750      SLICE_X4Y16   tme_bd_i/smartconnect_mem/inst/m00_nodes/m00_ar_node/inst/inst_mi_handler/gen_normal_area.inst_fifo_node_payld/gen_xpm_memory_fifo.inst_fifo/gen_mem_rep[0].inst_xpm_memory/xpm_memory_base_inst/gen_wr_a.gen_word_narrow.mem_reg_0_31_0_5/RAMA_D1/CLK
Low Pulse Width   Slow    RAMD32/CLK          n/a            1.250         4.000       2.750      SLICE_X4Y16   tme_bd_i/smartconnect_mem/inst/m00_nodes/m00_ar_node/inst/inst_mi_handler/gen_normal_area.inst_fifo_node_payld/gen_xpm_memory_fifo.inst_fifo/gen_mem_rep[0].inst_xpm_memory/xpm_memory_base_inst/gen_wr_a.gen_word_narrow.mem_reg_0_31_0_5/RAMB/CLK
Low Pulse Width   Fast    RAMD32/CLK          n/a            1.250         4.000       2.750      SLICE_X4Y16   tme_bd_i/smartconnect_mem/inst/m00_nodes/m00_ar_node/inst/inst_mi_handler/gen_normal_area.inst_fifo_node_payld/gen_xpm_memory_fifo.inst_fifo/gen_mem_rep[0].inst_xpm_memory/xpm_memory_base_inst/gen_wr_a.gen_word_narrow.mem_reg_0_31_0_5/RAMB/CLK
Low Pulse Width   Slow    RAMD32/CLK          n/a            1.250         4.000       2.750      SLICE_X4Y16   tme_bd_i/smartconnect_mem/inst/m00_nodes/m00_ar_node/inst/inst_mi_handler/gen_normal_area.inst_fifo_node_payld/gen_xpm_memory_fifo.inst_fifo/gen_mem_rep[0].inst_xpm_memory/xpm_memory_base_inst/gen_wr_a.gen_word_narrow.mem_reg_0_31_0_5/RAMB_D1/CLK
Low Pulse Width   Fast    RAMD32/CLK          n/a            1.250         4.000       2.750      SLICE_X4Y16   tme_bd_i/smartconnect_mem/inst/m00_nodes/m00_ar_node/inst/inst_mi_handler/gen_normal_area.inst_fifo_node_payld/gen_xpm_memory_fifo.inst_fifo/gen_mem_rep[0].inst_xpm_memory/xpm_memory_base_inst/gen_wr_a.gen_word_narrow.mem_reg_0_31_0_5/RAMB_D1/CLK
Low Pulse Width   Slow    RAMD32/CLK          n/a            1.250         4.000       2.750      SLICE_X4Y16   tme_bd_i/smartconnect_mem/inst/m00_nodes/m00_ar_node/inst/inst_mi_handler/gen_normal_area.inst_fifo_node_payld/gen_xpm_memory_fifo.inst_fifo/gen_mem_rep[0].inst_xpm_memory/xpm_memory_base_inst/gen_wr_a.gen_word_narrow.mem_reg_0_31_0_5/RAMC/CLK
Low Pulse Width   Fast    RAMD32/CLK          n/a            1.250         4.000       2.750      SLICE_X4Y16   tme_bd_i/smartconnect_mem/inst/m00_nodes/m00_ar_node/inst/inst_mi_handler/gen_normal_area.inst_fifo_node_payld/gen_xpm_memory_fifo.inst_fifo/gen_mem_rep[0].inst_xpm_memory/xpm_memory_base_inst/gen_wr_a.gen_word_narrow.mem_reg_0_31_0_5/RAMC/CLK
High Pulse Width  Slow    RAMD32/CLK          n/a            1.250         4.000       2.750      SLICE_X4Y16   tme_bd_i/smartconnect_mem/inst/m00_nodes/m00_ar_node/inst/inst_mi_handler/gen_normal_area.inst_fifo_node_payld/gen_xpm_memory_fifo.inst_fifo/gen_mem_rep[0].inst_xpm_memory/xpm_memory_base_inst/gen_wr_a.gen_word_narrow.mem_reg_0_31_0_5/RAMA/CLK
High Pulse Width  Fast    RAMD32/CLK          n/a            1.250         4.000       2.750      SLICE_X4Y16   tme_bd_i/smartconnect_mem/inst/m00_nodes/m00_ar_node/inst/inst_mi_handler/gen_normal_area.inst_fifo_node_payld/gen_xpm_memory_fifo.inst_fifo/gen_mem_rep[0].inst_xpm_memory/xpm_memory_base_inst/gen_wr_a.gen_word_narrow.mem_reg_0_31_0_5/RAMA/CLK
High Pulse Width  Slow    RAMD32/CLK          n/a            1.250         4.000       2.750      SLICE_X4Y16   tme_bd_i/smartconnect_mem/inst/m00_nodes/m00_ar_node/inst/inst_mi_handler/gen_normal_area.inst_fifo_node_payld/gen_xpm_memory_fifo.inst_fifo/gen_mem_rep[0].inst_xpm_memory/xpm_memory_base_inst/gen_wr_a.gen_word_narrow.mem_reg_0_31_0_5/RAMA_D1/CLK
High Pulse Width  Fast    RAMD32/CLK          n/a            1.250         4.000       2.750      SLICE_X4Y16   tme_bd_i/smartconnect_mem/inst/m00_nodes/m00_ar_node/inst/inst_mi_handler/gen_normal_area.inst_fifo_node_payld/gen_xpm_memory_fifo.inst_fifo/gen_mem_rep[0].inst_xpm_memory/xpm_memory_base_inst/gen_wr_a.gen_word_narrow.mem_reg_0_31_0_5/RAMA_D1/CLK
High Pulse Width  Slow    RAMD32/CLK          n/a            1.250         4.000       2.750      SLICE_X4Y16   tme_bd_i/smartconnect_mem/inst/m00_nodes/m00_ar_node/inst/inst_mi_handler/gen_normal_area.inst_fifo_node_payld/gen_xpm_memory_fifo.inst_fifo/gen_mem_rep[0].inst_xpm_memory/xpm_memory_base_inst/gen_wr_a.gen_word_narrow.mem_reg_0_31_0_5/RAMB/CLK
High Pulse Width  Fast    RAMD32/CLK          n/a            1.250         4.000       2.750      SLICE_X4Y16   tme_bd_i/smartconnect_mem/inst/m00_nodes/m00_ar_node/inst/inst_mi_handler/gen_normal_area.inst_fifo_node_payld/gen_xpm_memory_fifo.inst_fifo/gen_mem_rep[0].inst_xpm_memory/xpm_memory_base_inst/gen_wr_a.gen_word_narrow.mem_reg_0_31_0_5/RAMB/CLK
High Pulse Width  Slow    RAMD32/CLK          n/a            1.250         4.000       2.750      SLICE_X4Y16   tme_bd_i/smartconnect_mem/inst/m00_nodes/m00_ar_node/inst/inst_mi_handler/gen_normal_area.inst_fifo_node_payld/gen_xpm_memory_fifo.inst_fifo/gen_mem_rep[0].inst_xpm_memory/xpm_memory_base_inst/gen_wr_a.gen_word_narrow.mem_reg_0_31_0_5/RAMB_D1/CLK
High Pulse Width  Fast    RAMD32/CLK          n/a            1.250         4.000       2.750      SLICE_X4Y16   tme_bd_i/smartconnect_mem/inst/m00_nodes/m00_ar_node/inst/inst_mi_handler/gen_normal_area.inst_fifo_node_payld/gen_xpm_memory_fifo.inst_fifo/gen_mem_rep[0].inst_xpm_memory/xpm_memory_base_inst/gen_wr_a.gen_word_narrow.mem_reg_0_31_0_5/RAMB_D1/CLK
High Pulse Width  Slow    RAMD32/CLK          n/a            1.250         4.000       2.750      SLICE_X4Y16   tme_bd_i/smartconnect_mem/inst/m00_nodes/m00_ar_node/inst/inst_mi_handler/gen_normal_area.inst_fifo_node_payld/gen_xpm_memory_fifo.inst_fifo/gen_mem_rep[0].inst_xpm_memory/xpm_memory_base_inst/gen_wr_a.gen_word_narrow.mem_reg_0_31_0_5/RAMC/CLK
High Pulse Width  Fast    RAMD32/CLK          n/a            1.250         4.000       2.750      SLICE_X4Y16   tme_bd_i/smartconnect_mem/inst/m00_nodes/m00_ar_node/inst/inst_mi_handler/gen_normal_area.inst_fifo_node_payld/gen_xpm_memory_fifo.inst_fifo/gen_mem_rep[0].inst_xpm_memory/xpm_memory_base_inst/gen_wr_a.gen_word_narrow.mem_reg_0_31_0_5/RAMC/CLK



--------------------------------------------------------------------------------------
Path Group:  (none)
From Clock:  
  To Clock:  clk_fpga_0

Max Delay             1 Endpoint
Min Delay             1 Endpoint
--------------------------------------------------------------------------------------


Max Delay Paths
--------------------------------------------------------------------------------------
Slack:                    inf
  Source:                 tme_bd_i/processing_system7_0/inst/PS7_i/FCLKRESETN[0]
                            (internal pin)
  Destination:            tme_bd_i/proc_sys_reset_0/U0/EXT_LPF/ACTIVE_LOW_EXT.ACT_LO_EXT/syncstages_ff_reg[0]/D
                            (rising edge-triggered cell FDRE clocked by clk_fpga_0  {rise@0.000ns fall@4.000ns period=8.000ns})
  Path Group:             (none)
  Path Type:              Setup (Max at Slow Process Corner)
  Data Path Delay:        1.586ns  (logic 0.124ns (7.820%)  route 1.462ns (92.180%))
  Logic Levels:           1  (LUT1=1)
  Clock Uncertainty:      0.123ns  ((TSJ^2 + TIJ^2)^1/2 + DJ) / 2 + PE
    Total System Jitter     (TSJ):    0.050ns
    Total Input Jitter      (TIJ):    0.240ns
    Discrete Jitter          (DJ):    0.000ns
    Phase Error              (PE):    0.000ns
  Timing Exception:       False Path

    Location             Delay type                Incr(ns)  Path(ns)    Netlist Resource(s)
  -------------------------------------------------------------------    -------------------
    PS7_X0Y0             PS7                          0.000     0.000 f  tme_bd_i/processing_system7_0/inst/PS7_i/FCLKRESETN[0]
                         net (fo=1, routed)           1.462     1.462    tme_bd_i/proc_sys_reset_0/U0/EXT_LPF/ext_reset_in
    SLICE_X37Y93         LUT1 (Prop_lut1_I0_O)        0.124     1.586 r  tme_bd_i/proc_sys_reset_0/U0/EXT_LPF/ACTIVE_LOW_EXT.ACT_LO_EXT_i_1/O
                         net (fo=1, routed)           0.000     1.586    tme_bd_i/proc_sys_reset_0/U0/EXT_LPF/ACTIVE_LOW_EXT.ACT_LO_EXT/src_in
    SLICE_X37Y93         FDRE                                         r  tme_bd_i/proc_sys_reset_0/U0/EXT_LPF/ACTIVE_LOW_EXT.ACT_LO_EXT/syncstages_ff_reg[0]/D
  -------------------------------------------------------------------    -------------------

                         (clock clk_fpga_0 rise edge)
                                                      0.000     0.000 r  
    PS7_X0Y0             PS7                          0.000     0.000 r  tme_bd_i/processing_system7_0/inst/PS7_i/FCLKCLK[0]
                         net (fo=1, routed)           1.088     1.088    tme_bd_i/processing_system7_0/inst/FCLK_CLK_unbuffered[0]
    BUFGCTRL_X0Y16       BUFG (Prop_bufg_I_O)         0.091     1.179 r  tme_bd_i/processing_system7_0/inst/buffer_fclk_clk_0.FCLK_CLK_0_BUFG/O
                         net (fo=26079, routed)       1.479     2.658    tme_bd_i/proc_sys_reset_0/U0/EXT_LPF/ACTIVE_LOW_EXT.ACT_LO_EXT/dest_clk
    SLICE_X37Y93         FDRE                                         r  tme_bd_i/proc_sys_reset_0/U0/EXT_LPF/ACTIVE_LOW_EXT.ACT_LO_EXT/syncstages_ff_reg[0]/C





Min Delay Paths
--------------------------------------------------------------------------------------
Slack:                    inf
  Source:                 tme_bd_i/processing_system7_0/inst/PS7_i/FCLKRESETN[0]
                            (internal pin)
  Destination:            tme_bd_i/proc_sys_reset_0/U0/EXT_LPF/ACTIVE_LOW_EXT.ACT_LO_EXT/syncstages_ff_reg[0]/D
                            (rising edge-triggered cell FDRE clocked by clk_fpga_0  {rise@0.000ns fall@4.000ns period=8.000ns})
  Path Group:             (none)
  Path Type:              Hold (Min at Fast Process Corner)
  Data Path Delay:        0.629ns  (logic 0.045ns (7.158%)  route 0.584ns (92.842%))
  Logic Levels:           1  (LUT1=1)
  Clock Uncertainty:      0.123ns  ((TSJ^2 + TIJ^2)^1/2 + DJ) / 2 + PE
    Total System Jitter     (TSJ):    0.050ns
    Total Input Jitter      (TIJ):    0.240ns
    Discrete Jitter          (DJ):    0.000ns
    Phase Error              (PE):    0.000ns
  Timing Exception:       False Path

    Location             Delay type                Incr(ns)  Path(ns)    Netlist Resource(s)
  -------------------------------------------------------------------    -------------------
    PS7_X0Y0             PS7                          0.000     0.000 f  tme_bd_i/processing_system7_0/inst/PS7_i/FCLKRESETN[0]
                         net (fo=1, routed)           0.584     0.584    tme_bd_i/proc_sys_reset_0/U0/EXT_LPF/ext_reset_in
    SLICE_X37Y93         LUT1 (Prop_lut1_I0_O)        0.045     0.629 r  tme_bd_i/proc_sys_reset_0/U0/EXT_LPF/ACTIVE_LOW_EXT.ACT_LO_EXT_i_1/O
                         net (fo=1, routed)           0.000     0.629    tme_bd_i/proc_sys_reset_0/U0/EXT_LPF/ACTIVE_LOW_EXT.ACT_LO_EXT/src_in
    SLICE_X37Y93         FDRE                                         r  tme_bd_i/proc_sys_reset_0/U0/EXT_LPF/ACTIVE_LOW_EXT.ACT_LO_EXT/syncstages_ff_reg[0]/D
  -------------------------------------------------------------------    -------------------

                         (clock clk_fpga_0 rise edge)
                                                      0.000     0.000 r  
    PS7_X0Y0             PS7                          0.000     0.000 r  tme_bd_i/processing_system7_0/inst/PS7_i/FCLKCLK[0]
                         net (fo=1, routed)           0.337     0.337    tme_bd_i/processing_system7_0/inst/FCLK_CLK_unbuffered[0]
    BUFGCTRL_X0Y16       BUFG (Prop_bufg_I_O)         0.029     0.366 r  tme_bd_i/processing_system7_0/inst/buffer_fclk_clk_0.FCLK_CLK_0_BUFG/O
                         net (fo=26079, routed)       0.824     1.190    tme_bd_i/proc_sys_reset_0/U0/EXT_LPF/ACTIVE_LOW_EXT.ACT_LO_EXT/dest_clk
    SLICE_X37Y93         FDRE                                         r  tme_bd_i/proc_sys_reset_0/U0/EXT_LPF/ACTIVE_LOW_EXT.ACT_LO_EXT/syncstages_ff_reg[0]/C





--------------------------------------------------------------------------------------
Path Group:  (none)
From Clock:  clk_fpga_0
  To Clock:  clk_fpga_0

Max Delay           132 Endpoints
Min Delay           132 Endpoints
--------------------------------------------------------------------------------------


Max Delay Paths
--------------------------------------------------------------------------------------
Slack:                    inf
  Source:                 tme_bd_i/proc_sys_reset_0/U0/ACTIVE_LOW_PR_OUT_DFF[0].FDRE_PER_N/C
                            (rising edge-triggered cell FDRE clocked by clk_fpga_0  {rise@0.000ns fall@4.000ns period=8.000ns})
  Destination:            tme_bd_i/smartconnect_lite/inst/clk_map/psr_aclk/U0/EXT_LPF/ACTIVE_LOW_AUX.ACT_LO_AUX/syncstages_ff_reg[0]/D
                            (rising edge-triggered cell FDRE clocked by clk_fpga_0  {rise@0.000ns fall@4.000ns period=8.000ns})
  Path Group:             (none)
  Path Type:              Setup (Max at Slow Process Corner)
  Data Path Delay:        6.456ns  (logic 0.580ns (8.983%)  route 5.876ns (91.017%))
  Logic Levels:           1  (LUT1=1)
  Clock Path Skew:        -0.135ns (DCD - SCD + CPR)
    Destination Clock Delay (DCD):    2.828ns
    Source Clock Delay      (SCD):    2.963ns
    Clock Pessimism Removal (CPR):    0.000ns
  Clock Uncertainty:      0.125ns  ((TSJ^2 + TIJ^2)^1/2 + DJ) / 2 + PE
    Total System Jitter     (TSJ):    0.071ns
    Total Input Jitter      (TIJ):    0.240ns
    Discrete Jitter          (DJ):    0.000ns
    Phase Error              (PE):    0.000ns
  Timing Exception:       False Path

    Location             Delay type                Incr(ns)  Path(ns)    Netlist Resource(s)
  -------------------------------------------------------------------    -------------------
                         (clock clk_fpga_0 rise edge)
                                                      0.000     0.000 r  
    PS7_X0Y0             PS7                          0.000     0.000 r  tme_bd_i/processing_system7_0/inst/PS7_i/FCLKCLK[0]
                         net (fo=1, routed)           1.193     1.193    tme_bd_i/processing_system7_0/inst/FCLK_CLK_unbuffered[0]
    BUFGCTRL_X0Y16       BUFG (Prop_bufg_I_O)         0.101     1.294 r  tme_bd_i/processing_system7_0/inst/buffer_fclk_clk_0.FCLK_CLK_0_BUFG/O
                         net (fo=26079, routed)       1.669     2.963    tme_bd_i/proc_sys_reset_0/U0/slowest_sync_clk
    SLICE_X39Y6          FDRE                                         r  tme_bd_i/proc_sys_reset_0/U0/ACTIVE_LOW_PR_OUT_DFF[0].FDRE_PER_N/C
  -------------------------------------------------------------------    -------------------
    SLICE_X39Y6          FDRE (Prop_fdre_C_Q)         0.456     3.419 f  tme_bd_i/proc_sys_reset_0/U0/ACTIVE_LOW_PR_OUT_DFF[0].FDRE_PER_N/Q
                         net (fo=43, routed)          5.225     8.644    tme_bd_i/smartconnect_lite/inst/clk_map/psr_aclk/U0/EXT_LPF/aresetn
    SLICE_X42Y127        LUT1 (Prop_lut1_I0_O)        0.124     8.768 r  tme_bd_i/smartconnect_lite/inst/clk_map/psr_aclk/U0/EXT_LPF/ACTIVE_LOW_AUX.ACT_LO_AUX_i_1/O
                         net (fo=1, routed)           0.652     9.419    tme_bd_i/smartconnect_lite/inst/clk_map/psr_aclk/U0/EXT_LPF/ACTIVE_LOW_AUX.ACT_LO_AUX/src_in
    SLICE_X42Y137        FDRE                                         r  tme_bd_i/smartconnect_lite/inst/clk_map/psr_aclk/U0/EXT_LPF/ACTIVE_LOW_AUX.ACT_LO_AUX/syncstages_ff_reg[0]/D
  -------------------------------------------------------------------    -------------------

                         (clock clk_fpga_0 rise edge)
                                                      0.000     0.000 r  
    PS7_X0Y0             PS7                          0.000     0.000 r  tme_bd_i/processing_system7_0/inst/PS7_i/FCLKCLK[0]
                         net (fo=1, routed)           1.088     1.088    tme_bd_i/processing_system7_0/inst/FCLK_CLK_unbuffered[0]
    BUFGCTRL_X0Y16       BUFG (Prop_bufg_I_O)         0.091     1.179 r  tme_bd_i/processing_system7_0/inst/buffer_fclk_clk_0.FCLK_CLK_0_BUFG/O
                         net (fo=26079, routed)       1.649     2.828    tme_bd_i/smartconnect_lite/inst/clk_map/psr_aclk/U0/EXT_LPF/ACTIVE_LOW_AUX.ACT_LO_AUX/dest_clk
    SLICE_X42Y137        FDRE                                         r  tme_bd_i/smartconnect_lite/inst/clk_map/psr_aclk/U0/EXT_LPF/ACTIVE_LOW_AUX.ACT_LO_AUX/syncstages_ff_reg[0]/C

Slack:                    inf
  Source:                 tme_bd_i/proc_sys_reset_0/U0/ACTIVE_LOW_PR_OUT_DFF[0].FDRE_PER_N/C
                            (rising edge-triggered cell FDRE clocked by clk_fpga_0  {rise@0.000ns fall@4.000ns period=8.000ns})
  Destination:            tme_bd_i/axi_dma_templ/U0/I_RST_MODULE/REG_HRD_RST_OUT/syncstages_ff_reg[0]/D
                            (rising edge-triggered cell FDRE clocked by clk_fpga_0  {rise@0.000ns fall@4.000ns period=8.000ns})
  Path Group:             (none)
  Path Type:              Setup (Max at Slow Process Corner)
  Data Path Delay:        5.905ns  (logic 0.456ns (7.723%)  route 5.449ns (92.277%))
  Logic Levels:           0  
  Clock Path Skew:        -0.144ns (DCD - SCD + CPR)
    Destination Clock Delay (DCD):    2.819ns
    Source Clock Delay      (SCD):    2.963ns
    Clock Pessimism Removal (CPR):    0.000ns
  Clock Uncertainty:      0.125ns  ((TSJ^2 + TIJ^2)^1/2 + DJ) / 2 + PE
    Total System Jitter     (TSJ):    0.071ns
    Total Input Jitter      (TIJ):    0.240ns
    Discrete Jitter          (DJ):    0.000ns
    Phase Error              (PE):    0.000ns
  Timing Exception:       False Path

    Location             Delay type                Incr(ns)  Path(ns)    Netlist Resource(s)
  -------------------------------------------------------------------    -------------------
                         (clock clk_fpga_0 rise edge)
                                                      0.000     0.000 r  
    PS7_X0Y0             PS7                          0.000     0.000 r  tme_bd_i/processing_system7_0/inst/PS7_i/FCLKCLK[0]
                         net (fo=1, routed)           1.193     1.193    tme_bd_i/processing_system7_0/inst/FCLK_CLK_unbuffered[0]
    BUFGCTRL_X0Y16       BUFG (Prop_bufg_I_O)         0.101     1.294 r  tme_bd_i/processing_system7_0/inst/buffer_fclk_clk_0.FCLK_CLK_0_BUFG/O
                         net (fo=26079, routed)       1.669     2.963    tme_bd_i/proc_sys_reset_0/U0/slowest_sync_clk
    SLICE_X39Y6          FDRE                                         r  tme_bd_i/proc_sys_reset_0/U0/ACTIVE_LOW_PR_OUT_DFF[0].FDRE_PER_N/C
  -------------------------------------------------------------------    -------------------
    SLICE_X39Y6          FDRE (Prop_fdre_C_Q)         0.456     3.419 r  tme_bd_i/proc_sys_reset_0/U0/ACTIVE_LOW_PR_OUT_DFF[0].FDRE_PER_N/Q
                         net (fo=43, routed)          5.449     8.868    tme_bd_i/axi_dma_templ/U0/I_RST_MODULE/REG_HRD_RST_OUT/src_rst
    SLICE_X35Y122        FDRE                                         r  tme_bd_i/axi_dma_templ/U0/I_RST_MODULE/REG_HRD_RST_OUT/syncstages_ff_reg[0]/D
  -------------------------------------------------------------------    -------------------

                         (clock clk_fpga_0 rise edge)
                                                      0.000     0.000 r  
    PS7_X0Y0             PS7                          0.000     0.000 r  tme_bd_i/processing_system7_0/inst/PS7_i/FCLKCLK[0]
                         net (fo=1, routed)           1.088     1.088    tme_bd_i/processing_system7_0/inst/FCLK_CLK_unbuffered[0]
    BUFGCTRL_X0Y16       BUFG (Prop_bufg_I_O)         0.091     1.179 r  tme_bd_i/processing_system7_0/inst/buffer_fclk_clk_0.FCLK_CLK_0_BUFG/O
                         net (fo=26079, routed)       1.640     2.819    tme_bd_i/axi_dma_templ/U0/I_RST_MODULE/REG_HRD_RST_OUT/dest_clk
    SLICE_X35Y122        FDRE                                         r  tme_bd_i/axi_dma_templ/U0/I_RST_MODULE/REG_HRD_RST_OUT/syncstages_ff_reg[0]/C

Slack:                    inf
  Source:                 tme_bd_i/proc_sys_reset_0/U0/ACTIVE_LOW_PR_OUT_DFF[0].FDRE_PER_N/C
                            (rising edge-triggered cell FDRE clocked by clk_fpga_0  {rise@0.000ns fall@4.000ns period=8.000ns})
  Destination:            tme_bd_i/axi_dma_patch/U0/I_RST_MODULE/REG_HRD_RST_OUT/syncstages_ff_reg[0]/D
                            (rising edge-triggered cell FDRE clocked by clk_fpga_0  {rise@0.000ns fall@4.000ns period=8.000ns})
  Path Group:             (none)
  Path Type:              Setup (Max at Slow Process Corner)
  Data Path Delay:        5.596ns  (logic 0.456ns (8.149%)  route 5.140ns (91.851%))
  Logic Levels:           0  
  Clock Path Skew:        -0.147ns (DCD - SCD + CPR)
    Destination Clock Delay (DCD):    2.816ns
    Source Clock Delay      (SCD):    2.963ns
    Clock Pessimism Removal (CPR):    0.000ns
  Clock Uncertainty:      0.125ns  ((TSJ^2 + TIJ^2)^1/2 + DJ) / 2 + PE
    Total System Jitter     (TSJ):    0.071ns
    Total Input Jitter      (TIJ):    0.240ns
    Discrete Jitter          (DJ):    0.000ns
    Phase Error              (PE):    0.000ns
  Timing Exception:       False Path

    Location             Delay type                Incr(ns)  Path(ns)    Netlist Resource(s)
  -------------------------------------------------------------------    -------------------
                         (clock clk_fpga_0 rise edge)
                                                      0.000     0.000 r  
    PS7_X0Y0             PS7                          0.000     0.000 r  tme_bd_i/processing_system7_0/inst/PS7_i/FCLKCLK[0]
                         net (fo=1, routed)           1.193     1.193    tme_bd_i/processing_system7_0/inst/FCLK_CLK_unbuffered[0]
    BUFGCTRL_X0Y16       BUFG (Prop_bufg_I_O)         0.101     1.294 r  tme_bd_i/processing_system7_0/inst/buffer_fclk_clk_0.FCLK_CLK_0_BUFG/O
                         net (fo=26079, routed)       1.669     2.963    tme_bd_i/proc_sys_reset_0/U0/slowest_sync_clk
    SLICE_X39Y6          FDRE                                         r  tme_bd_i/proc_sys_reset_0/U0/ACTIVE_LOW_PR_OUT_DFF[0].FDRE_PER_N/C
  -------------------------------------------------------------------    -------------------
    SLICE_X39Y6          FDRE (Prop_fdre_C_Q)         0.456     3.419 r  tme_bd_i/proc_sys_reset_0/U0/ACTIVE_LOW_PR_OUT_DFF[0].FDRE_PER_N/Q
                         net (fo=43, routed)          5.140     8.559    tme_bd_i/axi_dma_patch/U0/I_RST_MODULE/REG_HRD_RST_OUT/src_rst
    SLICE_X35Y125        FDRE                                         r  tme_bd_i/axi_dma_patch/U0/I_RST_MODULE/REG_HRD_RST_OUT/syncstages_ff_reg[0]/D
  -------------------------------------------------------------------    -------------------

                         (clock clk_fpga_0 rise edge)
                                                      0.000     0.000 r  
    PS7_X0Y0             PS7                          0.000     0.000 r  tme_bd_i/processing_system7_0/inst/PS7_i/FCLKCLK[0]
                         net (fo=1, routed)           1.088     1.088    tme_bd_i/processing_system7_0/inst/FCLK_CLK_unbuffered[0]
    BUFGCTRL_X0Y16       BUFG (Prop_bufg_I_O)         0.091     1.179 r  tme_bd_i/processing_system7_0/inst/buffer_fclk_clk_0.FCLK_CLK_0_BUFG/O
                         net (fo=26079, routed)       1.637     2.816    tme_bd_i/axi_dma_patch/U0/I_RST_MODULE/REG_HRD_RST_OUT/dest_clk
    SLICE_X35Y125        FDRE                                         r  tme_bd_i/axi_dma_patch/U0/I_RST_MODULE/REG_HRD_RST_OUT/syncstages_ff_reg[0]/C

Slack:                    inf
  Source:                 tme_bd_i/smartconnect_lite/inst/clk_map/psr_aclk/U0/ACTIVE_LOW_BSR_OUT_DFF[0].FDRE_BSR_N/C
                            (rising edge-triggered cell FDRE clocked by clk_fpga_0  {rise@0.000ns fall@4.000ns period=8.000ns})
  Destination:            tme_bd_i/smartconnect_lite/inst/s00_entry_pipeline/s00_transaction_regulator/inst/xpm_cdc_async_rst_inst/arststages_ff_reg[0]/CLR
                            (recovery check against rising-edge clock clk_fpga_0  {rise@0.000ns fall@4.000ns period=8.000ns})
  Path Group:             (none)
  Path Type:              Recovery (Max at Slow Process Corner)
  Data Path Delay:        3.815ns  (logic 0.609ns (15.964%)  route 3.206ns (84.036%))
  Logic Levels:           1  (LUT1=1)
  Clock Path Skew:        -0.261ns (DCD - SCD + CPR)
    Destination Clock Delay (DCD):    2.871ns
    Source Clock Delay      (SCD):    3.132ns
    Clock Pessimism Removal (CPR):    0.000ns
  Clock Uncertainty:      0.125ns  ((TSJ^2 + TIJ^2)^1/2 + DJ) / 2 + PE
    Total System Jitter     (TSJ):    0.071ns
    Total Input Jitter      (TIJ):    0.240ns
    Discrete Jitter          (DJ):    0.000ns
    Phase Error              (PE):    0.000ns
  Timing Exception:       False Path

    Location             Delay type                Incr(ns)  Path(ns)    Netlist Resource(s)
  -------------------------------------------------------------------    -------------------
                         (clock clk_fpga_0 rise edge)
                                                      0.000     0.000 r  
    PS7_X0Y0             PS7                          0.000     0.000 r  tme_bd_i/processing_system7_0/inst/PS7_i/FCLKCLK[0]
                         net (fo=1, routed)           1.193     1.193    tme_bd_i/processing_system7_0/inst/FCLK_CLK_unbuffered[0]
    BUFGCTRL_X0Y16       BUFG (Prop_bufg_I_O)         0.101     1.294 r  tme_bd_i/processing_system7_0/inst/buffer_fclk_clk_0.FCLK_CLK_0_BUFG/O
                         net (fo=26079, routed)       1.838     3.132    tme_bd_i/smartconnect_lite/inst/clk_map/psr_aclk/U0/aclk
    SLICE_X44Y135        FDRE                                         r  tme_bd_i/smartconnect_lite/inst/clk_map/psr_aclk/U0/ACTIVE_LOW_BSR_OUT_DFF[0].FDRE_BSR_N/C
  -------------------------------------------------------------------    -------------------
    SLICE_X44Y135        FDRE (Prop_fdre_C_Q)         0.456     3.588 r  tme_bd_i/smartconnect_lite/inst/clk_map/psr_aclk/U0/ACTIVE_LOW_BSR_OUT_DFF[0].FDRE_BSR_N/Q
                         net (fo=31, routed)          2.633     6.221    tme_bd_i/smartconnect_lite/inst/s00_entry_pipeline/s00_transaction_regulator/inst/xpm_cdc_async_rst_inst/src_arst
    SLICE_X31Y116        LUT1 (Prop_lut1_I0_O)        0.153     6.374 f  tme_bd_i/smartconnect_lite/inst/s00_entry_pipeline/s00_transaction_regulator/inst/xpm_cdc_async_rst_inst/arststages_ff[2]_i_1/O
                         net (fo=3, routed)           0.573     6.947    tme_bd_i/smartconnect_lite/inst/s00_entry_pipeline/s00_transaction_regulator/inst/xpm_cdc_async_rst_inst/reset_pol
    SLICE_X31Y116        FDCE                                         f  tme_bd_i/smartconnect_lite/inst/s00_entry_pipeline/s00_transaction_regulator/inst/xpm_cdc_async_rst_inst/arststages_ff_reg[0]/CLR
  -------------------------------------------------------------------    -------------------

                         (clock clk_fpga_0 rise edge)
                                                      0.000     0.000 r  
    PS7_X0Y0             PS7                          0.000     0.000 r  tme_bd_i/processing_system7_0/inst/PS7_i/FCLKCLK[0]
                         net (fo=1, routed)           1.088     1.088    tme_bd_i/processing_system7_0/inst/FCLK_CLK_unbuffered[0]
    BUFGCTRL_X0Y16       BUFG (Prop_bufg_I_O)         0.091     1.179 r  tme_bd_i/processing_system7_0/inst/buffer_fclk_clk_0.FCLK_CLK_0_BUFG/O
                         net (fo=26079, routed)       1.692     2.871    tme_bd_i/smartconnect_lite/inst/s00_entry_pipeline/s00_transaction_regulator/inst/xpm_cdc_async_rst_inst/dest_clk
    SLICE_X31Y116        FDCE                                         r  tme_bd_i/smartconnect_lite/inst/s00_entry_pipeline/s00_transaction_regulator/inst/xpm_cdc_async_rst_inst/arststages_ff_reg[0]/C

Slack:                    inf
  Source:                 tme_bd_i/smartconnect_lite/inst/clk_map/psr_aclk/U0/ACTIVE_LOW_BSR_OUT_DFF[0].FDRE_BSR_N/C
                            (rising edge-triggered cell FDRE clocked by clk_fpga_0  {rise@0.000ns fall@4.000ns period=8.000ns})
  Destination:            tme_bd_i/smartconnect_lite/inst/s00_entry_pipeline/s00_transaction_regulator/inst/xpm_cdc_async_rst_inst/arststages_ff_reg[1]/CLR
                            (recovery check against rising-edge clock clk_fpga_0  {rise@0.000ns fall@4.000ns period=8.000ns})
  Path Group:             (none)
  Path Type:              Recovery (Max at Slow Process Corner)
  Data Path Delay:        3.815ns  (logic 0.609ns (15.964%)  route 3.206ns (84.036%))
  Logic Levels:           1  (LUT1=1)
  Clock Path Skew:        -0.261ns (DCD - SCD + CPR)
    Destination Clock Delay (DCD):    2.871ns
    Source Clock Delay      (SCD):    3.132ns
    Clock Pessimism Removal (CPR):    0.000ns
  Clock Uncertainty:      0.125ns  ((TSJ^2 + TIJ^2)^1/2 + DJ) / 2 + PE
    Total System Jitter     (TSJ):    0.071ns
    Total Input Jitter      (TIJ):    0.240ns
    Discrete Jitter          (DJ):    0.000ns
    Phase Error              (PE):    0.000ns
  Timing Exception:       False Path

    Location             Delay type                Incr(ns)  Path(ns)    Netlist Resource(s)
  -------------------------------------------------------------------    -------------------
                         (clock clk_fpga_0 rise edge)
                                                      0.000     0.000 r  
    PS7_X0Y0             PS7                          0.000     0.000 r  tme_bd_i/processing_system7_0/inst/PS7_i/FCLKCLK[0]
                         net (fo=1, routed)           1.193     1.193    tme_bd_i/processing_system7_0/inst/FCLK_CLK_unbuffered[0]
    BUFGCTRL_X0Y16       BUFG (Prop_bufg_I_O)         0.101     1.294 r  tme_bd_i/processing_system7_0/inst/buffer_fclk_clk_0.FCLK_CLK_0_BUFG/O
                         net (fo=26079, routed)       1.838     3.132    tme_bd_i/smartconnect_lite/inst/clk_map/psr_aclk/U0/aclk
    SLICE_X44Y135        FDRE                                         r  tme_bd_i/smartconnect_lite/inst/clk_map/psr_aclk/U0/ACTIVE_LOW_BSR_OUT_DFF[0].FDRE_BSR_N/C
  -------------------------------------------------------------------    -------------------
    SLICE_X44Y135        FDRE (Prop_fdre_C_Q)         0.456     3.588 r  tme_bd_i/smartconnect_lite/inst/clk_map/psr_aclk/U0/ACTIVE_LOW_BSR_OUT_DFF[0].FDRE_BSR_N/Q
                         net (fo=31, routed)          2.633     6.221    tme_bd_i/smartconnect_lite/inst/s00_entry_pipeline/s00_transaction_regulator/inst/xpm_cdc_async_rst_inst/src_arst
    SLICE_X31Y116        LUT1 (Prop_lut1_I0_O)        0.153     6.374 f  tme_bd_i/smartconnect_lite/inst/s00_entry_pipeline/s00_transaction_regulator/inst/xpm_cdc_async_rst_inst/arststages_ff[2]_i_1/O
                         net (fo=3, routed)           0.573     6.947    tme_bd_i/smartconnect_lite/inst/s00_entry_pipeline/s00_transaction_regulator/inst/xpm_cdc_async_rst_inst/reset_pol
    SLICE_X31Y116        FDCE                                         f  tme_bd_i/smartconnect_lite/inst/s00_entry_pipeline/s00_transaction_regulator/inst/xpm_cdc_async_rst_inst/arststages_ff_reg[1]/CLR
  -------------------------------------------------------------------    -------------------

                         (clock clk_fpga_0 rise edge)
                                                      0.000     0.000 r  
    PS7_X0Y0             PS7                          0.000     0.000 r  tme_bd_i/processing_system7_0/inst/PS7_i/FCLKCLK[0]
                         net (fo=1, routed)           1.088     1.088    tme_bd_i/processing_system7_0/inst/FCLK_CLK_unbuffered[0]
    BUFGCTRL_X0Y16       BUFG (Prop_bufg_I_O)         0.091     1.179 r  tme_bd_i/processing_system7_0/inst/buffer_fclk_clk_0.FCLK_CLK_0_BUFG/O
                         net (fo=26079, routed)       1.692     2.871    tme_bd_i/smartconnect_lite/inst/s00_entry_pipeline/s00_transaction_regulator/inst/xpm_cdc_async_rst_inst/dest_clk
    SLICE_X31Y116        FDCE                                         r  tme_bd_i/smartconnect_lite/inst/s00_entry_pipeline/s00_transaction_regulator/inst/xpm_cdc_async_rst_inst/arststages_ff_reg[1]/C

Slack:                    inf
  Source:                 tme_bd_i/smartconnect_lite/inst/clk_map/psr_aclk/U0/ACTIVE_LOW_BSR_OUT_DFF[0].FDRE_BSR_N/C
                            (rising edge-triggered cell FDRE clocked by clk_fpga_0  {rise@0.000ns fall@4.000ns period=8.000ns})
  Destination:            tme_bd_i/smartconnect_lite/inst/s00_entry_pipeline/s00_transaction_regulator/inst/xpm_cdc_async_rst_inst/arststages_ff_reg[2]/CLR
                            (recovery check against rising-edge clock clk_fpga_0  {rise@0.000ns fall@4.000ns period=8.000ns})
  Path Group:             (none)
  Path Type:              Recovery (Max at Slow Process Corner)
  Data Path Delay:        3.815ns  (logic 0.609ns (15.964%)  route 3.206ns (84.036%))
  Logic Levels:           1  (LUT1=1)
  Clock Path Skew:        -0.261ns (DCD - SCD + CPR)
    Destination Clock Delay (DCD):    2.871ns
    Source Clock Delay      (SCD):    3.132ns
    Clock Pessimism Removal (CPR):    0.000ns
  Clock Uncertainty:      0.125ns  ((TSJ^2 + TIJ^2)^1/2 + DJ) / 2 + PE
    Total System Jitter     (TSJ):    0.071ns
    Total Input Jitter      (TIJ):    0.240ns
    Discrete Jitter          (DJ):    0.000ns
    Phase Error              (PE):    0.000ns
  Timing Exception:       False Path

    Location             Delay type                Incr(ns)  Path(ns)    Netlist Resource(s)
  -------------------------------------------------------------------    -------------------
                         (clock clk_fpga_0 rise edge)
                                                      0.000     0.000 r  
    PS7_X0Y0             PS7                          0.000     0.000 r  tme_bd_i/processing_system7_0/inst/PS7_i/FCLKCLK[0]
                         net (fo=1, routed)           1.193     1.193    tme_bd_i/processing_system7_0/inst/FCLK_CLK_unbuffered[0]
    BUFGCTRL_X0Y16       BUFG (Prop_bufg_I_O)         0.101     1.294 r  tme_bd_i/processing_system7_0/inst/buffer_fclk_clk_0.FCLK_CLK_0_BUFG/O
                         net (fo=26079, routed)       1.838     3.132    tme_bd_i/smartconnect_lite/inst/clk_map/psr_aclk/U0/aclk
    SLICE_X44Y135        FDRE                                         r  tme_bd_i/smartconnect_lite/inst/clk_map/psr_aclk/U0/ACTIVE_LOW_BSR_OUT_DFF[0].FDRE_BSR_N/C
  -------------------------------------------------------------------    -------------------
    SLICE_X44Y135        FDRE (Prop_fdre_C_Q)         0.456     3.588 r  tme_bd_i/smartconnect_lite/inst/clk_map/psr_aclk/U0/ACTIVE_LOW_BSR_OUT_DFF[0].FDRE_BSR_N/Q
                         net (fo=31, routed)          2.633     6.221    tme_bd_i/smartconnect_lite/inst/s00_entry_pipeline/s00_transaction_regulator/inst/xpm_cdc_async_rst_inst/src_arst
    SLICE_X31Y116        LUT1 (Prop_lut1_I0_O)        0.153     6.374 f  tme_bd_i/smartconnect_lite/inst/s00_entry_pipeline/s00_transaction_regulator/inst/xpm_cdc_async_rst_inst/arststages_ff[2]_i_1/O
                         net (fo=3, routed)           0.573     6.947    tme_bd_i/smartconnect_lite/inst/s00_entry_pipeline/s00_transaction_regulator/inst/xpm_cdc_async_rst_inst/reset_pol
    SLICE_X31Y116        FDCE                                         f  tme_bd_i/smartconnect_lite/inst/s00_entry_pipeline/s00_transaction_regulator/inst/xpm_cdc_async_rst_inst/arststages_ff_reg[2]/CLR
  -------------------------------------------------------------------    -------------------

                         (clock clk_fpga_0 rise edge)
                                                      0.000     0.000 r  
    PS7_X0Y0             PS7                          0.000     0.000 r  tme_bd_i/processing_system7_0/inst/PS7_i/FCLKCLK[0]
                         net (fo=1, routed)           1.088     1.088    tme_bd_i/processing_system7_0/inst/FCLK_CLK_unbuffered[0]
    BUFGCTRL_X0Y16       BUFG (Prop_bufg_I_O)         0.091     1.179 r  tme_bd_i/processing_system7_0/inst/buffer_fclk_clk_0.FCLK_CLK_0_BUFG/O
                         net (fo=26079, routed)       1.692     2.871    tme_bd_i/smartconnect_lite/inst/s00_entry_pipeline/s00_transaction_regulator/inst/xpm_cdc_async_rst_inst/dest_clk
    SLICE_X31Y116        FDCE                                         r  tme_bd_i/smartconnect_lite/inst/s00_entry_pipeline/s00_transaction_regulator/inst/xpm_cdc_async_rst_inst/arststages_ff_reg[2]/C

Slack:                    inf
  Source:                 tme_bd_i/smartconnect_lite/inst/clk_map/psr_aclk/U0/ACTIVE_LOW_BSR_OUT_DFF[0].FDRE_BSR_N/C
                            (rising edge-triggered cell FDRE clocked by clk_fpga_0  {rise@0.000ns fall@4.000ns period=8.000ns})
  Destination:            tme_bd_i/smartconnect_lite/inst/switchboards/i_nodes/i_ar_node/inst/s_sc_xpm_cdc_async_rst_inst/arststages_ff_reg[0]/CLR
                            (recovery check against rising-edge clock clk_fpga_0  {rise@0.000ns fall@4.000ns period=8.000ns})
  Path Group:             (none)
  Path Type:              Recovery (Max at Slow Process Corner)
  Data Path Delay:        3.727ns  (logic 0.580ns (15.560%)  route 3.147ns (84.440%))
  Logic Levels:           1  (LUT1=1)
  Clock Path Skew:        -0.314ns (DCD - SCD + CPR)
    Destination Clock Delay (DCD):    2.818ns
    Source Clock Delay      (SCD):    3.132ns
    Clock Pessimism Removal (CPR):    0.000ns
  Clock Uncertainty:      0.125ns  ((TSJ^2 + TIJ^2)^1/2 + DJ) / 2 + PE
    Total System Jitter     (TSJ):    0.071ns
    Total Input Jitter      (TIJ):    0.240ns
    Discrete Jitter          (DJ):    0.000ns
    Phase Error              (PE):    0.000ns
  Timing Exception:       False Path

    Location             Delay type                Incr(ns)  Path(ns)    Netlist Resource(s)
  -------------------------------------------------------------------    -------------------
                         (clock clk_fpga_0 rise edge)
                                                      0.000     0.000 r  
    PS7_X0Y0             PS7                          0.000     0.000 r  tme_bd_i/processing_system7_0/inst/PS7_i/FCLKCLK[0]
                         net (fo=1, routed)           1.193     1.193    tme_bd_i/processing_system7_0/inst/FCLK_CLK_unbuffered[0]
    BUFGCTRL_X0Y16       BUFG (Prop_bufg_I_O)         0.101     1.294 r  tme_bd_i/processing_system7_0/inst/buffer_fclk_clk_0.FCLK_CLK_0_BUFG/O
                         net (fo=26079, routed)       1.838     3.132    tme_bd_i/smartconnect_lite/inst/clk_map/psr_aclk/U0/aclk
    SLICE_X44Y135        FDRE                                         r  tme_bd_i/smartconnect_lite/inst/clk_map/psr_aclk/U0/ACTIVE_LOW_BSR_OUT_DFF[0].FDRE_BSR_N/C
  -------------------------------------------------------------------    -------------------
    SLICE_X44Y135        FDRE (Prop_fdre_C_Q)         0.456     3.588 r  tme_bd_i/smartconnect_lite/inst/clk_map/psr_aclk/U0/ACTIVE_LOW_BSR_OUT_DFF[0].FDRE_BSR_N/Q
                         net (fo=31, routed)          2.526     6.114    tme_bd_i/smartconnect_lite/inst/switchboards/i_nodes/i_ar_node/inst/s_sc_xpm_cdc_async_rst_inst/src_arst
    SLICE_X39Y122        LUT1 (Prop_lut1_I0_O)        0.124     6.238 f  tme_bd_i/smartconnect_lite/inst/switchboards/i_nodes/i_ar_node/inst/s_sc_xpm_cdc_async_rst_inst/arststages_ff[2]_i_1/O
                         net (fo=3, routed)           0.622     6.859    tme_bd_i/smartconnect_lite/inst/switchboards/i_nodes/i_ar_node/inst/s_sc_xpm_cdc_async_rst_inst/reset_pol
    SLICE_X39Y122        FDCE                                         f  tme_bd_i/smartconnect_lite/inst/switchboards/i_nodes/i_ar_node/inst/s_sc_xpm_cdc_async_rst_inst/arststages_ff_reg[0]/CLR
  -------------------------------------------------------------------    -------------------

                         (clock clk_fpga_0 rise edge)
                                                      0.000     0.000 r  
    PS7_X0Y0             PS7                          0.000     0.000 r  tme_bd_i/processing_system7_0/inst/PS7_i/FCLKCLK[0]
                         net (fo=1, routed)           1.088     1.088    tme_bd_i/processing_system7_0/inst/FCLK_CLK_unbuffered[0]
    BUFGCTRL_X0Y16       BUFG (Prop_bufg_I_O)         0.091     1.179 r  tme_bd_i/processing_system7_0/inst/buffer_fclk_clk_0.FCLK_CLK_0_BUFG/O
                         net (fo=26079, routed)       1.639     2.818    tme_bd_i/smartconnect_lite/inst/switchboards/i_nodes/i_ar_node/inst/s_sc_xpm_cdc_async_rst_inst/dest_clk
    SLICE_X39Y122        FDCE                                         r  tme_bd_i/smartconnect_lite/inst/switchboards/i_nodes/i_ar_node/inst/s_sc_xpm_cdc_async_rst_inst/arststages_ff_reg[0]/C

Slack:                    inf
  Source:                 tme_bd_i/smartconnect_lite/inst/clk_map/psr_aclk/U0/ACTIVE_LOW_BSR_OUT_DFF[0].FDRE_BSR_N/C
                            (rising edge-triggered cell FDRE clocked by clk_fpga_0  {rise@0.000ns fall@4.000ns period=8.000ns})
  Destination:            tme_bd_i/smartconnect_lite/inst/switchboards/i_nodes/i_ar_node/inst/s_sc_xpm_cdc_async_rst_inst/arststages_ff_reg[1]/CLR
                            (recovery check against rising-edge clock clk_fpga_0  {rise@0.000ns fall@4.000ns period=8.000ns})
  Path Group:             (none)
  Path Type:              Recovery (Max at Slow Process Corner)
  Data Path Delay:        3.727ns  (logic 0.580ns (15.560%)  route 3.147ns (84.440%))
  Logic Levels:           1  (LUT1=1)
  Clock Path Skew:        -0.314ns (DCD - SCD + CPR)
    Destination Clock Delay (DCD):    2.818ns
    Source Clock Delay      (SCD):    3.132ns
    Clock Pessimism Removal (CPR):    0.000ns
  Clock Uncertainty:      0.125ns  ((TSJ^2 + TIJ^2)^1/2 + DJ) / 2 + PE
    Total System Jitter     (TSJ):    0.071ns
    Total Input Jitter      (TIJ):    0.240ns
    Discrete Jitter          (DJ):    0.000ns
    Phase Error              (PE):    0.000ns
  Timing Exception:       False Path

    Location             Delay type                Incr(ns)  Path(ns)    Netlist Resource(s)
  -------------------------------------------------------------------    -------------------
                         (clock clk_fpga_0 rise edge)
                                                      0.000     0.000 r  
    PS7_X0Y0             PS7                          0.000     0.000 r  tme_bd_i/processing_system7_0/inst/PS7_i/FCLKCLK[0]
                         net (fo=1, routed)           1.193     1.193    tme_bd_i/processing_system7_0/inst/FCLK_CLK_unbuffered[0]
    BUFGCTRL_X0Y16       BUFG (Prop_bufg_I_O)         0.101     1.294 r  tme_bd_i/processing_system7_0/inst/buffer_fclk_clk_0.FCLK_CLK_0_BUFG/O
                         net (fo=26079, routed)       1.838     3.132    tme_bd_i/smartconnect_lite/inst/clk_map/psr_aclk/U0/aclk
    SLICE_X44Y135        FDRE                                         r  tme_bd_i/smartconnect_lite/inst/clk_map/psr_aclk/U0/ACTIVE_LOW_BSR_OUT_DFF[0].FDRE_BSR_N/C
  -------------------------------------------------------------------    -------------------
    SLICE_X44Y135        FDRE (Prop_fdre_C_Q)         0.456     3.588 r  tme_bd_i/smartconnect_lite/inst/clk_map/psr_aclk/U0/ACTIVE_LOW_BSR_OUT_DFF[0].FDRE_BSR_N/Q
                         net (fo=31, routed)          2.526     6.114    tme_bd_i/smartconnect_lite/inst/switchboards/i_nodes/i_ar_node/inst/s_sc_xpm_cdc_async_rst_inst/src_arst
    SLICE_X39Y122        LUT1 (Prop_lut1_I0_O)        0.124     6.238 f  tme_bd_i/smartconnect_lite/inst/switchboards/i_nodes/i_ar_node/inst/s_sc_xpm_cdc_async_rst_inst/arststages_ff[2]_i_1/O
                         net (fo=3, routed)           0.622     6.859    tme_bd_i/smartconnect_lite/inst/switchboards/i_nodes/i_ar_node/inst/s_sc_xpm_cdc_async_rst_inst/reset_pol
    SLICE_X39Y122        FDCE                                         f  tme_bd_i/smartconnect_lite/inst/switchboards/i_nodes/i_ar_node/inst/s_sc_xpm_cdc_async_rst_inst/arststages_ff_reg[1]/CLR
  -------------------------------------------------------------------    -------------------

                         (clock clk_fpga_0 rise edge)
                                                      0.000     0.000 r  
    PS7_X0Y0             PS7                          0.000     0.000 r  tme_bd_i/processing_system7_0/inst/PS7_i/FCLKCLK[0]
                         net (fo=1, routed)           1.088     1.088    tme_bd_i/processing_system7_0/inst/FCLK_CLK_unbuffered[0]
    BUFGCTRL_X0Y16       BUFG (Prop_bufg_I_O)         0.091     1.179 r  tme_bd_i/processing_system7_0/inst/buffer_fclk_clk_0.FCLK_CLK_0_BUFG/O
                         net (fo=26079, routed)       1.639     2.818    tme_bd_i/smartconnect_lite/inst/switchboards/i_nodes/i_ar_node/inst/s_sc_xpm_cdc_async_rst_inst/dest_clk
    SLICE_X39Y122        FDCE                                         r  tme_bd_i/smartconnect_lite/inst/switchboards/i_nodes/i_ar_node/inst/s_sc_xpm_cdc_async_rst_inst/arststages_ff_reg[1]/C

Slack:                    inf
  Source:                 tme_bd_i/smartconnect_lite/inst/clk_map/psr_aclk/U0/ACTIVE_LOW_BSR_OUT_DFF[0].FDRE_BSR_N/C
                            (rising edge-triggered cell FDRE clocked by clk_fpga_0  {rise@0.000ns fall@4.000ns period=8.000ns})
  Destination:            tme_bd_i/smartconnect_lite/inst/switchboards/i_nodes/i_ar_node/inst/s_sc_xpm_cdc_async_rst_inst/arststages_ff_reg[2]/CLR
                            (recovery check against rising-edge clock clk_fpga_0  {rise@0.000ns fall@4.000ns period=8.000ns})
  Path Group:             (none)
  Path Type:              Recovery (Max at Slow Process Corner)
  Data Path Delay:        3.727ns  (logic 0.580ns (15.560%)  route 3.147ns (84.440%))
  Logic Levels:           1  (LUT1=1)
  Clock Path Skew:        -0.314ns (DCD - SCD + CPR)
    Destination Clock Delay (DCD):    2.818ns
    Source Clock Delay      (SCD):    3.132ns
    Clock Pessimism Removal (CPR):    0.000ns
  Clock Uncertainty:      0.125ns  ((TSJ^2 + TIJ^2)^1/2 + DJ) / 2 + PE
    Total System Jitter     (TSJ):    0.071ns
    Total Input Jitter      (TIJ):    0.240ns
    Discrete Jitter          (DJ):    0.000ns
    Phase Error              (PE):    0.000ns
  Timing Exception:       False Path

    Location             Delay type                Incr(ns)  Path(ns)    Netlist Resource(s)
  -------------------------------------------------------------------    -------------------
                         (clock clk_fpga_0 rise edge)
                                                      0.000     0.000 r  
    PS7_X0Y0             PS7                          0.000     0.000 r  tme_bd_i/processing_system7_0/inst/PS7_i/FCLKCLK[0]
                         net (fo=1, routed)           1.193     1.193    tme_bd_i/processing_system7_0/inst/FCLK_CLK_unbuffered[0]
    BUFGCTRL_X0Y16       BUFG (Prop_bufg_I_O)         0.101     1.294 r  tme_bd_i/processing_system7_0/inst/buffer_fclk_clk_0.FCLK_CLK_0_BUFG/O
                         net (fo=26079, routed)       1.838     3.132    tme_bd_i/smartconnect_lite/inst/clk_map/psr_aclk/U0/aclk
    SLICE_X44Y135        FDRE                                         r  tme_bd_i/smartconnect_lite/inst/clk_map/psr_aclk/U0/ACTIVE_LOW_BSR_OUT_DFF[0].FDRE_BSR_N/C
  -------------------------------------------------------------------    -------------------
    SLICE_X44Y135        FDRE (Prop_fdre_C_Q)         0.456     3.588 r  tme_bd_i/smartconnect_lite/inst/clk_map/psr_aclk/U0/ACTIVE_LOW_BSR_OUT_DFF[0].FDRE_BSR_N/Q
                         net (fo=31, routed)          2.526     6.114    tme_bd_i/smartconnect_lite/inst/switchboards/i_nodes/i_ar_node/inst/s_sc_xpm_cdc_async_rst_inst/src_arst
    SLICE_X39Y122        LUT1 (Prop_lut1_I0_O)        0.124     6.238 f  tme_bd_i/smartconnect_lite/inst/switchboards/i_nodes/i_ar_node/inst/s_sc_xpm_cdc_async_rst_inst/arststages_ff[2]_i_1/O
                         net (fo=3, routed)           0.622     6.859    tme_bd_i/smartconnect_lite/inst/switchboards/i_nodes/i_ar_node/inst/s_sc_xpm_cdc_async_rst_inst/reset_pol
    SLICE_X39Y122        FDCE                                         f  tme_bd_i/smartconnect_lite/inst/switchboards/i_nodes/i_ar_node/inst/s_sc_xpm_cdc_async_rst_inst/arststages_ff_reg[2]/CLR
  -------------------------------------------------------------------    -------------------

                         (clock clk_fpga_0 rise edge)
                                                      0.000     0.000 r  
    PS7_X0Y0             PS7                          0.000     0.000 r  tme_bd_i/processing_system7_0/inst/PS7_i/FCLKCLK[0]
                         net (fo=1, routed)           1.088     1.088    tme_bd_i/processing_system7_0/inst/FCLK_CLK_unbuffered[0]
    BUFGCTRL_X0Y16       BUFG (Prop_bufg_I_O)         0.091     1.179 r  tme_bd_i/processing_system7_0/inst/buffer_fclk_clk_0.FCLK_CLK_0_BUFG/O
                         net (fo=26079, routed)       1.639     2.818    tme_bd_i/smartconnect_lite/inst/switchboards/i_nodes/i_ar_node/inst/s_sc_xpm_cdc_async_rst_inst/dest_clk
    SLICE_X39Y122        FDCE                                         r  tme_bd_i/smartconnect_lite/inst/switchboards/i_nodes/i_ar_node/inst/s_sc_xpm_cdc_async_rst_inst/arststages_ff_reg[2]/C

Slack:                    inf
  Source:                 tme_bd_i/smartconnect_lite/inst/clk_map/psr_aclk/U0/ACTIVE_LOW_BSR_OUT_DFF[0].FDRE_BSR_N/C
                            (rising edge-triggered cell FDRE clocked by clk_fpga_0  {rise@0.000ns fall@4.000ns period=8.000ns})
  Destination:            tme_bd_i/smartconnect_lite/inst/s00_entry_pipeline/s00_mmu/inst/xpm_cdc_async_rst_inst/arststages_ff_reg[0]/CLR
                            (recovery check against rising-edge clock clk_fpga_0  {rise@0.000ns fall@4.000ns period=8.000ns})
  Path Group:             (none)
  Path Type:              Recovery (Max at Slow Process Corner)
  Data Path Delay:        3.694ns  (logic 0.580ns (15.700%)  route 3.114ns (84.300%))
  Logic Levels:           1  (LUT1=1)
  Clock Path Skew:        -0.260ns (DCD - SCD + CPR)
    Destination Clock Delay (DCD):    2.872ns
    Source Clock Delay      (SCD):    3.132ns
    Clock Pessimism Removal (CPR):    0.000ns
  Clock Uncertainty:      0.125ns  ((TSJ^2 + TIJ^2)^1/2 + DJ) / 2 + PE
    Total System Jitter     (TSJ):    0.071ns
    Total Input Jitter      (TIJ):    0.240ns
    Discrete Jitter          (DJ):    0.000ns
    Phase Error              (PE):    0.000ns
  Timing Exception:       False Path

    Location             Delay type                Incr(ns)  Path(ns)    Netlist Resource(s)
  -------------------------------------------------------------------    -------------------
                         (clock clk_fpga_0 rise edge)
                                                      0.000     0.000 r  
    PS7_X0Y0             PS7                          0.000     0.000 r  tme_bd_i/processing_system7_0/inst/PS7_i/FCLKCLK[0]
                         net (fo=1, routed)           1.193     1.193    tme_bd_i/processing_system7_0/inst/FCLK_CLK_unbuffered[0]
    BUFGCTRL_X0Y16       BUFG (Prop_bufg_I_O)         0.101     1.294 r  tme_bd_i/processing_system7_0/inst/buffer_fclk_clk_0.FCLK_CLK_0_BUFG/O
                         net (fo=26079, routed)       1.838     3.132    tme_bd_i/smartconnect_lite/inst/clk_map/psr_aclk/U0/aclk
    SLICE_X44Y135        FDRE                                         r  tme_bd_i/smartconnect_lite/inst/clk_map/psr_aclk/U0/ACTIVE_LOW_BSR_OUT_DFF[0].FDRE_BSR_N/C
  -------------------------------------------------------------------    -------------------
    SLICE_X44Y135        FDRE (Prop_fdre_C_Q)         0.456     3.588 r  tme_bd_i/smartconnect_lite/inst/clk_map/psr_aclk/U0/ACTIVE_LOW_BSR_OUT_DFF[0].FDRE_BSR_N/Q
                         net (fo=31, routed)          2.633     6.221    tme_bd_i/smartconnect_lite/inst/s00_entry_pipeline/s00_mmu/inst/xpm_cdc_async_rst_inst/src_arst
    SLICE_X31Y116        LUT1 (Prop_lut1_I0_O)        0.124     6.345 f  tme_bd_i/smartconnect_lite/inst/s00_entry_pipeline/s00_mmu/inst/xpm_cdc_async_rst_inst/arststages_ff[2]_i_1/O
                         net (fo=3, routed)           0.481     6.826    tme_bd_i/smartconnect_lite/inst/s00_entry_pipeline/s00_mmu/inst/xpm_cdc_async_rst_inst/reset_pol
    SLICE_X31Y115        FDCE                                         f  tme_bd_i/smartconnect_lite/inst/s00_entry_pipeline/s00_mmu/inst/xpm_cdc_async_rst_inst/arststages_ff_reg[0]/CLR
  -------------------------------------------------------------------    -------------------

                         (clock clk_fpga_0 rise edge)
                                                      0.000     0.000 r  
    PS7_X0Y0             PS7                          0.000     0.000 r  tme_bd_i/processing_system7_0/inst/PS7_i/FCLKCLK[0]
                         net (fo=1, routed)           1.088     1.088    tme_bd_i/processing_system7_0/inst/FCLK_CLK_unbuffered[0]
    BUFGCTRL_X0Y16       BUFG (Prop_bufg_I_O)         0.091     1.179 r  tme_bd_i/processing_system7_0/inst/buffer_fclk_clk_0.FCLK_CLK_0_BUFG/O
                         net (fo=26079, routed)       1.693     2.872    tme_bd_i/smartconnect_lite/inst/s00_entry_pipeline/s00_mmu/inst/xpm_cdc_async_rst_inst/dest_clk
    SLICE_X31Y115        FDCE                                         r  tme_bd_i/smartconnect_lite/inst/s00_entry_pipeline/s00_mmu/inst/xpm_cdc_async_rst_inst/arststages_ff_reg[0]/C





Min Delay Paths
--------------------------------------------------------------------------------------
Slack:                    inf
  Source:                 tme_bd_i/smartconnect_lite/inst/clk_map/psr_aclk/U0/ACTIVE_LOW_BSR_OUT_DFF[0].FDRE_BSR_N/C
                            (rising edge-triggered cell FDRE clocked by clk_fpga_0  {rise@0.000ns fall@4.000ns period=8.000ns})
  Destination:            tme_bd_i/smartconnect_lite/inst/m00_nodes/m00_aw_node/inst/s_sc_xpm_cdc_async_rst_inst/arststages_ff_reg[0]/CLR
                            (removal check against rising-edge clock clk_fpga_0  {rise@0.000ns fall@4.000ns period=8.000ns})
  Path Group:             (none)
  Path Type:              Removal (Min at Fast Process Corner)
  Data Path Delay:        0.579ns  (logic 0.186ns (32.129%)  route 0.393ns (67.871%))
  Logic Levels:           1  (LUT1=1)
  Clock Path Skew:        0.299ns (DCD - SCD - CPR)
    Destination Clock Delay (DCD):    1.269ns
    Source Clock Delay      (SCD):    0.970ns
    Clock Pessimism Removal (CPR):    -0.000ns
  Clock Uncertainty:      0.125ns  ((TSJ^2 + TIJ^2)^1/2 + DJ) / 2 + PE
    Total System Jitter     (TSJ):    0.071ns
    Total Input Jitter      (TIJ):    0.240ns
    Discrete Jitter          (DJ):    0.000ns
    Phase Error              (PE):    0.000ns
  Timing Exception:       False Path

    Location             Delay type                Incr(ns)  Path(ns)    Netlist Resource(s)
  -------------------------------------------------------------------    -------------------
                         (clock clk_fpga_0 rise edge)
                                                      0.000     0.000 r  
    PS7_X0Y0             PS7                          0.000     0.000 r  tme_bd_i/processing_system7_0/inst/PS7_i/FCLKCLK[0]
                         net (fo=1, routed)           0.310     0.310    tme_bd_i/processing_system7_0/inst/FCLK_CLK_unbuffered[0]
    BUFGCTRL_X0Y16       BUFG (Prop_bufg_I_O)         0.026     0.336 r  tme_bd_i/processing_system7_0/inst/buffer_fclk_clk_0.FCLK_CLK_0_BUFG/O
                         net (fo=26079, routed)       0.634     0.970    tme_bd_i/smartconnect_lite/inst/clk_map/psr_aclk/U0/aclk
    SLICE_X44Y135        FDRE                                         r  tme_bd_i/smartconnect_lite/inst/clk_map/psr_aclk/U0/ACTIVE_LOW_BSR_OUT_DFF[0].FDRE_BSR_N/C
  -------------------------------------------------------------------    -------------------
    SLICE_X44Y135        FDRE (Prop_fdre_C_Q)         0.141     1.111 r  tme_bd_i/smartconnect_lite/inst/clk_map/psr_aclk/U0/ACTIVE_LOW_BSR_OUT_DFF[0].FDRE_BSR_N/Q
                         net (fo=31, routed)          0.227     1.338    tme_bd_i/smartconnect_lite/inst/m00_nodes/m00_aw_node/inst/s_sc_xpm_cdc_async_rst_inst/src_arst
    SLICE_X42Y133        LUT1 (Prop_lut1_I0_O)        0.045     1.383 f  tme_bd_i/smartconnect_lite/inst/m00_nodes/m00_aw_node/inst/s_sc_xpm_cdc_async_rst_inst/arststages_ff[2]_i_1/O
                         net (fo=3, routed)           0.166     1.549    tme_bd_i/smartconnect_lite/inst/m00_nodes/m00_aw_node/inst/s_sc_xpm_cdc_async_rst_inst/reset_pol
    SLICE_X40Y133        FDCE                                         f  tme_bd_i/smartconnect_lite/inst/m00_nodes/m00_aw_node/inst/s_sc_xpm_cdc_async_rst_inst/arststages_ff_reg[0]/CLR
  -------------------------------------------------------------------    -------------------

                         (clock clk_fpga_0 rise edge)
                                                      0.000     0.000 r  
    PS7_X0Y0             PS7                          0.000     0.000 r  tme_bd_i/processing_system7_0/inst/PS7_i/FCLKCLK[0]
                         net (fo=1, routed)           0.337     0.337    tme_bd_i/processing_system7_0/inst/FCLK_CLK_unbuffered[0]
    BUFGCTRL_X0Y16       BUFG (Prop_bufg_I_O)         0.029     0.366 r  tme_bd_i/processing_system7_0/inst/buffer_fclk_clk_0.FCLK_CLK_0_BUFG/O
                         net (fo=26079, routed)       0.903     1.269    tme_bd_i/smartconnect_lite/inst/m00_nodes/m00_aw_node/inst/s_sc_xpm_cdc_async_rst_inst/dest_clk
    SLICE_X40Y133        FDCE                                         r  tme_bd_i/smartconnect_lite/inst/m00_nodes/m00_aw_node/inst/s_sc_xpm_cdc_async_rst_inst/arststages_ff_reg[0]/C

Slack:                    inf
  Source:                 tme_bd_i/smartconnect_lite/inst/clk_map/psr_aclk/U0/ACTIVE_LOW_BSR_OUT_DFF[0].FDRE_BSR_N/C
                            (rising edge-triggered cell FDRE clocked by clk_fpga_0  {rise@0.000ns fall@4.000ns period=8.000ns})
  Destination:            tme_bd_i/smartconnect_lite/inst/m00_nodes/m00_aw_node/inst/s_sc_xpm_cdc_async_rst_inst/arststages_ff_reg[1]/CLR
                            (removal check against rising-edge clock clk_fpga_0  {rise@0.000ns fall@4.000ns period=8.000ns})
  Path Group:             (none)
  Path Type:              Removal (Min at Fast Process Corner)
  Data Path Delay:        0.579ns  (logic 0.186ns (32.129%)  route 0.393ns (67.871%))
  Logic Levels:           1  (LUT1=1)
  Clock Path Skew:        0.299ns (DCD - SCD - CPR)
    Destination Clock Delay (DCD):    1.269ns
    Source Clock Delay      (SCD):    0.970ns
    Clock Pessimism Removal (CPR):    -0.000ns
  Clock Uncertainty:      0.125ns  ((TSJ^2 + TIJ^2)^1/2 + DJ) / 2 + PE
    Total System Jitter     (TSJ):    0.071ns
    Total Input Jitter      (TIJ):    0.240ns
    Discrete Jitter          (DJ):    0.000ns
    Phase Error              (PE):    0.000ns
  Timing Exception:       False Path

    Location             Delay type                Incr(ns)  Path(ns)    Netlist Resource(s)
  -------------------------------------------------------------------    -------------------
                         (clock clk_fpga_0 rise edge)
                                                      0.000     0.000 r  
    PS7_X0Y0             PS7                          0.000     0.000 r  tme_bd_i/processing_system7_0/inst/PS7_i/FCLKCLK[0]
                         net (fo=1, routed)           0.310     0.310    tme_bd_i/processing_system7_0/inst/FCLK_CLK_unbuffered[0]
    BUFGCTRL_X0Y16       BUFG (Prop_bufg_I_O)         0.026     0.336 r  tme_bd_i/processing_system7_0/inst/buffer_fclk_clk_0.FCLK_CLK_0_BUFG/O
                         net (fo=26079, routed)       0.634     0.970    tme_bd_i/smartconnect_lite/inst/clk_map/psr_aclk/U0/aclk
    SLICE_X44Y135        FDRE                                         r  tme_bd_i/smartconnect_lite/inst/clk_map/psr_aclk/U0/ACTIVE_LOW_BSR_OUT_DFF[0].FDRE_BSR_N/C
  -------------------------------------------------------------------    -------------------
    SLICE_X44Y135        FDRE (Prop_fdre_C_Q)         0.141     1.111 r  tme_bd_i/smartconnect_lite/inst/clk_map/psr_aclk/U0/ACTIVE_LOW_BSR_OUT_DFF[0].FDRE_BSR_N/Q
                         net (fo=31, routed)          0.227     1.338    tme_bd_i/smartconnect_lite/inst/m00_nodes/m00_aw_node/inst/s_sc_xpm_cdc_async_rst_inst/src_arst
    SLICE_X42Y133        LUT1 (Prop_lut1_I0_O)        0.045     1.383 f  tme_bd_i/smartconnect_lite/inst/m00_nodes/m00_aw_node/inst/s_sc_xpm_cdc_async_rst_inst/arststages_ff[2]_i_1/O
                         net (fo=3, routed)           0.166     1.549    tme_bd_i/smartconnect_lite/inst/m00_nodes/m00_aw_node/inst/s_sc_xpm_cdc_async_rst_inst/reset_pol
    SLICE_X40Y133        FDCE                                         f  tme_bd_i/smartconnect_lite/inst/m00_nodes/m00_aw_node/inst/s_sc_xpm_cdc_async_rst_inst/arststages_ff_reg[1]/CLR
  -------------------------------------------------------------------    -------------------

                         (clock clk_fpga_0 rise edge)
                                                      0.000     0.000 r  
    PS7_X0Y0             PS7                          0.000     0.000 r  tme_bd_i/processing_system7_0/inst/PS7_i/FCLKCLK[0]
                         net (fo=1, routed)           0.337     0.337    tme_bd_i/processing_system7_0/inst/FCLK_CLK_unbuffered[0]
    BUFGCTRL_X0Y16       BUFG (Prop_bufg_I_O)         0.029     0.366 r  tme_bd_i/processing_system7_0/inst/buffer_fclk_clk_0.FCLK_CLK_0_BUFG/O
                         net (fo=26079, routed)       0.903     1.269    tme_bd_i/smartconnect_lite/inst/m00_nodes/m00_aw_node/inst/s_sc_xpm_cdc_async_rst_inst/dest_clk
    SLICE_X40Y133        FDCE                                         r  tme_bd_i/smartconnect_lite/inst/m00_nodes/m00_aw_node/inst/s_sc_xpm_cdc_async_rst_inst/arststages_ff_reg[1]/C

Slack:                    inf
  Source:                 tme_bd_i/smartconnect_lite/inst/clk_map/psr_aclk/U0/ACTIVE_LOW_BSR_OUT_DFF[0].FDRE_BSR_N/C
                            (rising edge-triggered cell FDRE clocked by clk_fpga_0  {rise@0.000ns fall@4.000ns period=8.000ns})
  Destination:            tme_bd_i/smartconnect_lite/inst/m00_nodes/m00_aw_node/inst/s_sc_xpm_cdc_async_rst_inst/arststages_ff_reg[2]/CLR
                            (removal check against rising-edge clock clk_fpga_0  {rise@0.000ns fall@4.000ns period=8.000ns})
  Path Group:             (none)
  Path Type:              Removal (Min at Fast Process Corner)
  Data Path Delay:        0.579ns  (logic 0.186ns (32.129%)  route 0.393ns (67.871%))
  Logic Levels:           1  (LUT1=1)
  Clock Path Skew:        0.299ns (DCD - SCD - CPR)
    Destination Clock Delay (DCD):    1.269ns
    Source Clock Delay      (SCD):    0.970ns
    Clock Pessimism Removal (CPR):    -0.000ns
  Clock Uncertainty:      0.125ns  ((TSJ^2 + TIJ^2)^1/2 + DJ) / 2 + PE
    Total System Jitter     (TSJ):    0.071ns
    Total Input Jitter      (TIJ):    0.240ns
    Discrete Jitter          (DJ):    0.000ns
    Phase Error              (PE):    0.000ns
  Timing Exception:       False Path

    Location             Delay type                Incr(ns)  Path(ns)    Netlist Resource(s)
  -------------------------------------------------------------------    -------------------
                         (clock clk_fpga_0 rise edge)
                                                      0.000     0.000 r  
    PS7_X0Y0             PS7                          0.000     0.000 r  tme_bd_i/processing_system7_0/inst/PS7_i/FCLKCLK[0]
                         net (fo=1, routed)           0.310     0.310    tme_bd_i/processing_system7_0/inst/FCLK_CLK_unbuffered[0]
    BUFGCTRL_X0Y16       BUFG (Prop_bufg_I_O)         0.026     0.336 r  tme_bd_i/processing_system7_0/inst/buffer_fclk_clk_0.FCLK_CLK_0_BUFG/O
                         net (fo=26079, routed)       0.634     0.970    tme_bd_i/smartconnect_lite/inst/clk_map/psr_aclk/U0/aclk
    SLICE_X44Y135        FDRE                                         r  tme_bd_i/smartconnect_lite/inst/clk_map/psr_aclk/U0/ACTIVE_LOW_BSR_OUT_DFF[0].FDRE_BSR_N/C
  -------------------------------------------------------------------    -------------------
    SLICE_X44Y135        FDRE (Prop_fdre_C_Q)         0.141     1.111 r  tme_bd_i/smartconnect_lite/inst/clk_map/psr_aclk/U0/ACTIVE_LOW_BSR_OUT_DFF[0].FDRE_BSR_N/Q
                         net (fo=31, routed)          0.227     1.338    tme_bd_i/smartconnect_lite/inst/m00_nodes/m00_aw_node/inst/s_sc_xpm_cdc_async_rst_inst/src_arst
    SLICE_X42Y133        LUT1 (Prop_lut1_I0_O)        0.045     1.383 f  tme_bd_i/smartconnect_lite/inst/m00_nodes/m00_aw_node/inst/s_sc_xpm_cdc_async_rst_inst/arststages_ff[2]_i_1/O
                         net (fo=3, routed)           0.166     1.549    tme_bd_i/smartconnect_lite/inst/m00_nodes/m00_aw_node/inst/s_sc_xpm_cdc_async_rst_inst/reset_pol
    SLICE_X40Y133        FDCE                                         f  tme_bd_i/smartconnect_lite/inst/m00_nodes/m00_aw_node/inst/s_sc_xpm_cdc_async_rst_inst/arststages_ff_reg[2]/CLR
  -------------------------------------------------------------------    -------------------

                         (clock clk_fpga_0 rise edge)
                                                      0.000     0.000 r  
    PS7_X0Y0             PS7                          0.000     0.000 r  tme_bd_i/processing_system7_0/inst/PS7_i/FCLKCLK[0]
                         net (fo=1, routed)           0.337     0.337    tme_bd_i/processing_system7_0/inst/FCLK_CLK_unbuffered[0]
    BUFGCTRL_X0Y16       BUFG (Prop_bufg_I_O)         0.029     0.366 r  tme_bd_i/processing_system7_0/inst/buffer_fclk_clk_0.FCLK_CLK_0_BUFG/O
                         net (fo=26079, routed)       0.903     1.269    tme_bd_i/smartconnect_lite/inst/m00_nodes/m00_aw_node/inst/s_sc_xpm_cdc_async_rst_inst/dest_clk
    SLICE_X40Y133        FDCE                                         r  tme_bd_i/smartconnect_lite/inst/m00_nodes/m00_aw_node/inst/s_sc_xpm_cdc_async_rst_inst/arststages_ff_reg[2]/C

Slack:                    inf
  Source:                 tme_bd_i/smartconnect_lite/inst/clk_map/psr_aclk/U0/ACTIVE_LOW_BSR_OUT_DFF[0].FDRE_BSR_N/C
                            (rising edge-triggered cell FDRE clocked by clk_fpga_0  {rise@0.000ns fall@4.000ns period=8.000ns})
  Destination:            tme_bd_i/smartconnect_lite/inst/m00_nodes/m00_b_node/inst/s_sc_xpm_cdc_async_rst_inst/arststages_ff_reg[0]/CLR
                            (removal check against rising-edge clock clk_fpga_0  {rise@0.000ns fall@4.000ns period=8.000ns})
  Path Group:             (none)
  Path Type:              Removal (Min at Fast Process Corner)
  Data Path Delay:        0.594ns  (logic 0.190ns (31.988%)  route 0.404ns (68.012%))
  Logic Levels:           1  (LUT1=1)
  Clock Path Skew:        0.299ns (DCD - SCD - CPR)
    Destination Clock Delay (DCD):    1.269ns
    Source Clock Delay      (SCD):    0.970ns
    Clock Pessimism Removal (CPR):    -0.000ns
  Clock Uncertainty:      0.125ns  ((TSJ^2 + TIJ^2)^1/2 + DJ) / 2 + PE
    Total System Jitter     (TSJ):    0.071ns
    Total Input Jitter      (TIJ):    0.240ns
    Discrete Jitter          (DJ):    0.000ns
    Phase Error              (PE):    0.000ns
  Timing Exception:       False Path

    Location             Delay type                Incr(ns)  Path(ns)    Netlist Resource(s)
  -------------------------------------------------------------------    -------------------
                         (clock clk_fpga_0 rise edge)
                                                      0.000     0.000 r  
    PS7_X0Y0             PS7                          0.000     0.000 r  tme_bd_i/processing_system7_0/inst/PS7_i/FCLKCLK[0]
                         net (fo=1, routed)           0.310     0.310    tme_bd_i/processing_system7_0/inst/FCLK_CLK_unbuffered[0]
    BUFGCTRL_X0Y16       BUFG (Prop_bufg_I_O)         0.026     0.336 r  tme_bd_i/processing_system7_0/inst/buffer_fclk_clk_0.FCLK_CLK_0_BUFG/O
                         net (fo=26079, routed)       0.634     0.970    tme_bd_i/smartconnect_lite/inst/clk_map/psr_aclk/U0/aclk
    SLICE_X44Y135        FDRE                                         r  tme_bd_i/smartconnect_lite/inst/clk_map/psr_aclk/U0/ACTIVE_LOW_BSR_OUT_DFF[0].FDRE_BSR_N/C
  -------------------------------------------------------------------    -------------------
    SLICE_X44Y135        FDRE (Prop_fdre_C_Q)         0.141     1.111 r  tme_bd_i/smartconnect_lite/inst/clk_map/psr_aclk/U0/ACTIVE_LOW_BSR_OUT_DFF[0].FDRE_BSR_N/Q
                         net (fo=31, routed)          0.227     1.338    tme_bd_i/smartconnect_lite/inst/m00_nodes/m00_b_node/inst/s_sc_xpm_cdc_async_rst_inst/src_arst
    SLICE_X42Y133        LUT1 (Prop_lut1_I0_O)        0.049     1.387 f  tme_bd_i/smartconnect_lite/inst/m00_nodes/m00_b_node/inst/s_sc_xpm_cdc_async_rst_inst/arststages_ff[2]_i_1/O
                         net (fo=3, routed)           0.177     1.564    tme_bd_i/smartconnect_lite/inst/m00_nodes/m00_b_node/inst/s_sc_xpm_cdc_async_rst_inst/reset_pol
    SLICE_X42Y133        FDCE                                         f  tme_bd_i/smartconnect_lite/inst/m00_nodes/m00_b_node/inst/s_sc_xpm_cdc_async_rst_inst/arststages_ff_reg[0]/CLR
  -------------------------------------------------------------------    -------------------

                         (clock clk_fpga_0 rise edge)
                                                      0.000     0.000 r  
    PS7_X0Y0             PS7                          0.000     0.000 r  tme_bd_i/processing_system7_0/inst/PS7_i/FCLKCLK[0]
                         net (fo=1, routed)           0.337     0.337    tme_bd_i/processing_system7_0/inst/FCLK_CLK_unbuffered[0]
    BUFGCTRL_X0Y16       BUFG (Prop_bufg_I_O)         0.029     0.366 r  tme_bd_i/processing_system7_0/inst/buffer_fclk_clk_0.FCLK_CLK_0_BUFG/O
                         net (fo=26079, routed)       0.903     1.269    tme_bd_i/smartconnect_lite/inst/m00_nodes/m00_b_node/inst/s_sc_xpm_cdc_async_rst_inst/dest_clk
    SLICE_X42Y133        FDCE                                         r  tme_bd_i/smartconnect_lite/inst/m00_nodes/m00_b_node/inst/s_sc_xpm_cdc_async_rst_inst/arststages_ff_reg[0]/C

Slack:                    inf
  Source:                 tme_bd_i/smartconnect_lite/inst/clk_map/psr_aclk/U0/ACTIVE_LOW_BSR_OUT_DFF[0].FDRE_BSR_N/C
                            (rising edge-triggered cell FDRE clocked by clk_fpga_0  {rise@0.000ns fall@4.000ns period=8.000ns})
  Destination:            tme_bd_i/smartconnect_lite/inst/m00_nodes/m00_b_node/inst/s_sc_xpm_cdc_async_rst_inst/arststages_ff_reg[1]/CLR
                            (removal check against rising-edge clock clk_fpga_0  {rise@0.000ns fall@4.000ns period=8.000ns})
  Path Group:             (none)
  Path Type:              Removal (Min at Fast Process Corner)
  Data Path Delay:        0.594ns  (logic 0.190ns (31.988%)  route 0.404ns (68.012%))
  Logic Levels:           1  (LUT1=1)
  Clock Path Skew:        0.299ns (DCD - SCD - CPR)
    Destination Clock Delay (DCD):    1.269ns
    Source Clock Delay      (SCD):    0.970ns
    Clock Pessimism Removal (CPR):    -0.000ns
  Clock Uncertainty:      0.125ns  ((TSJ^2 + TIJ^2)^1/2 + DJ) / 2 + PE
    Total System Jitter     (TSJ):    0.071ns
    Total Input Jitter      (TIJ):    0.240ns
    Discrete Jitter          (DJ):    0.000ns
    Phase Error              (PE):    0.000ns
  Timing Exception:       False Path

    Location             Delay type                Incr(ns)  Path(ns)    Netlist Resource(s)
  -------------------------------------------------------------------    -------------------
                         (clock clk_fpga_0 rise edge)
                                                      0.000     0.000 r  
    PS7_X0Y0             PS7                          0.000     0.000 r  tme_bd_i/processing_system7_0/inst/PS7_i/FCLKCLK[0]
                         net (fo=1, routed)           0.310     0.310    tme_bd_i/processing_system7_0/inst/FCLK_CLK_unbuffered[0]
    BUFGCTRL_X0Y16       BUFG (Prop_bufg_I_O)         0.026     0.336 r  tme_bd_i/processing_system7_0/inst/buffer_fclk_clk_0.FCLK_CLK_0_BUFG/O
                         net (fo=26079, routed)       0.634     0.970    tme_bd_i/smartconnect_lite/inst/clk_map/psr_aclk/U0/aclk
    SLICE_X44Y135        FDRE                                         r  tme_bd_i/smartconnect_lite/inst/clk_map/psr_aclk/U0/ACTIVE_LOW_BSR_OUT_DFF[0].FDRE_BSR_N/C
  -------------------------------------------------------------------    -------------------
    SLICE_X44Y135        FDRE (Prop_fdre_C_Q)         0.141     1.111 r  tme_bd_i/smartconnect_lite/inst/clk_map/psr_aclk/U0/ACTIVE_LOW_BSR_OUT_DFF[0].FDRE_BSR_N/Q
                         net (fo=31, routed)          0.227     1.338    tme_bd_i/smartconnect_lite/inst/m00_nodes/m00_b_node/inst/s_sc_xpm_cdc_async_rst_inst/src_arst
    SLICE_X42Y133        LUT1 (Prop_lut1_I0_O)        0.049     1.387 f  tme_bd_i/smartconnect_lite/inst/m00_nodes/m00_b_node/inst/s_sc_xpm_cdc_async_rst_inst/arststages_ff[2]_i_1/O
                         net (fo=3, routed)           0.177     1.564    tme_bd_i/smartconnect_lite/inst/m00_nodes/m00_b_node/inst/s_sc_xpm_cdc_async_rst_inst/reset_pol
    SLICE_X42Y133        FDCE                                         f  tme_bd_i/smartconnect_lite/inst/m00_nodes/m00_b_node/inst/s_sc_xpm_cdc_async_rst_inst/arststages_ff_reg[1]/CLR
  -------------------------------------------------------------------    -------------------

                         (clock clk_fpga_0 rise edge)
                                                      0.000     0.000 r  
    PS7_X0Y0             PS7                          0.000     0.000 r  tme_bd_i/processing_system7_0/inst/PS7_i/FCLKCLK[0]
                         net (fo=1, routed)           0.337     0.337    tme_bd_i/processing_system7_0/inst/FCLK_CLK_unbuffered[0]
    BUFGCTRL_X0Y16       BUFG (Prop_bufg_I_O)         0.029     0.366 r  tme_bd_i/processing_system7_0/inst/buffer_fclk_clk_0.FCLK_CLK_0_BUFG/O
                         net (fo=26079, routed)       0.903     1.269    tme_bd_i/smartconnect_lite/inst/m00_nodes/m00_b_node/inst/s_sc_xpm_cdc_async_rst_inst/dest_clk
    SLICE_X42Y133        FDCE                                         r  tme_bd_i/smartconnect_lite/inst/m00_nodes/m00_b_node/inst/s_sc_xpm_cdc_async_rst_inst/arststages_ff_reg[1]/C

Slack:                    inf
  Source:                 tme_bd_i/smartconnect_lite/inst/clk_map/psr_aclk/U0/ACTIVE_LOW_BSR_OUT_DFF[0].FDRE_BSR_N/C
                            (rising edge-triggered cell FDRE clocked by clk_fpga_0  {rise@0.000ns fall@4.000ns period=8.000ns})
  Destination:            tme_bd_i/smartconnect_lite/inst/m00_nodes/m00_b_node/inst/s_sc_xpm_cdc_async_rst_inst/arststages_ff_reg[2]/CLR
                            (removal check against rising-edge clock clk_fpga_0  {rise@0.000ns fall@4.000ns period=8.000ns})
  Path Group:             (none)
  Path Type:              Removal (Min at Fast Process Corner)
  Data Path Delay:        0.594ns  (logic 0.190ns (31.988%)  route 0.404ns (68.012%))
  Logic Levels:           1  (LUT1=1)
  Clock Path Skew:        0.299ns (DCD - SCD - CPR)
    Destination Clock Delay (DCD):    1.269ns
    Source Clock Delay      (SCD):    0.970ns
    Clock Pessimism Removal (CPR):    -0.000ns
  Clock Uncertainty:      0.125ns  ((TSJ^2 + TIJ^2)^1/2 + DJ) / 2 + PE
    Total System Jitter     (TSJ):    0.071ns
    Total Input Jitter      (TIJ):    0.240ns
    Discrete Jitter          (DJ):    0.000ns
    Phase Error              (PE):    0.000ns
  Timing Exception:       False Path

    Location             Delay type                Incr(ns)  Path(ns)    Netlist Resource(s)
  -------------------------------------------------------------------    -------------------
                         (clock clk_fpga_0 rise edge)
                                                      0.000     0.000 r  
    PS7_X0Y0             PS7                          0.000     0.000 r  tme_bd_i/processing_system7_0/inst/PS7_i/FCLKCLK[0]
                         net (fo=1, routed)           0.310     0.310    tme_bd_i/processing_system7_0/inst/FCLK_CLK_unbuffered[0]
    BUFGCTRL_X0Y16       BUFG (Prop_bufg_I_O)         0.026     0.336 r  tme_bd_i/processing_system7_0/inst/buffer_fclk_clk_0.FCLK_CLK_0_BUFG/O
                         net (fo=26079, routed)       0.634     0.970    tme_bd_i/smartconnect_lite/inst/clk_map/psr_aclk/U0/aclk
    SLICE_X44Y135        FDRE                                         r  tme_bd_i/smartconnect_lite/inst/clk_map/psr_aclk/U0/ACTIVE_LOW_BSR_OUT_DFF[0].FDRE_BSR_N/C
  -------------------------------------------------------------------    -------------------
    SLICE_X44Y135        FDRE (Prop_fdre_C_Q)         0.141     1.111 r  tme_bd_i/smartconnect_lite/inst/clk_map/psr_aclk/U0/ACTIVE_LOW_BSR_OUT_DFF[0].FDRE_BSR_N/Q
                         net (fo=31, routed)          0.227     1.338    tme_bd_i/smartconnect_lite/inst/m00_nodes/m00_b_node/inst/s_sc_xpm_cdc_async_rst_inst/src_arst
    SLICE_X42Y133        LUT1 (Prop_lut1_I0_O)        0.049     1.387 f  tme_bd_i/smartconnect_lite/inst/m00_nodes/m00_b_node/inst/s_sc_xpm_cdc_async_rst_inst/arststages_ff[2]_i_1/O
                         net (fo=3, routed)           0.177     1.564    tme_bd_i/smartconnect_lite/inst/m00_nodes/m00_b_node/inst/s_sc_xpm_cdc_async_rst_inst/reset_pol
    SLICE_X42Y133        FDCE                                         f  tme_bd_i/smartconnect_lite/inst/m00_nodes/m00_b_node/inst/s_sc_xpm_cdc_async_rst_inst/arststages_ff_reg[2]/CLR
  -------------------------------------------------------------------    -------------------

                         (clock clk_fpga_0 rise edge)
                                                      0.000     0.000 r  
    PS7_X0Y0             PS7                          0.000     0.000 r  tme_bd_i/processing_system7_0/inst/PS7_i/FCLKCLK[0]
                         net (fo=1, routed)           0.337     0.337    tme_bd_i/processing_system7_0/inst/FCLK_CLK_unbuffered[0]
    BUFGCTRL_X0Y16       BUFG (Prop_bufg_I_O)         0.029     0.366 r  tme_bd_i/processing_system7_0/inst/buffer_fclk_clk_0.FCLK_CLK_0_BUFG/O
                         net (fo=26079, routed)       0.903     1.269    tme_bd_i/smartconnect_lite/inst/m00_nodes/m00_b_node/inst/s_sc_xpm_cdc_async_rst_inst/dest_clk
    SLICE_X42Y133        FDCE                                         r  tme_bd_i/smartconnect_lite/inst/m00_nodes/m00_b_node/inst/s_sc_xpm_cdc_async_rst_inst/arststages_ff_reg[2]/C

Slack:                    inf
  Source:                 tme_bd_i/proc_sys_reset_0/U0/ACTIVE_LOW_PR_OUT_DFF[0].FDRE_PER_N/C
                            (rising edge-triggered cell FDRE clocked by clk_fpga_0  {rise@0.000ns fall@4.000ns period=8.000ns})
  Destination:            tme_bd_i/axi_dma_patch/U0/I_RST_MODULE/REG_HRD_RST/syncstages_ff_reg[0]/D
                            (rising edge-triggered cell FDRE clocked by clk_fpga_0  {rise@0.000ns fall@4.000ns period=8.000ns})
  Path Group:             (none)
  Path Type:              Hold (Min at Fast Process Corner)
  Data Path Delay:        0.716ns  (logic 0.141ns (19.698%)  route 0.575ns (80.302%))
  Logic Levels:           0  
  Clock Path Skew:        0.328ns (DCD - SCD - CPR)
    Destination Clock Delay (DCD):    1.226ns
    Source Clock Delay      (SCD):    0.898ns
    Clock Pessimism Removal (CPR):    -0.000ns
  Clock Uncertainty:      0.125ns  ((TSJ^2 + TIJ^2)^1/2 + DJ) / 2 + PE
    Total System Jitter     (TSJ):    0.071ns
    Total Input Jitter      (TIJ):    0.240ns
    Discrete Jitter          (DJ):    0.000ns
    Phase Error              (PE):    0.000ns
  Timing Exception:       False Path

    Location             Delay type                Incr(ns)  Path(ns)    Netlist Resource(s)
  -------------------------------------------------------------------    -------------------
                         (clock clk_fpga_0 rise edge)
                                                      0.000     0.000 r  
    PS7_X0Y0             PS7                          0.000     0.000 r  tme_bd_i/processing_system7_0/inst/PS7_i/FCLKCLK[0]
                         net (fo=1, routed)           0.310     0.310    tme_bd_i/processing_system7_0/inst/FCLK_CLK_unbuffered[0]
    BUFGCTRL_X0Y16       BUFG (Prop_bufg_I_O)         0.026     0.336 r  tme_bd_i/processing_system7_0/inst/buffer_fclk_clk_0.FCLK_CLK_0_BUFG/O
                         net (fo=26079, routed)       0.562     0.898    tme_bd_i/proc_sys_reset_0/U0/slowest_sync_clk
    SLICE_X39Y6          FDRE                                         r  tme_bd_i/proc_sys_reset_0/U0/ACTIVE_LOW_PR_OUT_DFF[0].FDRE_PER_N/C
  -------------------------------------------------------------------    -------------------
    SLICE_X39Y6          FDRE (Prop_fdre_C_Q)         0.141     1.039 r  tme_bd_i/proc_sys_reset_0/U0/ACTIVE_LOW_PR_OUT_DFF[0].FDRE_PER_N/Q
                         net (fo=43, routed)          0.575     1.613    tme_bd_i/axi_dma_patch/U0/I_RST_MODULE/REG_HRD_RST/src_rst
    SLICE_X26Y1          FDRE                                         r  tme_bd_i/axi_dma_patch/U0/I_RST_MODULE/REG_HRD_RST/syncstages_ff_reg[0]/D
  -------------------------------------------------------------------    -------------------

                         (clock clk_fpga_0 rise edge)
                                                      0.000     0.000 r  
    PS7_X0Y0             PS7                          0.000     0.000 r  tme_bd_i/processing_system7_0/inst/PS7_i/FCLKCLK[0]
                         net (fo=1, routed)           0.337     0.337    tme_bd_i/processing_system7_0/inst/FCLK_CLK_unbuffered[0]
    BUFGCTRL_X0Y16       BUFG (Prop_bufg_I_O)         0.029     0.366 r  tme_bd_i/processing_system7_0/inst/buffer_fclk_clk_0.FCLK_CLK_0_BUFG/O
                         net (fo=26079, routed)       0.860     1.226    tme_bd_i/axi_dma_patch/U0/I_RST_MODULE/REG_HRD_RST/dest_clk
    SLICE_X26Y1          FDRE                                         r  tme_bd_i/axi_dma_patch/U0/I_RST_MODULE/REG_HRD_RST/syncstages_ff_reg[0]/C

Slack:                    inf
  Source:                 tme_bd_i/smartconnect_mem/inst/clk_map/psr_aclk/U0/ACTIVE_LOW_BSR_OUT_DFF[0].FDRE_BSR_N/C
                            (rising edge-triggered cell FDRE clocked by clk_fpga_0  {rise@0.000ns fall@4.000ns period=8.000ns})
  Destination:            tme_bd_i/smartconnect_mem/inst/s00_nodes/s00_ar_node/inst/s_sc_xpm_cdc_async_rst_inst/arststages_ff_reg[0]/CLR
                            (removal check against rising-edge clock clk_fpga_0  {rise@0.000ns fall@4.000ns period=8.000ns})
  Path Group:             (none)
  Path Type:              Removal (Min at Fast Process Corner)
  Data Path Delay:        0.702ns  (logic 0.208ns (29.628%)  route 0.494ns (70.372%))
  Logic Levels:           1  (LUT1=1)
  Clock Path Skew:        0.300ns (DCD - SCD - CPR)
    Destination Clock Delay (DCD):    1.262ns
    Source Clock Delay      (SCD):    0.962ns
    Clock Pessimism Removal (CPR):    -0.000ns
  Clock Uncertainty:      0.125ns  ((TSJ^2 + TIJ^2)^1/2 + DJ) / 2 + PE
    Total System Jitter     (TSJ):    0.071ns
    Total Input Jitter      (TIJ):    0.240ns
    Discrete Jitter          (DJ):    0.000ns
    Phase Error              (PE):    0.000ns
  Timing Exception:       False Path

    Location             Delay type                Incr(ns)  Path(ns)    Netlist Resource(s)
  -------------------------------------------------------------------    -------------------
                         (clock clk_fpga_0 rise edge)
                                                      0.000     0.000 r  
    PS7_X0Y0             PS7                          0.000     0.000 r  tme_bd_i/processing_system7_0/inst/PS7_i/FCLKCLK[0]
                         net (fo=1, routed)           0.310     0.310    tme_bd_i/processing_system7_0/inst/FCLK_CLK_unbuffered[0]
    BUFGCTRL_X0Y16       BUFG (Prop_bufg_I_O)         0.026     0.336 r  tme_bd_i/processing_system7_0/inst/buffer_fclk_clk_0.FCLK_CLK_0_BUFG/O
                         net (fo=26079, routed)       0.626     0.962    tme_bd_i/smartconnect_mem/inst/clk_map/psr_aclk/U0/aclk
    SLICE_X6Y1           FDRE                                         r  tme_bd_i/smartconnect_mem/inst/clk_map/psr_aclk/U0/ACTIVE_LOW_BSR_OUT_DFF[0].FDRE_BSR_N/C
  -------------------------------------------------------------------    -------------------
    SLICE_X6Y1           FDRE (Prop_fdre_C_Q)         0.164     1.126 r  tme_bd_i/smartconnect_mem/inst/clk_map/psr_aclk/U0/ACTIVE_LOW_BSR_OUT_DFF[0].FDRE_BSR_N/Q
                         net (fo=11, routed)          0.317     1.443    tme_bd_i/smartconnect_mem/inst/s00_nodes/s00_ar_node/inst/s_sc_xpm_cdc_async_rst_inst/src_arst
    SLICE_X3Y1           LUT1 (Prop_lut1_I0_O)        0.044     1.487 f  tme_bd_i/smartconnect_mem/inst/s00_nodes/s00_ar_node/inst/s_sc_xpm_cdc_async_rst_inst/arststages_ff[2]_i_1/O
                         net (fo=3, routed)           0.177     1.664    tme_bd_i/smartconnect_mem/inst/s00_nodes/s00_ar_node/inst/s_sc_xpm_cdc_async_rst_inst/reset_pol
    SLICE_X2Y1           FDCE                                         f  tme_bd_i/smartconnect_mem/inst/s00_nodes/s00_ar_node/inst/s_sc_xpm_cdc_async_rst_inst/arststages_ff_reg[0]/CLR
  -------------------------------------------------------------------    -------------------

                         (clock clk_fpga_0 rise edge)
                                                      0.000     0.000 r  
    PS7_X0Y0             PS7                          0.000     0.000 r  tme_bd_i/processing_system7_0/inst/PS7_i/FCLKCLK[0]
                         net (fo=1, routed)           0.337     0.337    tme_bd_i/processing_system7_0/inst/FCLK_CLK_unbuffered[0]
    BUFGCTRL_X0Y16       BUFG (Prop_bufg_I_O)         0.029     0.366 r  tme_bd_i/processing_system7_0/inst/buffer_fclk_clk_0.FCLK_CLK_0_BUFG/O
                         net (fo=26079, routed)       0.896     1.262    tme_bd_i/smartconnect_mem/inst/s00_nodes/s00_ar_node/inst/s_sc_xpm_cdc_async_rst_inst/dest_clk
    SLICE_X2Y1           FDCE                                         r  tme_bd_i/smartconnect_mem/inst/s00_nodes/s00_ar_node/inst/s_sc_xpm_cdc_async_rst_inst/arststages_ff_reg[0]/C

Slack:                    inf
  Source:                 tme_bd_i/smartconnect_mem/inst/clk_map/psr_aclk/U0/ACTIVE_LOW_BSR_OUT_DFF[0].FDRE_BSR_N/C
                            (rising edge-triggered cell FDRE clocked by clk_fpga_0  {rise@0.000ns fall@4.000ns period=8.000ns})
  Destination:            tme_bd_i/smartconnect_mem/inst/s00_nodes/s00_ar_node/inst/s_sc_xpm_cdc_async_rst_inst/arststages_ff_reg[1]/CLR
                            (removal check against rising-edge clock clk_fpga_0  {rise@0.000ns fall@4.000ns period=8.000ns})
  Path Group:             (none)
  Path Type:              Removal (Min at Fast Process Corner)
  Data Path Delay:        0.702ns  (logic 0.208ns (29.628%)  route 0.494ns (70.372%))
  Logic Levels:           1  (LUT1=1)
  Clock Path Skew:        0.300ns (DCD - SCD - CPR)
    Destination Clock Delay (DCD):    1.262ns
    Source Clock Delay      (SCD):    0.962ns
    Clock Pessimism Removal (CPR):    -0.000ns
  Clock Uncertainty:      0.125ns  ((TSJ^2 + TIJ^2)^1/2 + DJ) / 2 + PE
    Total System Jitter     (TSJ):    0.071ns
    Total Input Jitter      (TIJ):    0.240ns
    Discrete Jitter          (DJ):    0.000ns
    Phase Error              (PE):    0.000ns
  Timing Exception:       False Path

    Location             Delay type                Incr(ns)  Path(ns)    Netlist Resource(s)
  -------------------------------------------------------------------    -------------------
                         (clock clk_fpga_0 rise edge)
                                                      0.000     0.000 r  
    PS7_X0Y0             PS7                          0.000     0.000 r  tme_bd_i/processing_system7_0/inst/PS7_i/FCLKCLK[0]
                         net (fo=1, routed)           0.310     0.310    tme_bd_i/processing_system7_0/inst/FCLK_CLK_unbuffered[0]
    BUFGCTRL_X0Y16       BUFG (Prop_bufg_I_O)         0.026     0.336 r  tme_bd_i/processing_system7_0/inst/buffer_fclk_clk_0.FCLK_CLK_0_BUFG/O
                         net (fo=26079, routed)       0.626     0.962    tme_bd_i/smartconnect_mem/inst/clk_map/psr_aclk/U0/aclk
    SLICE_X6Y1           FDRE                                         r  tme_bd_i/smartconnect_mem/inst/clk_map/psr_aclk/U0/ACTIVE_LOW_BSR_OUT_DFF[0].FDRE_BSR_N/C
  -------------------------------------------------------------------    -------------------
    SLICE_X6Y1           FDRE (Prop_fdre_C_Q)         0.164     1.126 r  tme_bd_i/smartconnect_mem/inst/clk_map/psr_aclk/U0/ACTIVE_LOW_BSR_OUT_DFF[0].FDRE_BSR_N/Q
                         net (fo=11, routed)          0.317     1.443    tme_bd_i/smartconnect_mem/inst/s00_nodes/s00_ar_node/inst/s_sc_xpm_cdc_async_rst_inst/src_arst
    SLICE_X3Y1           LUT1 (Prop_lut1_I0_O)        0.044     1.487 f  tme_bd_i/smartconnect_mem/inst/s00_nodes/s00_ar_node/inst/s_sc_xpm_cdc_async_rst_inst/arststages_ff[2]_i_1/O
                         net (fo=3, routed)           0.177     1.664    tme_bd_i/smartconnect_mem/inst/s00_nodes/s00_ar_node/inst/s_sc_xpm_cdc_async_rst_inst/reset_pol
    SLICE_X2Y1           FDCE                                         f  tme_bd_i/smartconnect_mem/inst/s00_nodes/s00_ar_node/inst/s_sc_xpm_cdc_async_rst_inst/arststages_ff_reg[1]/CLR
  -------------------------------------------------------------------    -------------------

                         (clock clk_fpga_0 rise edge)
                                                      0.000     0.000 r  
    PS7_X0Y0             PS7                          0.000     0.000 r  tme_bd_i/processing_system7_0/inst/PS7_i/FCLKCLK[0]
                         net (fo=1, routed)           0.337     0.337    tme_bd_i/processing_system7_0/inst/FCLK_CLK_unbuffered[0]
    BUFGCTRL_X0Y16       BUFG (Prop_bufg_I_O)         0.029     0.366 r  tme_bd_i/processing_system7_0/inst/buffer_fclk_clk_0.FCLK_CLK_0_BUFG/O
                         net (fo=26079, routed)       0.896     1.262    tme_bd_i/smartconnect_mem/inst/s00_nodes/s00_ar_node/inst/s_sc_xpm_cdc_async_rst_inst/dest_clk
    SLICE_X2Y1           FDCE                                         r  tme_bd_i/smartconnect_mem/inst/s00_nodes/s00_ar_node/inst/s_sc_xpm_cdc_async_rst_inst/arststages_ff_reg[1]/C

Slack:                    inf
  Source:                 tme_bd_i/smartconnect_mem/inst/clk_map/psr_aclk/U0/ACTIVE_LOW_BSR_OUT_DFF[0].FDRE_BSR_N/C
                            (rising edge-triggered cell FDRE clocked by clk_fpga_0  {rise@0.000ns fall@4.000ns period=8.000ns})
  Destination:            tme_bd_i/smartconnect_mem/inst/s00_nodes/s00_ar_node/inst/s_sc_xpm_cdc_async_rst_inst/arststages_ff_reg[2]/CLR
                            (removal check against rising-edge clock clk_fpga_0  {rise@0.000ns fall@4.000ns period=8.000ns})
  Path Group:             (none)
  Path Type:              Removal (Min at Fast Process Corner)
  Data Path Delay:        0.702ns  (logic 0.208ns (29.628%)  route 0.494ns (70.372%))
  Logic Levels:           1  (LUT1=1)
  Clock Path Skew:        0.300ns (DCD - SCD - CPR)
    Destination Clock Delay (DCD):    1.262ns
    Source Clock Delay      (SCD):    0.962ns
    Clock Pessimism Removal (CPR):    -0.000ns
  Clock Uncertainty:      0.125ns  ((TSJ^2 + TIJ^2)^1/2 + DJ) / 2 + PE
    Total System Jitter     (TSJ):    0.071ns
    Total Input Jitter      (TIJ):    0.240ns
    Discrete Jitter          (DJ):    0.000ns
    Phase Error              (PE):    0.000ns
  Timing Exception:       False Path

    Location             Delay type                Incr(ns)  Path(ns)    Netlist Resource(s)
  -------------------------------------------------------------------    -------------------
                         (clock clk_fpga_0 rise edge)
                                                      0.000     0.000 r  
    PS7_X0Y0             PS7                          0.000     0.000 r  tme_bd_i/processing_system7_0/inst/PS7_i/FCLKCLK[0]
                         net (fo=1, routed)           0.310     0.310    tme_bd_i/processing_system7_0/inst/FCLK_CLK_unbuffered[0]
    BUFGCTRL_X0Y16       BUFG (Prop_bufg_I_O)         0.026     0.336 r  tme_bd_i/processing_system7_0/inst/buffer_fclk_clk_0.FCLK_CLK_0_BUFG/O
                         net (fo=26079, routed)       0.626     0.962    tme_bd_i/smartconnect_mem/inst/clk_map/psr_aclk/U0/aclk
    SLICE_X6Y1           FDRE                                         r  tme_bd_i/smartconnect_mem/inst/clk_map/psr_aclk/U0/ACTIVE_LOW_BSR_OUT_DFF[0].FDRE_BSR_N/C
  -------------------------------------------------------------------    -------------------
    SLICE_X6Y1           FDRE (Prop_fdre_C_Q)         0.164     1.126 r  tme_bd_i/smartconnect_mem/inst/clk_map/psr_aclk/U0/ACTIVE_LOW_BSR_OUT_DFF[0].FDRE_BSR_N/Q
                         net (fo=11, routed)          0.317     1.443    tme_bd_i/smartconnect_mem/inst/s00_nodes/s00_ar_node/inst/s_sc_xpm_cdc_async_rst_inst/src_arst
    SLICE_X3Y1           LUT1 (Prop_lut1_I0_O)        0.044     1.487 f  tme_bd_i/smartconnect_mem/inst/s00_nodes/s00_ar_node/inst/s_sc_xpm_cdc_async_rst_inst/arststages_ff[2]_i_1/O
                         net (fo=3, routed)           0.177     1.664    tme_bd_i/smartconnect_mem/inst/s00_nodes/s00_ar_node/inst/s_sc_xpm_cdc_async_rst_inst/reset_pol
    SLICE_X2Y1           FDCE                                         f  tme_bd_i/smartconnect_mem/inst/s00_nodes/s00_ar_node/inst/s_sc_xpm_cdc_async_rst_inst/arststages_ff_reg[2]/CLR
  -------------------------------------------------------------------    -------------------

                         (clock clk_fpga_0 rise edge)
                                                      0.000     0.000 r  
    PS7_X0Y0             PS7                          0.000     0.000 r  tme_bd_i/processing_system7_0/inst/PS7_i/FCLKCLK[0]
                         net (fo=1, routed)           0.337     0.337    tme_bd_i/processing_system7_0/inst/FCLK_CLK_unbuffered[0]
    BUFGCTRL_X0Y16       BUFG (Prop_bufg_I_O)         0.029     0.366 r  tme_bd_i/processing_system7_0/inst/buffer_fclk_clk_0.FCLK_CLK_0_BUFG/O
                         net (fo=26079, routed)       0.896     1.262    tme_bd_i/smartconnect_mem/inst/s00_nodes/s00_ar_node/inst/s_sc_xpm_cdc_async_rst_inst/dest_clk
    SLICE_X2Y1           FDCE                                         r  tme_bd_i/smartconnect_mem/inst/s00_nodes/s00_ar_node/inst/s_sc_xpm_cdc_async_rst_inst/arststages_ff_reg[2]/C





