Copyright 1986-2022 Xilinx, Inc. All Rights Reserved. Copyright 2022-2025 Advanced Micro Devices, Inc. All Rights Reserved.
---------------------------------------------------------------------------------------------------------------------------------------------------------------------------------------------
| Tool Version : Vivado v.2025.2 (win64) Build 6299465 Fri Nov 14 19:35:11 GMT 2025
| Date         : Mon Aug 17 21:14:36 2026
| Host         : DESKTOP-KG9P5J1 running 64-bit major release  (build 9200)
| Command      : report_timing -delay_type max -sort_by slack -max_paths 20 -nworst 1 -file C:/Users/lychee/tc25/vivado_project/tme_standalone_125/overlay_output/post_route_worst_paths.rpt
| Design       : tme_bd_wrapper
| Device       : 7z020-clg400
| Speed File   : -1  PRODUCTION 1.12 2019-11-22
| Design State : Routed
---------------------------------------------------------------------------------------------------------------------------------------------------------------------------------------------

Timing Report

Slack (MET) :             0.064ns  (required time - arrival time)
  Source:                 tme_bd_i/tme_top_0/inst/templ_buf_U/ram_reg_0_0/CLKBWRCLK
                            (rising edge-triggered cell RAMB36E1 clocked by clk_fpga_0  {rise@0.000ns fall@4.000ns period=8.000ns})
  Destination:            tme_bd_i/tme_top_0/inst/grp_tme_top_Pipeline_VITIS_LOOP_150_3_fu_1446/t_row_81_fu_1448_reg[0]/D
                            (rising edge-triggered cell FDRE clocked by clk_fpga_0  {rise@0.000ns fall@4.000ns period=8.000ns})
  Path Group:             clk_fpga_0
  Path Type:              Setup (Max at Slow Process Corner)
  Requirement:            8.000ns  (clk_fpga_0 rise@8.000ns - clk_fpga_0 rise@0.000ns)
  Data Path Delay:        7.642ns  (logic 2.454ns (32.111%)  route 5.188ns (67.889%))
  Logic Levels:           0  
  Clock Path Skew:        -0.064ns (DCD - SCD + CPR)
    Destination Clock Delay (DCD):    2.956ns = ( 10.956 - 8.000 ) 
    Source Clock Delay      (SCD):    3.166ns
    Clock Pessimism Removal (CPR):    0.147ns
  Clock Uncertainty:      0.125ns  ((TSJ^2 + TIJ^2)^1/2 + DJ) / 2 + PE
    Total System Jitter     (TSJ):    0.071ns
    Total Input Jitter      (TIJ):    0.240ns
    Discrete Jitter          (DJ):    0.000ns
    Phase Error              (PE):    0.000ns

    Location             Delay type                Incr(ns)  Path(ns)    Netlist Resource(s)
  -------------------------------------------------------------------    -------------------
                         (clock clk_fpga_0 rise edge)
                                                      0.000     0.000 r  
    PS7_X0Y0             PS7                          0.000     0.000 r  tme_bd_i/processing_system7_0/inst/PS7_i/FCLKCLK[0]
                         net (fo=1, routed)           1.193     1.193    tme_bd_i/processing_system7_0/inst/FCLK_CLK_unbuffered[0]
    BUFGCTRL_X0Y16       BUFG (Prop_bufg_I_O)         0.101     1.294 r  tme_bd_i/processing_system7_0/inst/buffer_fclk_clk_0.FCLK_CLK_0_BUFG/O
                         net (fo=19659, routed)       1.872     3.166    tme_bd_i/tme_top_0/inst/templ_buf_U/ap_clk
    RAMB36_X2Y24         RAMB36E1                                     r  tme_bd_i/tme_top_0/inst/templ_buf_U/ram_reg_0_0/CLKBWRCLK
  -------------------------------------------------------------------    -------------------
    RAMB36_X2Y24         RAMB36E1 (Prop_ramb36e1_CLKBWRCLK_DOBDO[0])
                                                      2.454     5.620 r  tme_bd_i/tme_top_0/inst/templ_buf_U/ram_reg_0_0/DOBDO[0]
                         net (fo=216, routed)         5.188    10.809    tme_bd_i/tme_top_0/inst/grp_tme_top_Pipeline_VITIS_LOOP_150_3_fu_1446/q0[0]
    SLICE_X101Y113       FDRE                                         r  tme_bd_i/tme_top_0/inst/grp_tme_top_Pipeline_VITIS_LOOP_150_3_fu_1446/t_row_81_fu_1448_reg[0]/D
  -------------------------------------------------------------------    -------------------

                         (clock clk_fpga_0 rise edge)
                                                      8.000     8.000 r  
    PS7_X0Y0             PS7                          0.000     8.000 r  tme_bd_i/processing_system7_0/inst/PS7_i/FCLKCLK[0]
                         net (fo=1, routed)           1.088     9.088    tme_bd_i/processing_system7_0/inst/FCLK_CLK_unbuffered[0]
    BUFGCTRL_X0Y16       BUFG (Prop_bufg_I_O)         0.091     9.179 r  tme_bd_i/processing_system7_0/inst/buffer_fclk_clk_0.FCLK_CLK_0_BUFG/O
                         net (fo=19659, routed)       1.777    10.956    tme_bd_i/tme_top_0/inst/grp_tme_top_Pipeline_VITIS_LOOP_150_3_fu_1446/ap_clk
    SLICE_X101Y113       FDRE                                         r  tme_bd_i/tme_top_0/inst/grp_tme_top_Pipeline_VITIS_LOOP_150_3_fu_1446/t_row_81_fu_1448_reg[0]/C
                         clock pessimism              0.147    11.103    
                         clock uncertainty           -0.125    10.978    
    SLICE_X101Y113       FDRE (Setup_fdre_C_D)       -0.105    10.873    tme_bd_i/tme_top_0/inst/grp_tme_top_Pipeline_VITIS_LOOP_150_3_fu_1446/t_row_81_fu_1448_reg[0]
  -------------------------------------------------------------------
                         required time                         10.873    
                         arrival time                         -10.809    
  -------------------------------------------------------------------
                         slack                                  0.064    

Slack (MET) :             0.125ns  (required time - arrival time)
  Source:                 tme_bd_i/tme_top_0/inst/templ_buf_U/ram_reg_0_0/CLKBWRCLK
                            (rising edge-triggered cell RAMB36E1 clocked by clk_fpga_0  {rise@0.000ns fall@4.000ns period=8.000ns})
  Destination:            tme_bd_i/tme_top_0/inst/grp_tme_top_Pipeline_VITIS_LOOP_150_3_fu_1446/t_row_122_fu_1284_reg[0]/D
                            (rising edge-triggered cell FDRE clocked by clk_fpga_0  {rise@0.000ns fall@4.000ns period=8.000ns})
  Path Group:             clk_fpga_0
  Path Type:              Setup (Max at Slow Process Corner)
  Requirement:            8.000ns  (clk_fpga_0 rise@8.000ns - clk_fpga_0 rise@0.000ns)
  Data Path Delay:        7.662ns  (logic 2.454ns (32.027%)  route 5.208ns (67.973%))
  Logic Levels:           0  
  Clock Path Skew:        -0.060ns (DCD - SCD + CPR)
    Destination Clock Delay (DCD):    2.960ns = ( 10.960 - 8.000 ) 
    Source Clock Delay      (SCD):    3.166ns
    Clock Pessimism Removal (CPR):    0.147ns
  Clock Uncertainty:      0.125ns  ((TSJ^2 + TIJ^2)^1/2 + DJ) / 2 + PE
    Total System Jitter     (TSJ):    0.071ns
    Total Input Jitter      (TIJ):    0.240ns
    Discrete Jitter          (DJ):    0.000ns
    Phase Error              (PE):    0.000ns

    Location             Delay type                Incr(ns)  Path(ns)    Netlist Resource(s)
  -------------------------------------------------------------------    -------------------
                         (clock clk_fpga_0 rise edge)
                                                      0.000     0.000 r  
    PS7_X0Y0             PS7                          0.000     0.000 r  tme_bd_i/processing_system7_0/inst/PS7_i/FCLKCLK[0]
                         net (fo=1, routed)           1.193     1.193    tme_bd_i/processing_system7_0/inst/FCLK_CLK_unbuffered[0]
    BUFGCTRL_X0Y16       BUFG (Prop_bufg_I_O)         0.101     1.294 r  tme_bd_i/processing_system7_0/inst/buffer_fclk_clk_0.FCLK_CLK_0_BUFG/O
                         net (fo=19659, routed)       1.872     3.166    tme_bd_i/tme_top_0/inst/templ_buf_U/ap_clk
    RAMB36_X2Y24         RAMB36E1                                     r  tme_bd_i/tme_top_0/inst/templ_buf_U/ram_reg_0_0/CLKBWRCLK
  -------------------------------------------------------------------    -------------------
    RAMB36_X2Y24         RAMB36E1 (Prop_ramb36e1_CLKBWRCLK_DOBDO[0])
                                                      2.454     5.620 r  tme_bd_i/tme_top_0/inst/templ_buf_U/ram_reg_0_0/DOBDO[0]
                         net (fo=216, routed)         5.208    10.829    tme_bd_i/tme_top_0/inst/grp_tme_top_Pipeline_VITIS_LOOP_150_3_fu_1446/q0[0]
    SLICE_X98Y107        FDRE                                         r  tme_bd_i/tme_top_0/inst/grp_tme_top_Pipeline_VITIS_LOOP_150_3_fu_1446/t_row_122_fu_1284_reg[0]/D
  -------------------------------------------------------------------    -------------------

                         (clock clk_fpga_0 rise edge)
                                                      8.000     8.000 r  
    PS7_X0Y0             PS7                          0.000     8.000 r  tme_bd_i/processing_system7_0/inst/PS7_i/FCLKCLK[0]
                         net (fo=1, routed)           1.088     9.088    tme_bd_i/processing_system7_0/inst/FCLK_CLK_unbuffered[0]
    BUFGCTRL_X0Y16       BUFG (Prop_bufg_I_O)         0.091     9.179 r  tme_bd_i/processing_system7_0/inst/buffer_fclk_clk_0.FCLK_CLK_0_BUFG/O
                         net (fo=19659, routed)       1.781    10.960    tme_bd_i/tme_top_0/inst/grp_tme_top_Pipeline_VITIS_LOOP_150_3_fu_1446/ap_clk
    SLICE_X98Y107        FDRE                                         r  tme_bd_i/tme_top_0/inst/grp_tme_top_Pipeline_VITIS_LOOP_150_3_fu_1446/t_row_122_fu_1284_reg[0]/C
                         clock pessimism              0.147    11.107    
                         clock uncertainty           -0.125    10.982    
    SLICE_X98Y107        FDRE (Setup_fdre_C_D)       -0.028    10.954    tme_bd_i/tme_top_0/inst/grp_tme_top_Pipeline_VITIS_LOOP_150_3_fu_1446/t_row_122_fu_1284_reg[0]
  -------------------------------------------------------------------
                         required time                         10.954    
                         arrival time                         -10.829    
  -------------------------------------------------------------------
                         slack                                  0.125    

Slack (MET) :             0.203ns  (required time - arrival time)
  Source:                 tme_bd_i/tme_top_0/inst/grp_correlation_core_fu_1779/grp_correlation_core_Pipeline_mac_loop_fu_4536/x_2_reg_21480_reg[0]_replica_6/C
                            (rising edge-triggered cell FDRE clocked by clk_fpga_0  {rise@0.000ns fall@4.000ns period=8.000ns})
  Destination:            tme_bd_i/tme_top_0/inst/grp_correlation_core_fu_1779/grp_correlation_core_Pipeline_mac_loop_fu_4536/empty_43_fu_1420_reg[23]_psdsp/D
                            (rising edge-triggered cell FDRE clocked by clk_fpga_0  {rise@0.000ns fall@4.000ns period=8.000ns})
  Path Group:             clk_fpga_0
  Path Type:              Setup (Max at Slow Process Corner)
  Requirement:            8.000ns  (clk_fpga_0 rise@8.000ns - clk_fpga_0 rise@0.000ns)
  Data Path Delay:        7.143ns  (logic 1.599ns (22.387%)  route 5.544ns (77.613%))
  Logic Levels:           5  (LUT3=1 LUT6=3 MUXF7=1)
  Clock Path Skew:        -0.292ns (DCD - SCD + CPR)
    Destination Clock Delay (DCD):    2.818ns = ( 10.818 - 8.000 ) 
    Source Clock Delay      (SCD):    3.257ns
    Clock Pessimism Removal (CPR):    0.147ns
  Clock Uncertainty:      0.125ns  ((TSJ^2 + TIJ^2)^1/2 + DJ) / 2 + PE
    Total System Jitter     (TSJ):    0.071ns
    Total Input Jitter      (TIJ):    0.240ns
    Discrete Jitter          (DJ):    0.000ns
    Phase Error              (PE):    0.000ns

    Location             Delay type                Incr(ns)  Path(ns)    Netlist Resource(s)
  -------------------------------------------------------------------    -------------------
                         (clock clk_fpga_0 rise edge)
                                                      0.000     0.000 r  
    PS7_X0Y0             PS7                          0.000     0.000 r  tme_bd_i/processing_system7_0/inst/PS7_i/FCLKCLK[0]
                         net (fo=1, routed)           1.193     1.193    tme_bd_i/processing_system7_0/inst/FCLK_CLK_unbuffered[0]
    BUFGCTRL_X0Y16       BUFG (Prop_bufg_I_O)         0.101     1.294 r  tme_bd_i/processing_system7_0/inst/buffer_fclk_clk_0.FCLK_CLK_0_BUFG/O
                         net (fo=19659, routed)       1.963     3.257    tme_bd_i/tme_top_0/inst/grp_correlation_core_fu_1779/grp_correlation_core_Pipeline_mac_loop_fu_4536/ap_clk
    SLICE_X100Y121       FDRE                                         r  tme_bd_i/tme_top_0/inst/grp_correlation_core_fu_1779/grp_correlation_core_Pipeline_mac_loop_fu_4536/x_2_reg_21480_reg[0]_replica_6/C
  -------------------------------------------------------------------    -------------------
    SLICE_X100Y121       FDRE (Prop_fdre_C_Q)         0.478     3.735 r  tme_bd_i/tme_top_0/inst/grp_correlation_core_fu_1779/grp_correlation_core_Pipeline_mac_loop_fu_4536/x_2_reg_21480_reg[0]_replica_6/Q
                         net (fo=165, routed)         1.388     5.123    tme_bd_i/tme_top_0/inst/grp_correlation_core_fu_1779/grp_correlation_core_Pipeline_load_seg_fu_4034/x_2_reg_21480_reg[7]_0[0]_repN_6_alias
    SLICE_X102Y131       LUT6 (Prop_lut6_I4_O)        0.301     5.424 r  tme_bd_i/tme_top_0/inst/grp_correlation_core_fu_1779/grp_correlation_core_Pipeline_load_seg_fu_4034/p_reg_reg_i_257__3/O
                         net (fo=2, routed)           0.978     6.402    tme_bd_i/tme_top_0/inst/grp_correlation_core_fu_1779/grp_correlation_core_Pipeline_load_seg_fu_4034/p_reg_reg_i_257__3_n_2
    SLICE_X100Y133       LUT3 (Prop_lut3_I0_O)        0.153     6.555 r  tme_bd_i/tme_top_0/inst/grp_correlation_core_fu_1779/grp_correlation_core_Pipeline_load_seg_fu_4034/p_reg_reg_i_97__7/O
                         net (fo=2, routed)           0.938     7.494    tme_bd_i/tme_top_0/inst/grp_correlation_core_fu_1779/grp_correlation_core_Pipeline_load_seg_fu_4034/p_reg_reg_i_97__7_n_2
    SLICE_X89Y130        LUT6 (Prop_lut6_I5_O)        0.331     7.825 r  tme_bd_i/tme_top_0/inst/grp_correlation_core_fu_1779/grp_correlation_core_Pipeline_load_seg_fu_4034/p_reg_reg_i_26__10/O
                         net (fo=1, routed)           0.782     8.607    tme_bd_i/tme_top_0/inst/grp_correlation_core_fu_1779/grp_correlation_core_Pipeline_load_seg_fu_4034/p_reg_reg_i_26__10_n_2
    SLICE_X89Y127        LUT6 (Prop_lut6_I1_O)        0.124     8.731 r  tme_bd_i/tme_top_0/inst/grp_correlation_core_fu_1779/grp_correlation_core_Pipeline_load_seg_fu_4034/p_reg_reg_i_9__13/O
                         net (fo=1, routed)           0.000     8.731    tme_bd_i/tme_top_0/inst/grp_correlation_core_fu_1779/grp_correlation_core_Pipeline_load_seg_fu_4034/p_reg_reg_i_9__13_n_2
    SLICE_X89Y127        MUXF7 (Prop_muxf7_I0_O)      0.212     8.943 r  tme_bd_i/tme_top_0/inst/grp_correlation_core_fu_1779/grp_correlation_core_Pipeline_load_seg_fu_4034/p_reg_reg_i_1__2/O
                         net (fo=1, routed)           1.457    10.400    tme_bd_i/tme_top_0/inst/grp_correlation_core_fu_1779/grp_correlation_core_Pipeline_mac_loop_fu_4536/p_reg_reg_7[7]
    SLICE_X41Y127        FDRE                                         r  tme_bd_i/tme_top_0/inst/grp_correlation_core_fu_1779/grp_correlation_core_Pipeline_mac_loop_fu_4536/empty_43_fu_1420_reg[23]_psdsp/D
  -------------------------------------------------------------------    -------------------

                         (clock clk_fpga_0 rise edge)
                                                      8.000     8.000 r  
    PS7_X0Y0             PS7                          0.000     8.000 r  tme_bd_i/processing_system7_0/inst/PS7_i/FCLKCLK[0]
                         net (fo=1, routed)           1.088     9.088    tme_bd_i/processing_system7_0/inst/FCLK_CLK_unbuffered[0]
    BUFGCTRL_X0Y16       BUFG (Prop_bufg_I_O)         0.091     9.179 r  tme_bd_i/processing_system7_0/inst/buffer_fclk_clk_0.FCLK_CLK_0_BUFG/O
                         net (fo=19659, routed)       1.639    10.818    tme_bd_i/tme_top_0/inst/grp_correlation_core_fu_1779/grp_correlation_core_Pipeline_mac_loop_fu_4536/ap_clk
    SLICE_X41Y127        FDRE                                         r  tme_bd_i/tme_top_0/inst/grp_correlation_core_fu_1779/grp_correlation_core_Pipeline_mac_loop_fu_4536/empty_43_fu_1420_reg[23]_psdsp/C
                         clock pessimism              0.147    10.965    
                         clock uncertainty           -0.125    10.840    
    SLICE_X41Y127        FDRE (Setup_fdre_C_D)       -0.237    10.603    tme_bd_i/tme_top_0/inst/grp_correlation_core_fu_1779/grp_correlation_core_Pipeline_mac_loop_fu_4536/empty_43_fu_1420_reg[23]_psdsp
  -------------------------------------------------------------------
                         required time                         10.603    
                         arrival time                         -10.400    
  -------------------------------------------------------------------
                         slack                                  0.203    

Slack (MET) :             0.252ns  (required time - arrival time)
  Source:                 tme_bd_i/tme_top_0/inst/templ_buf_U/ram_reg_0_0/CLKBWRCLK
                            (rising edge-triggered cell RAMB36E1 clocked by clk_fpga_0  {rise@0.000ns fall@4.000ns period=8.000ns})
  Destination:            tme_bd_i/tme_top_0/inst/grp_tme_top_Pipeline_VITIS_LOOP_150_3_fu_1446/t_row_112_fu_1324_reg[0]/D
                            (rising edge-triggered cell FDRE clocked by clk_fpga_0  {rise@0.000ns fall@4.000ns period=8.000ns})
  Path Group:             clk_fpga_0
  Path Type:              Setup (Max at Slow Process Corner)
  Requirement:            8.000ns  (clk_fpga_0 rise@8.000ns - clk_fpga_0 rise@0.000ns)
  Data Path Delay:        7.497ns  (logic 2.454ns (32.733%)  route 5.043ns (67.267%))
  Logic Levels:           0  
  Clock Path Skew:        -0.059ns (DCD - SCD + CPR)
    Destination Clock Delay (DCD):    2.961ns = ( 10.961 - 8.000 ) 
    Source Clock Delay      (SCD):    3.166ns
    Clock Pessimism Removal (CPR):    0.147ns
  Clock Uncertainty:      0.125ns  ((TSJ^2 + TIJ^2)^1/2 + DJ) / 2 + PE
    Total System Jitter     (TSJ):    0.071ns
    Total Input Jitter      (TIJ):    0.240ns
    Discrete Jitter          (DJ):    0.000ns
    Phase Error              (PE):    0.000ns

    Location             Delay type                Incr(ns)  Path(ns)    Netlist Resource(s)
  -------------------------------------------------------------------    -------------------
                         (clock clk_fpga_0 rise edge)
                                                      0.000     0.000 r  
    PS7_X0Y0             PS7                          0.000     0.000 r  tme_bd_i/processing_system7_0/inst/PS7_i/FCLKCLK[0]
                         net (fo=1, routed)           1.193     1.193    tme_bd_i/processing_system7_0/inst/FCLK_CLK_unbuffered[0]
    BUFGCTRL_X0Y16       BUFG (Prop_bufg_I_O)         0.101     1.294 r  tme_bd_i/processing_system7_0/inst/buffer_fclk_clk_0.FCLK_CLK_0_BUFG/O
                         net (fo=19659, routed)       1.872     3.166    tme_bd_i/tme_top_0/inst/templ_buf_U/ap_clk
    RAMB36_X2Y24         RAMB36E1                                     r  tme_bd_i/tme_top_0/inst/templ_buf_U/ram_reg_0_0/CLKBWRCLK
  -------------------------------------------------------------------    -------------------
    RAMB36_X2Y24         RAMB36E1 (Prop_ramb36e1_CLKBWRCLK_DOBDO[0])
                                                      2.454     5.620 r  tme_bd_i/tme_top_0/inst/templ_buf_U/ram_reg_0_0/DOBDO[0]
                         net (fo=216, routed)         5.043    10.663    tme_bd_i/tme_top_0/inst/grp_tme_top_Pipeline_VITIS_LOOP_150_3_fu_1446/q0[0]
    SLICE_X99Y106        FDRE                                         r  tme_bd_i/tme_top_0/inst/grp_tme_top_Pipeline_VITIS_LOOP_150_3_fu_1446/t_row_112_fu_1324_reg[0]/D
  -------------------------------------------------------------------    -------------------

                         (clock clk_fpga_0 rise edge)
                                                      8.000     8.000 r  
    PS7_X0Y0             PS7                          0.000     8.000 r  tme_bd_i/processing_system7_0/inst/PS7_i/FCLKCLK[0]
                         net (fo=1, routed)           1.088     9.088    tme_bd_i/processing_system7_0/inst/FCLK_CLK_unbuffered[0]
    BUFGCTRL_X0Y16       BUFG (Prop_bufg_I_O)         0.091     9.179 r  tme_bd_i/processing_system7_0/inst/buffer_fclk_clk_0.FCLK_CLK_0_BUFG/O
                         net (fo=19659, routed)       1.782    10.961    tme_bd_i/tme_top_0/inst/grp_tme_top_Pipeline_VITIS_LOOP_150_3_fu_1446/ap_clk
    SLICE_X99Y106        FDRE                                         r  tme_bd_i/tme_top_0/inst/grp_tme_top_Pipeline_VITIS_LOOP_150_3_fu_1446/t_row_112_fu_1324_reg[0]/C
                         clock pessimism              0.147    11.108    
                         clock uncertainty           -0.125    10.983    
    SLICE_X99Y106        FDRE (Setup_fdre_C_D)       -0.067    10.916    tme_bd_i/tme_top_0/inst/grp_tme_top_Pipeline_VITIS_LOOP_150_3_fu_1446/t_row_112_fu_1324_reg[0]
  -------------------------------------------------------------------
                         required time                         10.916    
                         arrival time                         -10.663    
  -------------------------------------------------------------------
                         slack                                  0.252    

Slack (MET) :             0.259ns  (required time - arrival time)
  Source:                 tme_bd_i/tme_top_0/inst/templ_buf_U/ram_reg_0_0/CLKBWRCLK
                            (rising edge-triggered cell RAMB36E1 clocked by clk_fpga_0  {rise@0.000ns fall@4.000ns period=8.000ns})
  Destination:            tme_bd_i/tme_top_0/inst/grp_tme_top_Pipeline_VITIS_LOOP_150_3_fu_1446/t_row_115_fu_1312_reg[0]/D
                            (rising edge-triggered cell FDRE clocked by clk_fpga_0  {rise@0.000ns fall@4.000ns period=8.000ns})
  Path Group:             clk_fpga_0
  Path Type:              Setup (Max at Slow Process Corner)
  Requirement:            8.000ns  (clk_fpga_0 rise@8.000ns - clk_fpga_0 rise@0.000ns)
  Data Path Delay:        7.499ns  (logic 2.454ns (32.724%)  route 5.045ns (67.276%))
  Logic Levels:           0  
  Clock Path Skew:        -0.059ns (DCD - SCD + CPR)
    Destination Clock Delay (DCD):    2.961ns = ( 10.961 - 8.000 ) 
    Source Clock Delay      (SCD):    3.166ns
    Clock Pessimism Removal (CPR):    0.147ns
  Clock Uncertainty:      0.125ns  ((TSJ^2 + TIJ^2)^1/2 + DJ) / 2 + PE
    Total System Jitter     (TSJ):    0.071ns
    Total Input Jitter      (TIJ):    0.240ns
    Discrete Jitter          (DJ):    0.000ns
    Phase Error              (PE):    0.000ns

    Location             Delay type                Incr(ns)  Path(ns)    Netlist Resource(s)
  -------------------------------------------------------------------    -------------------
                         (clock clk_fpga_0 rise edge)
                                                      0.000     0.000 r  
    PS7_X0Y0             PS7                          0.000     0.000 r  tme_bd_i/processing_system7_0/inst/PS7_i/FCLKCLK[0]
                         net (fo=1, routed)           1.193     1.193    tme_bd_i/processing_system7_0/inst/FCLK_CLK_unbuffered[0]
    BUFGCTRL_X0Y16       BUFG (Prop_bufg_I_O)         0.101     1.294 r  tme_bd_i/processing_system7_0/inst/buffer_fclk_clk_0.FCLK_CLK_0_BUFG/O
                         net (fo=19659, routed)       1.872     3.166    tme_bd_i/tme_top_0/inst/templ_buf_U/ap_clk
    RAMB36_X2Y24         RAMB36E1                                     r  tme_bd_i/tme_top_0/inst/templ_buf_U/ram_reg_0_0/CLKBWRCLK
  -------------------------------------------------------------------    -------------------
    RAMB36_X2Y24         RAMB36E1 (Prop_ramb36e1_CLKBWRCLK_DOBDO[0])
                                                      2.454     5.620 r  tme_bd_i/tme_top_0/inst/templ_buf_U/ram_reg_0_0/DOBDO[0]
                         net (fo=216, routed)         5.045    10.666    tme_bd_i/tme_top_0/inst/grp_tme_top_Pipeline_VITIS_LOOP_150_3_fu_1446/q0[0]
    SLICE_X97Y106        FDRE                                         r  tme_bd_i/tme_top_0/inst/grp_tme_top_Pipeline_VITIS_LOOP_150_3_fu_1446/t_row_115_fu_1312_reg[0]/D
  -------------------------------------------------------------------    -------------------

                         (clock clk_fpga_0 rise edge)
                                                      8.000     8.000 r  
    PS7_X0Y0             PS7                          0.000     8.000 r  tme_bd_i/processing_system7_0/inst/PS7_i/FCLKCLK[0]
                         net (fo=1, routed)           1.088     9.088    tme_bd_i/processing_system7_0/inst/FCLK_CLK_unbuffered[0]
    BUFGCTRL_X0Y16       BUFG (Prop_bufg_I_O)         0.091     9.179 r  tme_bd_i/processing_system7_0/inst/buffer_fclk_clk_0.FCLK_CLK_0_BUFG/O
                         net (fo=19659, routed)       1.782    10.961    tme_bd_i/tme_top_0/inst/grp_tme_top_Pipeline_VITIS_LOOP_150_3_fu_1446/ap_clk
    SLICE_X97Y106        FDRE                                         r  tme_bd_i/tme_top_0/inst/grp_tme_top_Pipeline_VITIS_LOOP_150_3_fu_1446/t_row_115_fu_1312_reg[0]/C
                         clock pessimism              0.147    11.108    
                         clock uncertainty           -0.125    10.983    
    SLICE_X97Y106        FDRE (Setup_fdre_C_D)       -0.058    10.925    tme_bd_i/tme_top_0/inst/grp_tme_top_Pipeline_VITIS_LOOP_150_3_fu_1446/t_row_115_fu_1312_reg[0]
  -------------------------------------------------------------------
                         required time                         10.925    
                         arrival time                         -10.666    
  -------------------------------------------------------------------
                         slack                                  0.259    

Slack (MET) :             0.262ns  (required time - arrival time)
  Source:                 tme_bd_i/tme_top_0/inst/grp_correlation_core_fu_1779/grp_correlation_core_Pipeline_mac_loop_fu_4536/ap_enable_reg_pp0_iter5_reg/C
                            (rising edge-triggered cell FDRE clocked by clk_fpga_0  {rise@0.000ns fall@4.000ns period=8.000ns})
  Destination:            tme_bd_i/tme_top_0/inst/grp_correlation_core_fu_1779/grp_correlation_core_Pipeline_mac_loop_fu_4536/mac_muladd_8ns_8ns_24s_24_4_1_U816/tme_top_mac_muladd_8ns_8ns_24s_24_4_1_DSP48_0_U/p_reg_reg/OPMODE[4]
                            (rising edge-triggered cell DSP48E1 clocked by clk_fpga_0  {rise@0.000ns fall@4.000ns period=8.000ns})
  Path Group:             clk_fpga_0
  Path Type:              Setup (Max at Slow Process Corner)
  Requirement:            8.000ns  (clk_fpga_0 rise@8.000ns - clk_fpga_0 rise@0.000ns)
  Data Path Delay:        5.447ns  (logic 0.456ns (8.371%)  route 4.991ns (91.629%))
  Logic Levels:           0  
  Clock Path Skew:        0.044ns (DCD - SCD + CPR)
    Destination Clock Delay (DCD):    2.924ns = ( 10.924 - 8.000 ) 
    Source Clock Delay      (SCD):    3.009ns
    Clock Pessimism Removal (CPR):    0.129ns
  Clock Uncertainty:      0.125ns  ((TSJ^2 + TIJ^2)^1/2 + DJ) / 2 + PE
    Total System Jitter     (TSJ):    0.071ns
    Total Input Jitter      (TIJ):    0.240ns
    Discrete Jitter          (DJ):    0.000ns
    Phase Error              (PE):    0.000ns

    Location             Delay type                Incr(ns)  Path(ns)    Netlist Resource(s)
  -------------------------------------------------------------------    -------------------
                         (clock clk_fpga_0 rise edge)
                                                      0.000     0.000 r  
    PS7_X0Y0             PS7                          0.000     0.000 r  tme_bd_i/processing_system7_0/inst/PS7_i/FCLKCLK[0]
                         net (fo=1, routed)           1.193     1.193    tme_bd_i/processing_system7_0/inst/FCLK_CLK_unbuffered[0]
    BUFGCTRL_X0Y16       BUFG (Prop_bufg_I_O)         0.101     1.294 r  tme_bd_i/processing_system7_0/inst/buffer_fclk_clk_0.FCLK_CLK_0_BUFG/O
                         net (fo=19659, routed)       1.715     3.009    tme_bd_i/tme_top_0/inst/grp_correlation_core_fu_1779/grp_correlation_core_Pipeline_mac_loop_fu_4536/ap_clk
    SLICE_X63Y98         FDRE                                         r  tme_bd_i/tme_top_0/inst/grp_correlation_core_fu_1779/grp_correlation_core_Pipeline_mac_loop_fu_4536/ap_enable_reg_pp0_iter5_reg/C
  -------------------------------------------------------------------    -------------------
    SLICE_X63Y98         FDRE (Prop_fdre_C_Q)         0.456     3.465 f  tme_bd_i/tme_top_0/inst/grp_correlation_core_fu_1779/grp_correlation_core_Pipeline_mac_loop_fu_4536/ap_enable_reg_pp0_iter5_reg/Q
                         net (fo=416, routed)         4.991     8.456    tme_bd_i/tme_top_0/inst/grp_correlation_core_fu_1779/grp_correlation_core_Pipeline_mac_loop_fu_4536/mac_muladd_8ns_8ns_24s_24_4_1_U816/tme_top_mac_muladd_8ns_8ns_24s_24_4_1_DSP48_0_U/OPMODE[0]
    DSP48_X2Y40          DSP48E1                                      r  tme_bd_i/tme_top_0/inst/grp_correlation_core_fu_1779/grp_correlation_core_Pipeline_mac_loop_fu_4536/mac_muladd_8ns_8ns_24s_24_4_1_U816/tme_top_mac_muladd_8ns_8ns_24s_24_4_1_DSP48_0_U/p_reg_reg/OPMODE[4]  (IS_INVERTED)
  -------------------------------------------------------------------    -------------------

                         (clock clk_fpga_0 rise edge)
                                                      8.000     8.000 r  
    PS7_X0Y0             PS7                          0.000     8.000 r  tme_bd_i/processing_system7_0/inst/PS7_i/FCLKCLK[0]
                         net (fo=1, routed)           1.088     9.088    tme_bd_i/processing_system7_0/inst/FCLK_CLK_unbuffered[0]
    BUFGCTRL_X0Y16       BUFG (Prop_bufg_I_O)         0.091     9.179 r  tme_bd_i/processing_system7_0/inst/buffer_fclk_clk_0.FCLK_CLK_0_BUFG/O
                         net (fo=19659, routed)       1.745    10.924    tme_bd_i/tme_top_0/inst/grp_correlation_core_fu_1779/grp_correlation_core_Pipeline_mac_loop_fu_4536/mac_muladd_8ns_8ns_24s_24_4_1_U816/tme_top_mac_muladd_8ns_8ns_24s_24_4_1_DSP48_0_U/ap_clk
    DSP48_X2Y40          DSP48E1                                      r  tme_bd_i/tme_top_0/inst/grp_correlation_core_fu_1779/grp_correlation_core_Pipeline_mac_loop_fu_4536/mac_muladd_8ns_8ns_24s_24_4_1_U816/tme_top_mac_muladd_8ns_8ns_24s_24_4_1_DSP48_0_U/p_reg_reg/CLK
                         clock pessimism              0.129    11.053    
                         clock uncertainty           -0.125    10.928    
    DSP48_X2Y40          DSP48E1 (Setup_dsp48e1_CLK_OPMODE[4])
                                                     -2.209     8.719    tme_bd_i/tme_top_0/inst/grp_correlation_core_fu_1779/grp_correlation_core_Pipeline_mac_loop_fu_4536/mac_muladd_8ns_8ns_24s_24_4_1_U816/tme_top_mac_muladd_8ns_8ns_24s_24_4_1_DSP48_0_U/p_reg_reg
  -------------------------------------------------------------------
                         required time                          8.719    
                         arrival time                          -8.456    
  -------------------------------------------------------------------
                         slack                                  0.262    

Slack (MET) :             0.265ns  (required time - arrival time)
  Source:                 tme_bd_i/tme_top_0/inst/grp_correlation_core_fu_1779/grp_correlation_core_Pipeline_mac_loop_fu_4536/x_2_reg_21480_reg[0]_replica_6/C
                            (rising edge-triggered cell FDRE clocked by clk_fpga_0  {rise@0.000ns fall@4.000ns period=8.000ns})
  Destination:            tme_bd_i/tme_top_0/inst/grp_correlation_core_fu_1779/grp_correlation_core_Pipeline_mac_loop_fu_4536/empty_41_fu_1412_reg[23]_psdsp_6/D
                            (rising edge-triggered cell FDRE clocked by clk_fpga_0  {rise@0.000ns fall@4.000ns period=8.000ns})
  Path Group:             clk_fpga_0
  Path Type:              Setup (Max at Slow Process Corner)
  Requirement:            8.000ns  (clk_fpga_0 rise@8.000ns - clk_fpga_0 rise@0.000ns)
  Data Path Delay:        7.215ns  (logic 1.392ns (19.294%)  route 5.823ns (80.706%))
  Logic Levels:           5  (LUT5=1 LUT6=3 MUXF7=1)
  Clock Path Skew:        -0.190ns (DCD - SCD + CPR)
    Destination Clock Delay (DCD):    2.820ns = ( 10.820 - 8.000 ) 
    Source Clock Delay      (SCD):    3.257ns
    Clock Pessimism Removal (CPR):    0.247ns
  Clock Uncertainty:      0.125ns  ((TSJ^2 + TIJ^2)^1/2 + DJ) / 2 + PE
    Total System Jitter     (TSJ):    0.071ns
    Total Input Jitter      (TIJ):    0.240ns
    Discrete Jitter          (DJ):    0.000ns
    Phase Error              (PE):    0.000ns

    Location             Delay type                Incr(ns)  Path(ns)    Netlist Resource(s)
  -------------------------------------------------------------------    -------------------
                         (clock clk_fpga_0 rise edge)
                                                      0.000     0.000 r  
    PS7_X0Y0             PS7                          0.000     0.000 r  tme_bd_i/processing_system7_0/inst/PS7_i/FCLKCLK[0]
                         net (fo=1, routed)           1.193     1.193    tme_bd_i/processing_system7_0/inst/FCLK_CLK_unbuffered[0]
    BUFGCTRL_X0Y16       BUFG (Prop_bufg_I_O)         0.101     1.294 r  tme_bd_i/processing_system7_0/inst/buffer_fclk_clk_0.FCLK_CLK_0_BUFG/O
                         net (fo=19659, routed)       1.963     3.257    tme_bd_i/tme_top_0/inst/grp_correlation_core_fu_1779/grp_correlation_core_Pipeline_mac_loop_fu_4536/ap_clk
    SLICE_X100Y121       FDRE                                         r  tme_bd_i/tme_top_0/inst/grp_correlation_core_fu_1779/grp_correlation_core_Pipeline_mac_loop_fu_4536/x_2_reg_21480_reg[0]_replica_6/C
  -------------------------------------------------------------------    -------------------
    SLICE_X100Y121       FDRE (Prop_fdre_C_Q)         0.478     3.735 r  tme_bd_i/tme_top_0/inst/grp_correlation_core_fu_1779/grp_correlation_core_Pipeline_mac_loop_fu_4536/x_2_reg_21480_reg[0]_replica_6/Q
                         net (fo=165, routed)         1.415     5.150    tme_bd_i/tme_top_0/inst/grp_correlation_core_fu_1779/grp_correlation_core_Pipeline_load_seg_fu_4034/x_2_reg_21480_reg[7]_0[0]_repN_6_alias
    SLICE_X110Y127       LUT6 (Prop_lut6_I4_O)        0.301     5.451 r  tme_bd_i/tme_top_0/inst/grp_correlation_core_fu_1779/grp_correlation_core_Pipeline_load_seg_fu_4034/p_reg_reg_i_143__10/O
                         net (fo=2, routed)           1.738     7.189    tme_bd_i/tme_top_0/inst/grp_correlation_core_fu_1779/grp_correlation_core_Pipeline_load_seg_fu_4034/p_reg_reg_i_143__10_n_2
    SLICE_X93Y118        LUT6 (Prop_lut6_I5_O)        0.124     7.313 r  tme_bd_i/tme_top_0/inst/grp_correlation_core_fu_1779/grp_correlation_core_Pipeline_load_seg_fu_4034/p_reg_reg_i_105__11/O
                         net (fo=1, routed)           0.439     7.752    tme_bd_i/tme_top_0/inst/grp_correlation_core_fu_1779/grp_correlation_core_Pipeline_load_seg_fu_4034/p_reg_reg_i_105__11_n_2
    SLICE_X91Y116        LUT5 (Prop_lut5_I4_O)        0.124     7.876 r  tme_bd_i/tme_top_0/inst/grp_correlation_core_fu_1779/grp_correlation_core_Pipeline_load_seg_fu_4034/p_reg_reg_i_70__10/O
                         net (fo=1, routed)           1.547     9.423    tme_bd_i/tme_top_0/inst/grp_correlation_core_fu_1779/grp_correlation_core_Pipeline_load_seg_fu_4034/p_reg_reg_i_70__10_n_2
    SLICE_X50Y111        LUT6 (Prop_lut6_I5_O)        0.124     9.547 r  tme_bd_i/tme_top_0/inst/grp_correlation_core_fu_1779/grp_correlation_core_Pipeline_load_seg_fu_4034/p_reg_reg_i_21__8/O
                         net (fo=1, routed)           0.000     9.547    tme_bd_i/tme_top_0/inst/grp_correlation_core_fu_1779/grp_correlation_core_Pipeline_load_seg_fu_4034/p_reg_reg_i_21__8_n_2
    SLICE_X50Y111        MUXF7 (Prop_muxf7_I0_O)      0.241     9.788 r  tme_bd_i/tme_top_0/inst/grp_correlation_core_fu_1779/grp_correlation_core_Pipeline_load_seg_fu_4034/p_reg_reg_i_7__1/O
                         net (fo=1, routed)           0.684    10.472    tme_bd_i/tme_top_0/inst/grp_correlation_core_fu_1779/grp_correlation_core_Pipeline_mac_loop_fu_4536/p_reg_reg_9[1]
    SLICE_X50Y102        FDRE                                         r  tme_bd_i/tme_top_0/inst/grp_correlation_core_fu_1779/grp_correlation_core_Pipeline_mac_loop_fu_4536/empty_41_fu_1412_reg[23]_psdsp_6/D
  -------------------------------------------------------------------    -------------------

                         (clock clk_fpga_0 rise edge)
                                                      8.000     8.000 r  
    PS7_X0Y0             PS7                          0.000     8.000 r  tme_bd_i/processing_system7_0/inst/PS7_i/FCLKCLK[0]
                         net (fo=1, routed)           1.088     9.088    tme_bd_i/processing_system7_0/inst/FCLK_CLK_unbuffered[0]
    BUFGCTRL_X0Y16       BUFG (Prop_bufg_I_O)         0.091     9.179 r  tme_bd_i/processing_system7_0/inst/buffer_fclk_clk_0.FCLK_CLK_0_BUFG/O
                         net (fo=19659, routed)       1.641    10.820    tme_bd_i/tme_top_0/inst/grp_correlation_core_fu_1779/grp_correlation_core_Pipeline_mac_loop_fu_4536/ap_clk
    SLICE_X50Y102        FDRE                                         r  tme_bd_i/tme_top_0/inst/grp_correlation_core_fu_1779/grp_correlation_core_Pipeline_mac_loop_fu_4536/empty_41_fu_1412_reg[23]_psdsp_6/C
                         clock pessimism              0.247    11.067    
                         clock uncertainty           -0.125    10.942    
    SLICE_X50Y102        FDRE (Setup_fdre_C_D)       -0.205    10.737    tme_bd_i/tme_top_0/inst/grp_correlation_core_fu_1779/grp_correlation_core_Pipeline_mac_loop_fu_4536/empty_41_fu_1412_reg[23]_psdsp_6
  -------------------------------------------------------------------
                         required time                         10.737    
                         arrival time                         -10.472    
  -------------------------------------------------------------------
                         slack                                  0.265    

Slack (MET) :             0.266ns  (required time - arrival time)
  Source:                 tme_bd_i/tme_top_0/inst/grp_correlation_core_fu_1779/grp_correlation_core_Pipeline_mac_loop_fu_4536/x_2_reg_21480_reg[2]/C
                            (rising edge-triggered cell FDRE clocked by clk_fpga_0  {rise@0.000ns fall@4.000ns period=8.000ns})
  Destination:            tme_bd_i/tme_top_0/inst/grp_tme_top_Pipeline_VITIS_LOOP_150_3_fu_1446/p_reg_reg_i_8__14_psdsp_1/D
                            (rising edge-triggered cell FDRE clocked by clk_fpga_0  {rise@0.000ns fall@4.000ns period=8.000ns})
  Path Group:             clk_fpga_0
  Path Type:              Setup (Max at Slow Process Corner)
  Requirement:            8.000ns  (clk_fpga_0 rise@8.000ns - clk_fpga_0 rise@0.000ns)
  Data Path Delay:        7.281ns  (logic 1.773ns (24.349%)  route 5.508ns (75.651%))
  Logic Levels:           5  (LUT5=1 LUT6=1 MUXF7=2 MUXF8=1)
  Clock Path Skew:        -0.232ns (DCD - SCD + CPR)
    Destination Clock Delay (DCD):    2.820ns = ( 10.820 - 8.000 ) 
    Source Clock Delay      (SCD):    3.199ns
    Clock Pessimism Removal (CPR):    0.147ns
  Clock Uncertainty:      0.125ns  ((TSJ^2 + TIJ^2)^1/2 + DJ) / 2 + PE
    Total System Jitter     (TSJ):    0.071ns
    Total Input Jitter      (TIJ):    0.240ns
    Discrete Jitter          (DJ):    0.000ns
    Phase Error              (PE):    0.000ns

    Location             Delay type                Incr(ns)  Path(ns)    Netlist Resource(s)
  -------------------------------------------------------------------    -------------------
                         (clock clk_fpga_0 rise edge)
                                                      0.000     0.000 r  
    PS7_X0Y0             PS7                          0.000     0.000 r  tme_bd_i/processing_system7_0/inst/PS7_i/FCLKCLK[0]
                         net (fo=1, routed)           1.193     1.193    tme_bd_i/processing_system7_0/inst/FCLK_CLK_unbuffered[0]
    BUFGCTRL_X0Y16       BUFG (Prop_bufg_I_O)         0.101     1.294 r  tme_bd_i/processing_system7_0/inst/buffer_fclk_clk_0.FCLK_CLK_0_BUFG/O
                         net (fo=19659, routed)       1.905     3.199    tme_bd_i/tme_top_0/inst/grp_correlation_core_fu_1779/grp_correlation_core_Pipeline_mac_loop_fu_4536/ap_clk
    SLICE_X82Y116        FDRE                                         r  tme_bd_i/tme_top_0/inst/grp_correlation_core_fu_1779/grp_correlation_core_Pipeline_mac_loop_fu_4536/x_2_reg_21480_reg[2]/C
  -------------------------------------------------------------------    -------------------
    SLICE_X82Y116        FDRE (Prop_fdre_C_Q)         0.518     3.717 r  tme_bd_i/tme_top_0/inst/grp_correlation_core_fu_1779/grp_correlation_core_Pipeline_mac_loop_fu_4536/x_2_reg_21480_reg[2]/Q
                         net (fo=129, routed)         1.405     5.122    tme_bd_i/tme_top_0/inst/grp_tme_top_Pipeline_VITIS_LOOP_150_3_fu_1446/p_reg_reg_0[2]
    SLICE_X84Y136        MUXF7 (Prop_muxf7_S_O)       0.296     5.418 r  tme_bd_i/tme_top_0/inst/grp_tme_top_Pipeline_VITIS_LOOP_150_3_fu_1446/p_reg_reg_i_752/O
                         net (fo=1, routed)           0.000     5.418    tme_bd_i/tme_top_0/inst/grp_tme_top_Pipeline_VITIS_LOOP_150_3_fu_1446/p_reg_reg_i_752_n_2
    SLICE_X84Y136        MUXF8 (Prop_muxf8_I0_O)      0.104     5.522 r  tme_bd_i/tme_top_0/inst/grp_tme_top_Pipeline_VITIS_LOOP_150_3_fu_1446/p_reg_reg_i_318__2/O
                         net (fo=1, routed)           1.555     7.077    tme_bd_i/tme_top_0/inst/grp_tme_top_Pipeline_VITIS_LOOP_150_3_fu_1446/p_reg_reg_i_318__2_n_2
    SLICE_X90Y112        LUT6 (Prop_lut6_I3_O)        0.316     7.393 r  tme_bd_i/tme_top_0/inst/grp_tme_top_Pipeline_VITIS_LOOP_150_3_fu_1446/p_reg_reg_i_114__14/O
                         net (fo=1, routed)           0.000     7.393    tme_bd_i/tme_top_0/inst/grp_tme_top_Pipeline_VITIS_LOOP_150_3_fu_1446/p_reg_reg_i_114__14_n_2
    SLICE_X90Y112        MUXF7 (Prop_muxf7_I0_O)      0.241     7.634 r  tme_bd_i/tme_top_0/inst/grp_tme_top_Pipeline_VITIS_LOOP_150_3_fu_1446/p_reg_reg_i_42__14/O
                         net (fo=1, routed)           0.776     8.410    tme_bd_i/tme_top_0/inst/grp_tme_top_Pipeline_VITIS_LOOP_150_3_fu_1446/p_reg_reg_i_42__14_n_2
    SLICE_X81Y106        LUT5 (Prop_lut5_I4_O)        0.298     8.708 r  tme_bd_i/tme_top_0/inst/grp_tme_top_Pipeline_VITIS_LOOP_150_3_fu_1446/p_reg_reg_i_8__14/O
                         net (fo=16, routed)          1.772    10.480    tme_bd_i/tme_top_0/inst/grp_tme_top_Pipeline_VITIS_LOOP_150_3_fu_1446/B[0]
    SLICE_X37Y121        FDRE                                         r  tme_bd_i/tme_top_0/inst/grp_tme_top_Pipeline_VITIS_LOOP_150_3_fu_1446/p_reg_reg_i_8__14_psdsp_1/D
  -------------------------------------------------------------------    -------------------

                         (clock clk_fpga_0 rise edge)
                                                      8.000     8.000 r  
    PS7_X0Y0             PS7                          0.000     8.000 r  tme_bd_i/processing_system7_0/inst/PS7_i/FCLKCLK[0]
                         net (fo=1, routed)           1.088     9.088    tme_bd_i/processing_system7_0/inst/FCLK_CLK_unbuffered[0]
    BUFGCTRL_X0Y16       BUFG (Prop_bufg_I_O)         0.091     9.179 r  tme_bd_i/processing_system7_0/inst/buffer_fclk_clk_0.FCLK_CLK_0_BUFG/O
                         net (fo=19659, routed)       1.641    10.820    tme_bd_i/tme_top_0/inst/grp_tme_top_Pipeline_VITIS_LOOP_150_3_fu_1446/ap_clk
    SLICE_X37Y121        FDRE                                         r  tme_bd_i/tme_top_0/inst/grp_tme_top_Pipeline_VITIS_LOOP_150_3_fu_1446/p_reg_reg_i_8__14_psdsp_1/C
                         clock pessimism              0.147    10.967    
                         clock uncertainty           -0.125    10.842    
    SLICE_X37Y121        FDRE (Setup_fdre_C_D)       -0.095    10.747    tme_bd_i/tme_top_0/inst/grp_tme_top_Pipeline_VITIS_LOOP_150_3_fu_1446/p_reg_reg_i_8__14_psdsp_1
  -------------------------------------------------------------------
                         required time                         10.747    
                         arrival time                         -10.480    
  -------------------------------------------------------------------
                         slack                                  0.266    

Slack (MET) :             0.268ns  (required time - arrival time)
  Source:                 tme_bd_i/tme_top_0/inst/grp_correlation_core_fu_1779/grp_correlation_core_Pipeline_mac_loop_fu_4536/x_2_reg_21480_reg[1]_replica_11/C
                            (rising edge-triggered cell FDRE clocked by clk_fpga_0  {rise@0.000ns fall@4.000ns period=8.000ns})
  Destination:            tme_bd_i/tme_top_0/inst/grp_correlation_core_fu_1779/grp_correlation_core_Pipeline_mac_loop_fu_4536/empty_50_fu_1448_reg[23]_psdsp_3/D
                            (rising edge-triggered cell FDRE clocked by clk_fpga_0  {rise@0.000ns fall@4.000ns period=8.000ns})
  Path Group:             clk_fpga_0
  Path Type:              Setup (Max at Slow Process Corner)
  Requirement:            8.000ns  (clk_fpga_0 rise@8.000ns - clk_fpga_0 rise@0.000ns)
  Data Path Delay:        7.328ns  (logic 1.390ns (18.967%)  route 5.938ns (81.033%))
  Logic Levels:           5  (LUT3=1 LUT6=3 MUXF7=1)
  Clock Path Skew:        -0.061ns (DCD - SCD + CPR)
    Destination Clock Delay (DCD):    2.882ns = ( 10.882 - 8.000 ) 
    Source Clock Delay      (SCD):    3.190ns
    Clock Pessimism Removal (CPR):    0.247ns
  Clock Uncertainty:      0.125ns  ((TSJ^2 + TIJ^2)^1/2 + DJ) / 2 + PE
    Total System Jitter     (TSJ):    0.071ns
    Total Input Jitter      (TIJ):    0.240ns
    Discrete Jitter          (DJ):    0.000ns
    Phase Error              (PE):    0.000ns

    Location             Delay type                Incr(ns)  Path(ns)    Netlist Resource(s)
  -------------------------------------------------------------------    -------------------
                         (clock clk_fpga_0 rise edge)
                                                      0.000     0.000 r  
    PS7_X0Y0             PS7                          0.000     0.000 r  tme_bd_i/processing_system7_0/inst/PS7_i/FCLKCLK[0]
                         net (fo=1, routed)           1.193     1.193    tme_bd_i/processing_system7_0/inst/FCLK_CLK_unbuffered[0]
    BUFGCTRL_X0Y16       BUFG (Prop_bufg_I_O)         0.101     1.294 r  tme_bd_i/processing_system7_0/inst/buffer_fclk_clk_0.FCLK_CLK_0_BUFG/O
                         net (fo=19659, routed)       1.896     3.190    tme_bd_i/tme_top_0/inst/grp_correlation_core_fu_1779/grp_correlation_core_Pipeline_mac_loop_fu_4536/ap_clk
    SLICE_X88Y126        FDRE                                         r  tme_bd_i/tme_top_0/inst/grp_correlation_core_fu_1779/grp_correlation_core_Pipeline_mac_loop_fu_4536/x_2_reg_21480_reg[1]_replica_11/C
  -------------------------------------------------------------------    -------------------
    SLICE_X88Y126        FDRE (Prop_fdre_C_Q)         0.456     3.646 r  tme_bd_i/tme_top_0/inst/grp_correlation_core_fu_1779/grp_correlation_core_Pipeline_mac_loop_fu_4536/x_2_reg_21480_reg[1]_replica_11/Q
                         net (fo=158, routed)         2.112     5.758    tme_bd_i/tme_top_0/inst/grp_correlation_core_fu_1779/grp_correlation_core_Pipeline_load_seg_fu_4034/x_2_reg_21480_reg[7]_0[1]_repN_11_alias
    SLICE_X64Y117        LUT6 (Prop_lut6_I2_O)        0.124     5.882 r  tme_bd_i/tme_top_0/inst/grp_correlation_core_fu_1779/grp_correlation_core_Pipeline_load_seg_fu_4034/p_reg_reg_i_373__0/O
                         net (fo=2, routed)           1.120     7.003    tme_bd_i/tme_top_0/inst/grp_correlation_core_fu_1779/grp_correlation_core_Pipeline_load_seg_fu_4034/p_reg_reg_i_373__0_n_2
    SLICE_X82Y118        LUT3 (Prop_lut3_I0_O)        0.146     7.149 r  tme_bd_i/tme_top_0/inst/grp_correlation_core_fu_1779/grp_correlation_core_Pipeline_load_seg_fu_4034/p_reg_reg_i_158/O
                         net (fo=2, routed)           1.280     8.429    tme_bd_i/tme_top_0/inst/grp_correlation_core_fu_1779/grp_correlation_core_Pipeline_load_seg_fu_4034/p_reg_reg_i_158_n_2
    SLICE_X84Y107        LUT6 (Prop_lut6_I0_O)        0.328     8.757 r  tme_bd_i/tme_top_0/inst/grp_correlation_core_fu_1779/grp_correlation_core_Pipeline_load_seg_fu_4034/p_reg_reg_i_52__0/O
                         net (fo=1, routed)           0.944     9.701    tme_bd_i/tme_top_0/inst/grp_correlation_core_fu_1779/grp_correlation_core_Pipeline_load_seg_fu_4034/p_reg_reg_i_52__0_n_2
    SLICE_X84Y124        LUT6 (Prop_lut6_I5_O)        0.124     9.825 r  tme_bd_i/tme_top_0/inst/grp_correlation_core_fu_1779/grp_correlation_core_Pipeline_load_seg_fu_4034/p_reg_reg_i_15__3/O
                         net (fo=1, routed)           0.000     9.825    tme_bd_i/tme_top_0/inst/grp_correlation_core_fu_1779/grp_correlation_core_Pipeline_load_seg_fu_4034/p_reg_reg_i_15__3_n_2
    SLICE_X84Y124        MUXF7 (Prop_muxf7_I0_O)      0.212    10.037 r  tme_bd_i/tme_top_0/inst/grp_correlation_core_fu_1779/grp_correlation_core_Pipeline_load_seg_fu_4034/p_reg_reg_i_4__7/O
                         net (fo=1, routed)           0.482    10.518    tme_bd_i/tme_top_0/inst/grp_correlation_core_fu_1779/grp_correlation_core_Pipeline_mac_loop_fu_4536/p_reg_reg_0[4]
    SLICE_X83Y124        FDRE                                         r  tme_bd_i/tme_top_0/inst/grp_correlation_core_fu_1779/grp_correlation_core_Pipeline_mac_loop_fu_4536/empty_50_fu_1448_reg[23]_psdsp_3/D
  -------------------------------------------------------------------    -------------------

                         (clock clk_fpga_0 rise edge)
                                                      8.000     8.000 r  
    PS7_X0Y0             PS7                          0.000     8.000 r  tme_bd_i/processing_system7_0/inst/PS7_i/FCLKCLK[0]
                         net (fo=1, routed)           1.088     9.088    tme_bd_i/processing_system7_0/inst/FCLK_CLK_unbuffered[0]
    BUFGCTRL_X0Y16       BUFG (Prop_bufg_I_O)         0.091     9.179 r  tme_bd_i/processing_system7_0/inst/buffer_fclk_clk_0.FCLK_CLK_0_BUFG/O
                         net (fo=19659, routed)       1.703    10.882    tme_bd_i/tme_top_0/inst/grp_correlation_core_fu_1779/grp_correlation_core_Pipeline_mac_loop_fu_4536/ap_clk
    SLICE_X83Y124        FDRE                                         r  tme_bd_i/tme_top_0/inst/grp_correlation_core_fu_1779/grp_correlation_core_Pipeline_mac_loop_fu_4536/empty_50_fu_1448_reg[23]_psdsp_3/C
                         clock pessimism              0.247    11.129    
                         clock uncertainty           -0.125    11.004    
    SLICE_X83Y124        FDRE (Setup_fdre_C_D)       -0.218    10.786    tme_bd_i/tme_top_0/inst/grp_correlation_core_fu_1779/grp_correlation_core_Pipeline_mac_loop_fu_4536/empty_50_fu_1448_reg[23]_psdsp_3
  -------------------------------------------------------------------
                         required time                         10.786    
                         arrival time                         -10.518    
  -------------------------------------------------------------------
                         slack                                  0.268    

Slack (MET) :             0.298ns  (required time - arrival time)
  Source:                 tme_bd_i/tme_top_0/inst/grp_correlation_core_fu_1779/grp_correlation_core_Pipeline_mac_loop_fu_4536/ap_enable_reg_pp0_iter5_reg/C
                            (rising edge-triggered cell FDRE clocked by clk_fpga_0  {rise@0.000ns fall@4.000ns period=8.000ns})
  Destination:            tme_bd_i/tme_top_0/inst/grp_correlation_core_fu_1779/grp_correlation_core_Pipeline_mac_loop_fu_4536/mac_muladd_8ns_8ns_24s_24_4_1_U813/tme_top_mac_muladd_8ns_8ns_24s_24_4_1_DSP48_0_U/p_reg_reg/OPMODE[4]
                            (rising edge-triggered cell DSP48E1 clocked by clk_fpga_0  {rise@0.000ns fall@4.000ns period=8.000ns})
  Path Group:             clk_fpga_0
  Path Type:              Setup (Max at Slow Process Corner)
  Requirement:            8.000ns  (clk_fpga_0 rise@8.000ns - clk_fpga_0 rise@0.000ns)
  Data Path Delay:        5.236ns  (logic 0.456ns (8.709%)  route 4.780ns (91.291%))
  Logic Levels:           0  
  Clock Path Skew:        -0.132ns (DCD - SCD + CPR)
    Destination Clock Delay (DCD):    2.748ns = ( 10.748 - 8.000 ) 
    Source Clock Delay      (SCD):    3.009ns
    Clock Pessimism Removal (CPR):    0.129ns
  Clock Uncertainty:      0.125ns  ((TSJ^2 + TIJ^2)^1/2 + DJ) / 2 + PE
    Total System Jitter     (TSJ):    0.071ns
    Total Input Jitter      (TIJ):    0.240ns
    Discrete Jitter          (DJ):    0.000ns
    Phase Error              (PE):    0.000ns

    Location             Delay type                Incr(ns)  Path(ns)    Netlist Resource(s)
  -------------------------------------------------------------------    -------------------
                         (clock clk_fpga_0 rise edge)
                                                      0.000     0.000 r  
    PS7_X0Y0             PS7                          0.000     0.000 r  tme_bd_i/processing_system7_0/inst/PS7_i/FCLKCLK[0]
                         net (fo=1, routed)           1.193     1.193    tme_bd_i/processing_system7_0/inst/FCLK_CLK_unbuffered[0]
    BUFGCTRL_X0Y16       BUFG (Prop_bufg_I_O)         0.101     1.294 r  tme_bd_i/processing_system7_0/inst/buffer_fclk_clk_0.FCLK_CLK_0_BUFG/O
                         net (fo=19659, routed)       1.715     3.009    tme_bd_i/tme_top_0/inst/grp_correlation_core_fu_1779/grp_correlation_core_Pipeline_mac_loop_fu_4536/ap_clk
    SLICE_X63Y98         FDRE                                         r  tme_bd_i/tme_top_0/inst/grp_correlation_core_fu_1779/grp_correlation_core_Pipeline_mac_loop_fu_4536/ap_enable_reg_pp0_iter5_reg/C
  -------------------------------------------------------------------    -------------------
    SLICE_X63Y98         FDRE (Prop_fdre_C_Q)         0.456     3.465 f  tme_bd_i/tme_top_0/inst/grp_correlation_core_fu_1779/grp_correlation_core_Pipeline_mac_loop_fu_4536/ap_enable_reg_pp0_iter5_reg/Q
                         net (fo=416, routed)         4.780     8.245    tme_bd_i/tme_top_0/inst/grp_correlation_core_fu_1779/grp_correlation_core_Pipeline_mac_loop_fu_4536/mac_muladd_8ns_8ns_24s_24_4_1_U813/tme_top_mac_muladd_8ns_8ns_24s_24_4_1_DSP48_0_U/OPMODE[0]
    DSP48_X2Y38          DSP48E1                                      r  tme_bd_i/tme_top_0/inst/grp_correlation_core_fu_1779/grp_correlation_core_Pipeline_mac_loop_fu_4536/mac_muladd_8ns_8ns_24s_24_4_1_U813/tme_top_mac_muladd_8ns_8ns_24s_24_4_1_DSP48_0_U/p_reg_reg/OPMODE[4]  (IS_INVERTED)
  -------------------------------------------------------------------    -------------------

                         (clock clk_fpga_0 rise edge)
                                                      8.000     8.000 r  
    PS7_X0Y0             PS7                          0.000     8.000 r  tme_bd_i/processing_system7_0/inst/PS7_i/FCLKCLK[0]
                         net (fo=1, routed)           1.088     9.088    tme_bd_i/processing_system7_0/inst/FCLK_CLK_unbuffered[0]
    BUFGCTRL_X0Y16       BUFG (Prop_bufg_I_O)         0.091     9.179 r  tme_bd_i/processing_system7_0/inst/buffer_fclk_clk_0.FCLK_CLK_0_BUFG/O
                         net (fo=19659, routed)       1.569    10.748    tme_bd_i/tme_top_0/inst/grp_correlation_core_fu_1779/grp_correlation_core_Pipeline_mac_loop_fu_4536/mac_muladd_8ns_8ns_24s_24_4_1_U813/tme_top_mac_muladd_8ns_8ns_24s_24_4_1_DSP48_0_U/ap_clk
    DSP48_X2Y38          DSP48E1                                      r  tme_bd_i/tme_top_0/inst/grp_correlation_core_fu_1779/grp_correlation_core_Pipeline_mac_loop_fu_4536/mac_muladd_8ns_8ns_24s_24_4_1_U813/tme_top_mac_muladd_8ns_8ns_24s_24_4_1_DSP48_0_U/p_reg_reg/CLK
                         clock pessimism              0.129    10.877    
                         clock uncertainty           -0.125    10.752    
    DSP48_X2Y38          DSP48E1 (Setup_dsp48e1_CLK_OPMODE[4])
                                                     -2.209     8.543    tme_bd_i/tme_top_0/inst/grp_correlation_core_fu_1779/grp_correlation_core_Pipeline_mac_loop_fu_4536/mac_muladd_8ns_8ns_24s_24_4_1_U813/tme_top_mac_muladd_8ns_8ns_24s_24_4_1_DSP48_0_U/p_reg_reg
  -------------------------------------------------------------------
                         required time                          8.543    
                         arrival time                          -8.245    
  -------------------------------------------------------------------
                         slack                                  0.298    

Slack (MET) :             0.305ns  (required time - arrival time)
  Source:                 tme_bd_i/tme_top_0/inst/templ_buf_U/ram_reg_0_0/CLKBWRCLK
                            (rising edge-triggered cell RAMB36E1 clocked by clk_fpga_0  {rise@0.000ns fall@4.000ns period=8.000ns})
  Destination:            tme_bd_i/tme_top_0/inst/grp_tme_top_Pipeline_VITIS_LOOP_150_3_fu_1446/t_row_8_fu_1740_reg[0]/D
                            (rising edge-triggered cell FDRE clocked by clk_fpga_0  {rise@0.000ns fall@4.000ns period=8.000ns})
  Path Group:             clk_fpga_0
  Path Type:              Setup (Max at Slow Process Corner)
  Requirement:            8.000ns  (clk_fpga_0 rise@8.000ns - clk_fpga_0 rise@0.000ns)
  Data Path Delay:        7.477ns  (logic 2.454ns (32.822%)  route 5.023ns (67.178%))
  Logic Levels:           0  
  Clock Path Skew:        0.002ns (DCD - SCD + CPR)
    Destination Clock Delay (DCD):    3.022ns = ( 11.022 - 8.000 ) 
    Source Clock Delay      (SCD):    3.166ns
    Clock Pessimism Removal (CPR):    0.147ns
  Clock Uncertainty:      0.125ns  ((TSJ^2 + TIJ^2)^1/2 + DJ) / 2 + PE
    Total System Jitter     (TSJ):    0.071ns
    Total Input Jitter      (TIJ):    0.240ns
    Discrete Jitter          (DJ):    0.000ns
    Phase Error              (PE):    0.000ns

    Location             Delay type                Incr(ns)  Path(ns)    Netlist Resource(s)
  -------------------------------------------------------------------    -------------------
                         (clock clk_fpga_0 rise edge)
                                                      0.000     0.000 r  
    PS7_X0Y0             PS7                          0.000     0.000 r  tme_bd_i/processing_system7_0/inst/PS7_i/FCLKCLK[0]
                         net (fo=1, routed)           1.193     1.193    tme_bd_i/processing_system7_0/inst/FCLK_CLK_unbuffered[0]
    BUFGCTRL_X0Y16       BUFG (Prop_bufg_I_O)         0.101     1.294 r  tme_bd_i/processing_system7_0/inst/buffer_fclk_clk_0.FCLK_CLK_0_BUFG/O
                         net (fo=19659, routed)       1.872     3.166    tme_bd_i/tme_top_0/inst/templ_buf_U/ap_clk
    RAMB36_X2Y24         RAMB36E1                                     r  tme_bd_i/tme_top_0/inst/templ_buf_U/ram_reg_0_0/CLKBWRCLK
  -------------------------------------------------------------------    -------------------
    RAMB36_X2Y24         RAMB36E1 (Prop_ramb36e1_CLKBWRCLK_DOBDO[0])
                                                      2.454     5.620 r  tme_bd_i/tme_top_0/inst/templ_buf_U/ram_reg_0_0/DOBDO[0]
                         net (fo=216, routed)         5.023    10.643    tme_bd_i/tme_top_0/inst/grp_tme_top_Pipeline_VITIS_LOOP_150_3_fu_1446/q0[0]
    SLICE_X109Y127       FDRE                                         r  tme_bd_i/tme_top_0/inst/grp_tme_top_Pipeline_VITIS_LOOP_150_3_fu_1446/t_row_8_fu_1740_reg[0]/D
  -------------------------------------------------------------------    -------------------

                         (clock clk_fpga_0 rise edge)
                                                      8.000     8.000 r  
    PS7_X0Y0             PS7                          0.000     8.000 r  tme_bd_i/processing_system7_0/inst/PS7_i/FCLKCLK[0]
                         net (fo=1, routed)           1.088     9.088    tme_bd_i/processing_system7_0/inst/FCLK_CLK_unbuffered[0]
    BUFGCTRL_X0Y16       BUFG (Prop_bufg_I_O)         0.091     9.179 r  tme_bd_i/processing_system7_0/inst/buffer_fclk_clk_0.FCLK_CLK_0_BUFG/O
                         net (fo=19659, routed)       1.843    11.022    tme_bd_i/tme_top_0/inst/grp_tme_top_Pipeline_VITIS_LOOP_150_3_fu_1446/ap_clk
    SLICE_X109Y127       FDRE                                         r  tme_bd_i/tme_top_0/inst/grp_tme_top_Pipeline_VITIS_LOOP_150_3_fu_1446/t_row_8_fu_1740_reg[0]/C
                         clock pessimism              0.147    11.169    
                         clock uncertainty           -0.125    11.044    
    SLICE_X109Y127       FDRE (Setup_fdre_C_D)       -0.095    10.949    tme_bd_i/tme_top_0/inst/grp_tme_top_Pipeline_VITIS_LOOP_150_3_fu_1446/t_row_8_fu_1740_reg[0]
  -------------------------------------------------------------------
                         required time                         10.949    
                         arrival time                         -10.643    
  -------------------------------------------------------------------
                         slack                                  0.305    

Slack (MET) :             0.311ns  (required time - arrival time)
  Source:                 tme_bd_i/tme_top_0/inst/templ_buf_U/ram_reg_0_3/CLKBWRCLK
                            (rising edge-triggered cell RAMB36E1 clocked by clk_fpga_0  {rise@0.000ns fall@4.000ns period=8.000ns})
  Destination:            tme_bd_i/tme_top_0/inst/grp_tme_top_Pipeline_VITIS_LOOP_150_3_fu_1446/t_row_138_fu_1220_reg[3]/D
                            (rising edge-triggered cell FDRE clocked by clk_fpga_0  {rise@0.000ns fall@4.000ns period=8.000ns})
  Path Group:             clk_fpga_0
  Path Type:              Setup (Max at Slow Process Corner)
  Requirement:            8.000ns  (clk_fpga_0 rise@8.000ns - clk_fpga_0 rise@0.000ns)
  Data Path Delay:        7.380ns  (logic 2.454ns (33.252%)  route 4.926ns (66.748%))
  Logic Levels:           0  
  Clock Path Skew:        -0.139ns (DCD - SCD + CPR)
    Destination Clock Delay (DCD):    2.884ns = ( 10.884 - 8.000 ) 
    Source Clock Delay      (SCD):    3.169ns
    Clock Pessimism Removal (CPR):    0.147ns
  Clock Uncertainty:      0.125ns  ((TSJ^2 + TIJ^2)^1/2 + DJ) / 2 + PE
    Total System Jitter     (TSJ):    0.071ns
    Total Input Jitter      (TIJ):    0.240ns
    Discrete Jitter          (DJ):    0.000ns
    Phase Error              (PE):    0.000ns

    Location             Delay type                Incr(ns)  Path(ns)    Netlist Resource(s)
  -------------------------------------------------------------------    -------------------
                         (clock clk_fpga_0 rise edge)
                                                      0.000     0.000 r  
    PS7_X0Y0             PS7                          0.000     0.000 r  tme_bd_i/processing_system7_0/inst/PS7_i/FCLKCLK[0]
                         net (fo=1, routed)           1.193     1.193    tme_bd_i/processing_system7_0/inst/FCLK_CLK_unbuffered[0]
    BUFGCTRL_X0Y16       BUFG (Prop_bufg_I_O)         0.101     1.294 r  tme_bd_i/processing_system7_0/inst/buffer_fclk_clk_0.FCLK_CLK_0_BUFG/O
                         net (fo=19659, routed)       1.875     3.169    tme_bd_i/tme_top_0/inst/templ_buf_U/ap_clk
    RAMB36_X2Y26         RAMB36E1                                     r  tme_bd_i/tme_top_0/inst/templ_buf_U/ram_reg_0_3/CLKBWRCLK
  -------------------------------------------------------------------    -------------------
    RAMB36_X2Y26         RAMB36E1 (Prop_ramb36e1_CLKBWRCLK_DOBDO[0])
                                                      2.454     5.623 r  tme_bd_i/tme_top_0/inst/templ_buf_U/ram_reg_0_3/DOBDO[0]
                         net (fo=216, routed)         4.926    10.549    tme_bd_i/tme_top_0/inst/grp_tme_top_Pipeline_VITIS_LOOP_150_3_fu_1446/q0[3]
    SLICE_X86Y126        FDRE                                         r  tme_bd_i/tme_top_0/inst/grp_tme_top_Pipeline_VITIS_LOOP_150_3_fu_1446/t_row_138_fu_1220_reg[3]/D
  -------------------------------------------------------------------    -------------------

                         (clock clk_fpga_0 rise edge)
                                                      8.000     8.000 r  
    PS7_X0Y0             PS7                          0.000     8.000 r  tme_bd_i/processing_system7_0/inst/PS7_i/FCLKCLK[0]
                         net (fo=1, routed)           1.088     9.088    tme_bd_i/processing_system7_0/inst/FCLK_CLK_unbuffered[0]
    BUFGCTRL_X0Y16       BUFG (Prop_bufg_I_O)         0.091     9.179 r  tme_bd_i/processing_system7_0/inst/buffer_fclk_clk_0.FCLK_CLK_0_BUFG/O
                         net (fo=19659, routed)       1.705    10.884    tme_bd_i/tme_top_0/inst/grp_tme_top_Pipeline_VITIS_LOOP_150_3_fu_1446/ap_clk
    SLICE_X86Y126        FDRE                                         r  tme_bd_i/tme_top_0/inst/grp_tme_top_Pipeline_VITIS_LOOP_150_3_fu_1446/t_row_138_fu_1220_reg[3]/C
                         clock pessimism              0.147    11.031    
                         clock uncertainty           -0.125    10.906    
    SLICE_X86Y126        FDRE (Setup_fdre_C_D)       -0.045    10.861    tme_bd_i/tme_top_0/inst/grp_tme_top_Pipeline_VITIS_LOOP_150_3_fu_1446/t_row_138_fu_1220_reg[3]
  -------------------------------------------------------------------
                         required time                         10.861    
                         arrival time                         -10.549    
  -------------------------------------------------------------------
                         slack                                  0.311    

Slack (MET) :             0.312ns  (required time - arrival time)
  Source:                 tme_bd_i/tme_top_0/inst/grp_correlation_core_fu_1779/grp_correlation_core_Pipeline_load_seg_fu_4034/trunc_ln57_reg_11182_pp0_iter2_reg_reg[0]/C
                            (rising edge-triggered cell FDRE clocked by clk_fpga_0  {rise@0.000ns fall@4.000ns period=8.000ns})
  Destination:            tme_bd_i/tme_top_0/inst/grp_correlation_core_fu_1779/grp_correlation_core_Pipeline_load_seg_fu_4034/seg_235_fu_1532_reg[1]/D
                            (rising edge-triggered cell FDRE clocked by clk_fpga_0  {rise@0.000ns fall@4.000ns period=8.000ns})
  Path Group:             clk_fpga_0
  Path Type:              Setup (Max at Slow Process Corner)
  Requirement:            8.000ns  (clk_fpga_0 rise@8.000ns - clk_fpga_0 rise@0.000ns)
  Data Path Delay:        7.757ns  (logic 1.290ns (16.631%)  route 6.467ns (83.369%))
  Logic Levels:           3  (LUT6=2 MUXF7=1)
  Clock Path Skew:        0.165ns (DCD - SCD + CPR)
    Destination Clock Delay (DCD):    3.029ns = ( 11.029 - 8.000 ) 
    Source Clock Delay      (SCD):    2.993ns
    Clock Pessimism Removal (CPR):    0.129ns
  Clock Uncertainty:      0.125ns  ((TSJ^2 + TIJ^2)^1/2 + DJ) / 2 + PE
    Total System Jitter     (TSJ):    0.071ns
    Total Input Jitter      (TIJ):    0.240ns
    Discrete Jitter          (DJ):    0.000ns
    Phase Error              (PE):    0.000ns

    Location             Delay type                Incr(ns)  Path(ns)    Netlist Resource(s)
  -------------------------------------------------------------------    -------------------
                         (clock clk_fpga_0 rise edge)
                                                      0.000     0.000 r  
    PS7_X0Y0             PS7                          0.000     0.000 r  tme_bd_i/processing_system7_0/inst/PS7_i/FCLKCLK[0]
                         net (fo=1, routed)           1.193     1.193    tme_bd_i/processing_system7_0/inst/FCLK_CLK_unbuffered[0]
    BUFGCTRL_X0Y16       BUFG (Prop_bufg_I_O)         0.101     1.294 r  tme_bd_i/processing_system7_0/inst/buffer_fclk_clk_0.FCLK_CLK_0_BUFG/O
                         net (fo=19659, routed)       1.699     2.993    tme_bd_i/tme_top_0/inst/grp_correlation_core_fu_1779/grp_correlation_core_Pipeline_load_seg_fu_4034/ap_clk
    SLICE_X54Y80         FDRE                                         r  tme_bd_i/tme_top_0/inst/grp_correlation_core_fu_1779/grp_correlation_core_Pipeline_load_seg_fu_4034/trunc_ln57_reg_11182_pp0_iter2_reg_reg[0]/C
  -------------------------------------------------------------------    -------------------
    SLICE_X54Y80         FDRE (Prop_fdre_C_Q)         0.478     3.471 r  tme_bd_i/tme_top_0/inst/grp_correlation_core_fu_1779/grp_correlation_core_Pipeline_load_seg_fu_4034/trunc_ln57_reg_11182_pp0_iter2_reg_reg[0]/Q
                         net (fo=32, routed)          1.975     5.446    tme_bd_i/tme_top_0/inst/grp_tme_top_Pipeline_isq_init_fu_2066/seg_461_fu_2436_reg[7][0]
    SLICE_X51Y44         LUT6 (Prop_lut6_I4_O)        0.296     5.742 f  tme_bd_i/tme_top_0/inst/grp_tme_top_Pipeline_isq_init_fu_2066/seg_461_fu_2436[1]_i_7/O
                         net (fo=1, routed)           0.000     5.742    tme_bd_i/tme_top_0/inst/grp_tme_top_Pipeline_isq_init_fu_2066/seg_461_fu_2436[1]_i_7_n_2
    SLICE_X51Y44         MUXF7 (Prop_muxf7_I1_O)      0.217     5.959 f  tme_bd_i/tme_top_0/inst/grp_tme_top_Pipeline_isq_init_fu_2066/seg_461_fu_2436_reg[1]_i_3/O
                         net (fo=231, routed)         4.492    10.451    tme_bd_i/tme_top_0/inst/grp_correlation_core_fu_1779/grp_correlation_core_Pipeline_load_seg_fu_4034/flow_control_loop_pipe_sequential_init_U/seg_461_fu_2436_reg[1]_2
    SLICE_X113Y131       LUT6 (Prop_lut6_I4_O)        0.299    10.750 r  tme_bd_i/tme_top_0/inst/grp_correlation_core_fu_1779/grp_correlation_core_Pipeline_load_seg_fu_4034/flow_control_loop_pipe_sequential_init_U/seg_235_fu_1532[1]_i_1/O
                         net (fo=1, routed)           0.000    10.750    tme_bd_i/tme_top_0/inst/grp_correlation_core_fu_1779/grp_correlation_core_Pipeline_load_seg_fu_4034/flow_control_loop_pipe_sequential_init_U_n_2082
    SLICE_X113Y131       FDRE                                         r  tme_bd_i/tme_top_0/inst/grp_correlation_core_fu_1779/grp_correlation_core_Pipeline_load_seg_fu_4034/seg_235_fu_1532_reg[1]/D
  -------------------------------------------------------------------    -------------------

                         (clock clk_fpga_0 rise edge)
                                                      8.000     8.000 r  
    PS7_X0Y0             PS7                          0.000     8.000 r  tme_bd_i/processing_system7_0/inst/PS7_i/FCLKCLK[0]
                         net (fo=1, routed)           1.088     9.088    tme_bd_i/processing_system7_0/inst/FCLK_CLK_unbuffered[0]
    BUFGCTRL_X0Y16       BUFG (Prop_bufg_I_O)         0.091     9.179 r  tme_bd_i/processing_system7_0/inst/buffer_fclk_clk_0.FCLK_CLK_0_BUFG/O
                         net (fo=19659, routed)       1.850    11.029    tme_bd_i/tme_top_0/inst/grp_correlation_core_fu_1779/grp_correlation_core_Pipeline_load_seg_fu_4034/ap_clk
    SLICE_X113Y131       FDRE                                         r  tme_bd_i/tme_top_0/inst/grp_correlation_core_fu_1779/grp_correlation_core_Pipeline_load_seg_fu_4034/seg_235_fu_1532_reg[1]/C
                         clock pessimism              0.129    11.158    
                         clock uncertainty           -0.125    11.033    
    SLICE_X113Y131       FDRE (Setup_fdre_C_D)        0.029    11.062    tme_bd_i/tme_top_0/inst/grp_correlation_core_fu_1779/grp_correlation_core_Pipeline_load_seg_fu_4034/seg_235_fu_1532_reg[1]
  -------------------------------------------------------------------
                         required time                         11.062    
                         arrival time                         -10.750    
  -------------------------------------------------------------------
                         slack                                  0.312    

Slack (MET) :             0.324ns  (required time - arrival time)
  Source:                 tme_bd_i/tme_top_0/inst/templ_buf_U/ram_reg_0_0/CLKBWRCLK
                            (rising edge-triggered cell RAMB36E1 clocked by clk_fpga_0  {rise@0.000ns fall@4.000ns period=8.000ns})
  Destination:            tme_bd_i/tme_top_0/inst/grp_tme_top_Pipeline_VITIS_LOOP_150_3_fu_1446/t_row_113_fu_1320_reg[0]/D
                            (rising edge-triggered cell FDRE clocked by clk_fpga_0  {rise@0.000ns fall@4.000ns period=8.000ns})
  Path Group:             clk_fpga_0
  Path Type:              Setup (Max at Slow Process Corner)
  Requirement:            8.000ns  (clk_fpga_0 rise@8.000ns - clk_fpga_0 rise@0.000ns)
  Data Path Delay:        7.459ns  (logic 2.454ns (32.900%)  route 5.005ns (67.100%))
  Logic Levels:           0  
  Clock Path Skew:        -0.061ns (DCD - SCD + CPR)
    Destination Clock Delay (DCD):    2.959ns = ( 10.959 - 8.000 ) 
    Source Clock Delay      (SCD):    3.166ns
    Clock Pessimism Removal (CPR):    0.147ns
  Clock Uncertainty:      0.125ns  ((TSJ^2 + TIJ^2)^1/2 + DJ) / 2 + PE
    Total System Jitter     (TSJ):    0.071ns
    Total Input Jitter      (TIJ):    0.240ns
    Discrete Jitter          (DJ):    0.000ns
    Phase Error              (PE):    0.000ns

    Location             Delay type                Incr(ns)  Path(ns)    Netlist Resource(s)
  -------------------------------------------------------------------    -------------------
                         (clock clk_fpga_0 rise edge)
                                                      0.000     0.000 r  
    PS7_X0Y0             PS7                          0.000     0.000 r  tme_bd_i/processing_system7_0/inst/PS7_i/FCLKCLK[0]
                         net (fo=1, routed)           1.193     1.193    tme_bd_i/processing_system7_0/inst/FCLK_CLK_unbuffered[0]
    BUFGCTRL_X0Y16       BUFG (Prop_bufg_I_O)         0.101     1.294 r  tme_bd_i/processing_system7_0/inst/buffer_fclk_clk_0.FCLK_CLK_0_BUFG/O
                         net (fo=19659, routed)       1.872     3.166    tme_bd_i/tme_top_0/inst/templ_buf_U/ap_clk
    RAMB36_X2Y24         RAMB36E1                                     r  tme_bd_i/tme_top_0/inst/templ_buf_U/ram_reg_0_0/CLKBWRCLK
  -------------------------------------------------------------------    -------------------
    RAMB36_X2Y24         RAMB36E1 (Prop_ramb36e1_CLKBWRCLK_DOBDO[0])
                                                      2.454     5.620 r  tme_bd_i/tme_top_0/inst/templ_buf_U/ram_reg_0_0/DOBDO[0]
                         net (fo=216, routed)         5.005    10.626    tme_bd_i/tme_top_0/inst/grp_tme_top_Pipeline_VITIS_LOOP_150_3_fu_1446/q0[0]
    SLICE_X98Y109        FDRE                                         r  tme_bd_i/tme_top_0/inst/grp_tme_top_Pipeline_VITIS_LOOP_150_3_fu_1446/t_row_113_fu_1320_reg[0]/D
  -------------------------------------------------------------------    -------------------

                         (clock clk_fpga_0 rise edge)
                                                      8.000     8.000 r  
    PS7_X0Y0             PS7                          0.000     8.000 r  tme_bd_i/processing_system7_0/inst/PS7_i/FCLKCLK[0]
                         net (fo=1, routed)           1.088     9.088    tme_bd_i/processing_system7_0/inst/FCLK_CLK_unbuffered[0]
    BUFGCTRL_X0Y16       BUFG (Prop_bufg_I_O)         0.091     9.179 r  tme_bd_i/processing_system7_0/inst/buffer_fclk_clk_0.FCLK_CLK_0_BUFG/O
                         net (fo=19659, routed)       1.780    10.959    tme_bd_i/tme_top_0/inst/grp_tme_top_Pipeline_VITIS_LOOP_150_3_fu_1446/ap_clk
    SLICE_X98Y109        FDRE                                         r  tme_bd_i/tme_top_0/inst/grp_tme_top_Pipeline_VITIS_LOOP_150_3_fu_1446/t_row_113_fu_1320_reg[0]/C
                         clock pessimism              0.147    11.106    
                         clock uncertainty           -0.125    10.981    
    SLICE_X98Y109        FDRE (Setup_fdre_C_D)       -0.031    10.950    tme_bd_i/tme_top_0/inst/grp_tme_top_Pipeline_VITIS_LOOP_150_3_fu_1446/t_row_113_fu_1320_reg[0]
  -------------------------------------------------------------------
                         required time                         10.950    
                         arrival time                         -10.626    
  -------------------------------------------------------------------
                         slack                                  0.324    

Slack (MET) :             0.325ns  (required time - arrival time)
  Source:                 tme_bd_i/tme_top_0/inst/templ_buf_U/ram_reg_0_7/CLKBWRCLK
                            (rising edge-triggered cell RAMB36E1 clocked by clk_fpga_0  {rise@0.000ns fall@4.000ns period=8.000ns})
  Destination:            tme_bd_i/tme_top_0/inst/grp_tme_top_Pipeline_VITIS_LOOP_150_3_fu_1446/t_row_194_fu_996_reg[7]/D
                            (rising edge-triggered cell FDRE clocked by clk_fpga_0  {rise@0.000ns fall@4.000ns period=8.000ns})
  Path Group:             clk_fpga_0
  Path Type:              Setup (Max at Slow Process Corner)
  Requirement:            8.000ns  (clk_fpga_0 rise@8.000ns - clk_fpga_0 rise@0.000ns)
  Data Path Delay:        7.477ns  (logic 2.454ns (32.822%)  route 5.023ns (67.178%))
  Logic Levels:           0  
  Clock Path Skew:        -0.012ns (DCD - SCD + CPR)
    Destination Clock Delay (DCD):    2.962ns = ( 10.962 - 8.000 ) 
    Source Clock Delay      (SCD):    3.221ns
    Clock Pessimism Removal (CPR):    0.247ns
  Clock Uncertainty:      0.125ns  ((TSJ^2 + TIJ^2)^1/2 + DJ) / 2 + PE
    Total System Jitter     (TSJ):    0.071ns
    Total Input Jitter      (TIJ):    0.240ns
    Discrete Jitter          (DJ):    0.000ns
    Phase Error              (PE):    0.000ns

    Location             Delay type                Incr(ns)  Path(ns)    Netlist Resource(s)
  -------------------------------------------------------------------    -------------------
                         (clock clk_fpga_0 rise edge)
                                                      0.000     0.000 r  
    PS7_X0Y0             PS7                          0.000     0.000 r  tme_bd_i/processing_system7_0/inst/PS7_i/FCLKCLK[0]
                         net (fo=1, routed)           1.193     1.193    tme_bd_i/processing_system7_0/inst/FCLK_CLK_unbuffered[0]
    BUFGCTRL_X0Y16       BUFG (Prop_bufg_I_O)         0.101     1.294 r  tme_bd_i/processing_system7_0/inst/buffer_fclk_clk_0.FCLK_CLK_0_BUFG/O
                         net (fo=19659, routed)       1.927     3.221    tme_bd_i/tme_top_0/inst/templ_buf_U/ap_clk
    RAMB36_X3Y25         RAMB36E1                                     r  tme_bd_i/tme_top_0/inst/templ_buf_U/ram_reg_0_7/CLKBWRCLK
  -------------------------------------------------------------------    -------------------
    RAMB36_X3Y25         RAMB36E1 (Prop_ramb36e1_CLKBWRCLK_DOBDO[0])
                                                      2.454     5.675 r  tme_bd_i/tme_top_0/inst/templ_buf_U/ram_reg_0_7/DOBDO[0]
                         net (fo=216, routed)         5.023    10.698    tme_bd_i/tme_top_0/inst/grp_tme_top_Pipeline_VITIS_LOOP_150_3_fu_1446/q0[7]
    SLICE_X105Y105       FDRE                                         r  tme_bd_i/tme_top_0/inst/grp_tme_top_Pipeline_VITIS_LOOP_150_3_fu_1446/t_row_194_fu_996_reg[7]/D
  -------------------------------------------------------------------    -------------------

                         (clock clk_fpga_0 rise edge)
                                                      8.000     8.000 r  
    PS7_X0Y0             PS7                          0.000     8.000 r  tme_bd_i/processing_system7_0/inst/PS7_i/FCLKCLK[0]
                         net (fo=1, routed)           1.088     9.088    tme_bd_i/processing_system7_0/inst/FCLK_CLK_unbuffered[0]
    BUFGCTRL_X0Y16       BUFG (Prop_bufg_I_O)         0.091     9.179 r  tme_bd_i/processing_system7_0/inst/buffer_fclk_clk_0.FCLK_CLK_0_BUFG/O
                         net (fo=19659, routed)       1.783    10.962    tme_bd_i/tme_top_0/inst/grp_tme_top_Pipeline_VITIS_LOOP_150_3_fu_1446/ap_clk
    SLICE_X105Y105       FDRE                                         r  tme_bd_i/tme_top_0/inst/grp_tme_top_Pipeline_VITIS_LOOP_150_3_fu_1446/t_row_194_fu_996_reg[7]/C
                         clock pessimism              0.247    11.209    
                         clock uncertainty           -0.125    11.084    
    SLICE_X105Y105       FDRE (Setup_fdre_C_D)       -0.061    11.023    tme_bd_i/tme_top_0/inst/grp_tme_top_Pipeline_VITIS_LOOP_150_3_fu_1446/t_row_194_fu_996_reg[7]
  -------------------------------------------------------------------
                         required time                         11.023    
                         arrival time                         -10.698    
  -------------------------------------------------------------------
                         slack                                  0.325    

Slack (MET) :             0.333ns  (required time - arrival time)
  Source:                 tme_bd_i/tme_top_0/inst/templ_buf_U/ram_reg_0_0/CLKBWRCLK
                            (rising edge-triggered cell RAMB36E1 clocked by clk_fpga_0  {rise@0.000ns fall@4.000ns period=8.000ns})
  Destination:            tme_bd_i/tme_top_0/inst/grp_tme_top_Pipeline_VITIS_LOOP_150_3_fu_1446/t_row_91_fu_1408_reg[0]/D
                            (rising edge-triggered cell FDRE clocked by clk_fpga_0  {rise@0.000ns fall@4.000ns period=8.000ns})
  Path Group:             clk_fpga_0
  Path Type:              Setup (Max at Slow Process Corner)
  Requirement:            8.000ns  (clk_fpga_0 rise@8.000ns - clk_fpga_0 rise@0.000ns)
  Data Path Delay:        7.450ns  (logic 2.454ns (32.942%)  route 4.996ns (67.058%))
  Logic Levels:           0  
  Clock Path Skew:        -0.062ns (DCD - SCD + CPR)
    Destination Clock Delay (DCD):    2.958ns = ( 10.958 - 8.000 ) 
    Source Clock Delay      (SCD):    3.166ns
    Clock Pessimism Removal (CPR):    0.147ns
  Clock Uncertainty:      0.125ns  ((TSJ^2 + TIJ^2)^1/2 + DJ) / 2 + PE
    Total System Jitter     (TSJ):    0.071ns
    Total Input Jitter      (TIJ):    0.240ns
    Discrete Jitter          (DJ):    0.000ns
    Phase Error              (PE):    0.000ns

    Location             Delay type                Incr(ns)  Path(ns)    Netlist Resource(s)
  -------------------------------------------------------------------    -------------------
                         (clock clk_fpga_0 rise edge)
                                                      0.000     0.000 r  
    PS7_X0Y0             PS7                          0.000     0.000 r  tme_bd_i/processing_system7_0/inst/PS7_i/FCLKCLK[0]
                         net (fo=1, routed)           1.193     1.193    tme_bd_i/processing_system7_0/inst/FCLK_CLK_unbuffered[0]
    BUFGCTRL_X0Y16       BUFG (Prop_bufg_I_O)         0.101     1.294 r  tme_bd_i/processing_system7_0/inst/buffer_fclk_clk_0.FCLK_CLK_0_BUFG/O
                         net (fo=19659, routed)       1.872     3.166    tme_bd_i/tme_top_0/inst/templ_buf_U/ap_clk
    RAMB36_X2Y24         RAMB36E1                                     r  tme_bd_i/tme_top_0/inst/templ_buf_U/ram_reg_0_0/CLKBWRCLK
  -------------------------------------------------------------------    -------------------
    RAMB36_X2Y24         RAMB36E1 (Prop_ramb36e1_CLKBWRCLK_DOBDO[0])
                                                      2.454     5.620 r  tme_bd_i/tme_top_0/inst/templ_buf_U/ram_reg_0_0/DOBDO[0]
                         net (fo=216, routed)         4.996    10.616    tme_bd_i/tme_top_0/inst/grp_tme_top_Pipeline_VITIS_LOOP_150_3_fu_1446/q0[0]
    SLICE_X100Y111       FDRE                                         r  tme_bd_i/tme_top_0/inst/grp_tme_top_Pipeline_VITIS_LOOP_150_3_fu_1446/t_row_91_fu_1408_reg[0]/D
  -------------------------------------------------------------------    -------------------

                         (clock clk_fpga_0 rise edge)
                                                      8.000     8.000 r  
    PS7_X0Y0             PS7                          0.000     8.000 r  tme_bd_i/processing_system7_0/inst/PS7_i/FCLKCLK[0]
                         net (fo=1, routed)           1.088     9.088    tme_bd_i/processing_system7_0/inst/FCLK_CLK_unbuffered[0]
    BUFGCTRL_X0Y16       BUFG (Prop_bufg_I_O)         0.091     9.179 r  tme_bd_i/processing_system7_0/inst/buffer_fclk_clk_0.FCLK_CLK_0_BUFG/O
                         net (fo=19659, routed)       1.779    10.958    tme_bd_i/tme_top_0/inst/grp_tme_top_Pipeline_VITIS_LOOP_150_3_fu_1446/ap_clk
    SLICE_X100Y111       FDRE                                         r  tme_bd_i/tme_top_0/inst/grp_tme_top_Pipeline_VITIS_LOOP_150_3_fu_1446/t_row_91_fu_1408_reg[0]/C
                         clock pessimism              0.147    11.105    
                         clock uncertainty           -0.125    10.980    
    SLICE_X100Y111       FDRE (Setup_fdre_C_D)       -0.031    10.949    tme_bd_i/tme_top_0/inst/grp_tme_top_Pipeline_VITIS_LOOP_150_3_fu_1446/t_row_91_fu_1408_reg[0]
  -------------------------------------------------------------------
                         required time                         10.949    
                         arrival time                         -10.616    
  -------------------------------------------------------------------
                         slack                                  0.333    

Slack (MET) :             0.334ns  (required time - arrival time)
  Source:                 tme_bd_i/tme_top_0/inst/templ_buf_U/ram_reg_0_0/CLKBWRCLK
                            (rising edge-triggered cell RAMB36E1 clocked by clk_fpga_0  {rise@0.000ns fall@4.000ns period=8.000ns})
  Destination:            tme_bd_i/tme_top_0/inst/grp_tme_top_Pipeline_VITIS_LOOP_150_3_fu_1446/t_row_5_fu_1752_reg[0]/D
                            (rising edge-triggered cell FDRE clocked by clk_fpga_0  {rise@0.000ns fall@4.000ns period=8.000ns})
  Path Group:             clk_fpga_0
  Path Type:              Setup (Max at Slow Process Corner)
  Requirement:            8.000ns  (clk_fpga_0 rise@8.000ns - clk_fpga_0 rise@0.000ns)
  Data Path Delay:        7.512ns  (logic 2.454ns (32.666%)  route 5.058ns (67.334%))
  Logic Levels:           0  
  Clock Path Skew:        0.002ns (DCD - SCD + CPR)
    Destination Clock Delay (DCD):    3.022ns = ( 11.022 - 8.000 ) 
    Source Clock Delay      (SCD):    3.166ns
    Clock Pessimism Removal (CPR):    0.147ns
  Clock Uncertainty:      0.125ns  ((TSJ^2 + TIJ^2)^1/2 + DJ) / 2 + PE
    Total System Jitter     (TSJ):    0.071ns
    Total Input Jitter      (TIJ):    0.240ns
    Discrete Jitter          (DJ):    0.000ns
    Phase Error              (PE):    0.000ns

    Location             Delay type                Incr(ns)  Path(ns)    Netlist Resource(s)
  -------------------------------------------------------------------    -------------------
                         (clock clk_fpga_0 rise edge)
                                                      0.000     0.000 r  
    PS7_X0Y0             PS7                          0.000     0.000 r  tme_bd_i/processing_system7_0/inst/PS7_i/FCLKCLK[0]
                         net (fo=1, routed)           1.193     1.193    tme_bd_i/processing_system7_0/inst/FCLK_CLK_unbuffered[0]
    BUFGCTRL_X0Y16       BUFG (Prop_bufg_I_O)         0.101     1.294 r  tme_bd_i/processing_system7_0/inst/buffer_fclk_clk_0.FCLK_CLK_0_BUFG/O
                         net (fo=19659, routed)       1.872     3.166    tme_bd_i/tme_top_0/inst/templ_buf_U/ap_clk
    RAMB36_X2Y24         RAMB36E1                                     r  tme_bd_i/tme_top_0/inst/templ_buf_U/ram_reg_0_0/CLKBWRCLK
  -------------------------------------------------------------------    -------------------
    RAMB36_X2Y24         RAMB36E1 (Prop_ramb36e1_CLKBWRCLK_DOBDO[0])
                                                      2.454     5.620 r  tme_bd_i/tme_top_0/inst/templ_buf_U/ram_reg_0_0/DOBDO[0]
                         net (fo=216, routed)         5.058    10.679    tme_bd_i/tme_top_0/inst/grp_tme_top_Pipeline_VITIS_LOOP_150_3_fu_1446/q0[0]
    SLICE_X108Y127       FDRE                                         r  tme_bd_i/tme_top_0/inst/grp_tme_top_Pipeline_VITIS_LOOP_150_3_fu_1446/t_row_5_fu_1752_reg[0]/D
  -------------------------------------------------------------------    -------------------

                         (clock clk_fpga_0 rise edge)
                                                      8.000     8.000 r  
    PS7_X0Y0             PS7                          0.000     8.000 r  tme_bd_i/processing_system7_0/inst/PS7_i/FCLKCLK[0]
                         net (fo=1, routed)           1.088     9.088    tme_bd_i/processing_system7_0/inst/FCLK_CLK_unbuffered[0]
    BUFGCTRL_X0Y16       BUFG (Prop_bufg_I_O)         0.091     9.179 r  tme_bd_i/processing_system7_0/inst/buffer_fclk_clk_0.FCLK_CLK_0_BUFG/O
                         net (fo=19659, routed)       1.843    11.022    tme_bd_i/tme_top_0/inst/grp_tme_top_Pipeline_VITIS_LOOP_150_3_fu_1446/ap_clk
    SLICE_X108Y127       FDRE                                         r  tme_bd_i/tme_top_0/inst/grp_tme_top_Pipeline_VITIS_LOOP_150_3_fu_1446/t_row_5_fu_1752_reg[0]/C
                         clock pessimism              0.147    11.169    
                         clock uncertainty           -0.125    11.044    
    SLICE_X108Y127       FDRE (Setup_fdre_C_D)       -0.031    11.013    tme_bd_i/tme_top_0/inst/grp_tme_top_Pipeline_VITIS_LOOP_150_3_fu_1446/t_row_5_fu_1752_reg[0]
  -------------------------------------------------------------------
                         required time                         11.013    
                         arrival time                         -10.679    
  -------------------------------------------------------------------
                         slack                                  0.334    

Slack (MET) :             0.352ns  (required time - arrival time)
  Source:                 tme_bd_i/tme_top_0/inst/grp_correlation_core_fu_1779/grp_correlation_core_Pipeline_mac_loop_fu_4536/x_2_reg_21480_reg[2]/C
                            (rising edge-triggered cell FDRE clocked by clk_fpga_0  {rise@0.000ns fall@4.000ns period=8.000ns})
  Destination:            tme_bd_i/tme_top_0/inst/grp_tme_top_Pipeline_VITIS_LOOP_150_3_fu_1446/p_reg_reg_i_8__14_psdsp_2/D
                            (rising edge-triggered cell FDRE clocked by clk_fpga_0  {rise@0.000ns fall@4.000ns period=8.000ns})
  Path Group:             clk_fpga_0
  Path Type:              Setup (Max at Slow Process Corner)
  Requirement:            8.000ns  (clk_fpga_0 rise@8.000ns - clk_fpga_0 rise@0.000ns)
  Data Path Delay:        7.198ns  (logic 1.773ns (24.632%)  route 5.425ns (75.368%))
  Logic Levels:           5  (LUT5=1 LUT6=1 MUXF7=2 MUXF8=1)
  Clock Path Skew:        -0.232ns (DCD - SCD + CPR)
    Destination Clock Delay (DCD):    2.820ns = ( 10.820 - 8.000 ) 
    Source Clock Delay      (SCD):    3.199ns
    Clock Pessimism Removal (CPR):    0.147ns
  Clock Uncertainty:      0.125ns  ((TSJ^2 + TIJ^2)^1/2 + DJ) / 2 + PE
    Total System Jitter     (TSJ):    0.071ns
    Total Input Jitter      (TIJ):    0.240ns
    Discrete Jitter          (DJ):    0.000ns
    Phase Error              (PE):    0.000ns

    Location             Delay type                Incr(ns)  Path(ns)    Netlist Resource(s)
  -------------------------------------------------------------------    -------------------
                         (clock clk_fpga_0 rise edge)
                                                      0.000     0.000 r  
    PS7_X0Y0             PS7                          0.000     0.000 r  tme_bd_i/processing_system7_0/inst/PS7_i/FCLKCLK[0]
                         net (fo=1, routed)           1.193     1.193    tme_bd_i/processing_system7_0/inst/FCLK_CLK_unbuffered[0]
    BUFGCTRL_X0Y16       BUFG (Prop_bufg_I_O)         0.101     1.294 r  tme_bd_i/processing_system7_0/inst/buffer_fclk_clk_0.FCLK_CLK_0_BUFG/O
                         net (fo=19659, routed)       1.905     3.199    tme_bd_i/tme_top_0/inst/grp_correlation_core_fu_1779/grp_correlation_core_Pipeline_mac_loop_fu_4536/ap_clk
    SLICE_X82Y116        FDRE                                         r  tme_bd_i/tme_top_0/inst/grp_correlation_core_fu_1779/grp_correlation_core_Pipeline_mac_loop_fu_4536/x_2_reg_21480_reg[2]/C
  -------------------------------------------------------------------    -------------------
    SLICE_X82Y116        FDRE (Prop_fdre_C_Q)         0.518     3.717 r  tme_bd_i/tme_top_0/inst/grp_correlation_core_fu_1779/grp_correlation_core_Pipeline_mac_loop_fu_4536/x_2_reg_21480_reg[2]/Q
                         net (fo=129, routed)         1.405     5.122    tme_bd_i/tme_top_0/inst/grp_tme_top_Pipeline_VITIS_LOOP_150_3_fu_1446/p_reg_reg_0[2]
    SLICE_X84Y136        MUXF7 (Prop_muxf7_S_O)       0.296     5.418 r  tme_bd_i/tme_top_0/inst/grp_tme_top_Pipeline_VITIS_LOOP_150_3_fu_1446/p_reg_reg_i_752/O
                         net (fo=1, routed)           0.000     5.418    tme_bd_i/tme_top_0/inst/grp_tme_top_Pipeline_VITIS_LOOP_150_3_fu_1446/p_reg_reg_i_752_n_2
    SLICE_X84Y136        MUXF8 (Prop_muxf8_I0_O)      0.104     5.522 r  tme_bd_i/tme_top_0/inst/grp_tme_top_Pipeline_VITIS_LOOP_150_3_fu_1446/p_reg_reg_i_318__2/O
                         net (fo=1, routed)           1.555     7.077    tme_bd_i/tme_top_0/inst/grp_tme_top_Pipeline_VITIS_LOOP_150_3_fu_1446/p_reg_reg_i_318__2_n_2
    SLICE_X90Y112        LUT6 (Prop_lut6_I3_O)        0.316     7.393 r  tme_bd_i/tme_top_0/inst/grp_tme_top_Pipeline_VITIS_LOOP_150_3_fu_1446/p_reg_reg_i_114__14/O
                         net (fo=1, routed)           0.000     7.393    tme_bd_i/tme_top_0/inst/grp_tme_top_Pipeline_VITIS_LOOP_150_3_fu_1446/p_reg_reg_i_114__14_n_2
    SLICE_X90Y112        MUXF7 (Prop_muxf7_I0_O)      0.241     7.634 r  tme_bd_i/tme_top_0/inst/grp_tme_top_Pipeline_VITIS_LOOP_150_3_fu_1446/p_reg_reg_i_42__14/O
                         net (fo=1, routed)           0.776     8.410    tme_bd_i/tme_top_0/inst/grp_tme_top_Pipeline_VITIS_LOOP_150_3_fu_1446/p_reg_reg_i_42__14_n_2
    SLICE_X81Y106        LUT5 (Prop_lut5_I4_O)        0.298     8.708 r  tme_bd_i/tme_top_0/inst/grp_tme_top_Pipeline_VITIS_LOOP_150_3_fu_1446/p_reg_reg_i_8__14/O
                         net (fo=16, routed)          1.689    10.397    tme_bd_i/tme_top_0/inst/grp_tme_top_Pipeline_VITIS_LOOP_150_3_fu_1446/B[0]
    SLICE_X37Y121        FDRE                                         r  tme_bd_i/tme_top_0/inst/grp_tme_top_Pipeline_VITIS_LOOP_150_3_fu_1446/p_reg_reg_i_8__14_psdsp_2/D
  -------------------------------------------------------------------    -------------------

                         (clock clk_fpga_0 rise edge)
                                                      8.000     8.000 r  
    PS7_X0Y0             PS7                          0.000     8.000 r  tme_bd_i/processing_system7_0/inst/PS7_i/FCLKCLK[0]
                         net (fo=1, routed)           1.088     9.088    tme_bd_i/processing_system7_0/inst/FCLK_CLK_unbuffered[0]
    BUFGCTRL_X0Y16       BUFG (Prop_bufg_I_O)         0.091     9.179 r  tme_bd_i/processing_system7_0/inst/buffer_fclk_clk_0.FCLK_CLK_0_BUFG/O
                         net (fo=19659, routed)       1.641    10.820    tme_bd_i/tme_top_0/inst/grp_tme_top_Pipeline_VITIS_LOOP_150_3_fu_1446/ap_clk
    SLICE_X37Y121        FDRE                                         r  tme_bd_i/tme_top_0/inst/grp_tme_top_Pipeline_VITIS_LOOP_150_3_fu_1446/p_reg_reg_i_8__14_psdsp_2/C
                         clock pessimism              0.147    10.967    
                         clock uncertainty           -0.125    10.842    
    SLICE_X37Y121        FDRE (Setup_fdre_C_D)       -0.093    10.749    tme_bd_i/tme_top_0/inst/grp_tme_top_Pipeline_VITIS_LOOP_150_3_fu_1446/p_reg_reg_i_8__14_psdsp_2
  -------------------------------------------------------------------
                         required time                         10.749    
                         arrival time                         -10.397    
  -------------------------------------------------------------------
                         slack                                  0.352    

Slack (MET) :             0.359ns  (required time - arrival time)
  Source:                 tme_bd_i/tme_top_0/inst/grp_correlation_core_fu_1779/grp_correlation_core_Pipeline_mac_loop_fu_4536/x_2_reg_21480_reg[2]/C
                            (rising edge-triggered cell FDRE clocked by clk_fpga_0  {rise@0.000ns fall@4.000ns period=8.000ns})
  Destination:            tme_bd_i/tme_top_0/inst/grp_tme_top_Pipeline_VITIS_LOOP_150_3_fu_1446/p_reg_reg_i_3__14_psdsp_1/D
                            (rising edge-triggered cell FDRE clocked by clk_fpga_0  {rise@0.000ns fall@4.000ns period=8.000ns})
  Path Group:             clk_fpga_0
  Path Type:              Setup (Max at Slow Process Corner)
  Requirement:            8.000ns  (clk_fpga_0 rise@8.000ns - clk_fpga_0 rise@0.000ns)
  Data Path Delay:        7.209ns  (logic 1.740ns (24.137%)  route 5.469ns (75.863%))
  Logic Levels:           5  (LUT5=1 LUT6=1 MUXF7=2 MUXF8=1)
  Clock Path Skew:        -0.226ns (DCD - SCD + CPR)
    Destination Clock Delay (DCD):    2.826ns = ( 10.826 - 8.000 ) 
    Source Clock Delay      (SCD):    3.199ns
    Clock Pessimism Removal (CPR):    0.147ns
  Clock Uncertainty:      0.125ns  ((TSJ^2 + TIJ^2)^1/2 + DJ) / 2 + PE
    Total System Jitter     (TSJ):    0.071ns
    Total Input Jitter      (TIJ):    0.240ns
    Discrete Jitter          (DJ):    0.000ns
    Phase Error              (PE):    0.000ns

    Location             Delay type                Incr(ns)  Path(ns)    Netlist Resource(s)
  -------------------------------------------------------------------    -------------------
                         (clock clk_fpga_0 rise edge)
                                                      0.000     0.000 r  
    PS7_X0Y0             PS7                          0.000     0.000 r  tme_bd_i/processing_system7_0/inst/PS7_i/FCLKCLK[0]
                         net (fo=1, routed)           1.193     1.193    tme_bd_i/processing_system7_0/inst/FCLK_CLK_unbuffered[0]
    BUFGCTRL_X0Y16       BUFG (Prop_bufg_I_O)         0.101     1.294 r  tme_bd_i/processing_system7_0/inst/buffer_fclk_clk_0.FCLK_CLK_0_BUFG/O
                         net (fo=19659, routed)       1.905     3.199    tme_bd_i/tme_top_0/inst/grp_correlation_core_fu_1779/grp_correlation_core_Pipeline_mac_loop_fu_4536/ap_clk
    SLICE_X82Y116        FDRE                                         r  tme_bd_i/tme_top_0/inst/grp_correlation_core_fu_1779/grp_correlation_core_Pipeline_mac_loop_fu_4536/x_2_reg_21480_reg[2]/C
  -------------------------------------------------------------------    -------------------
    SLICE_X82Y116        FDRE (Prop_fdre_C_Q)         0.518     3.717 r  tme_bd_i/tme_top_0/inst/grp_correlation_core_fu_1779/grp_correlation_core_Pipeline_mac_loop_fu_4536/x_2_reg_21480_reg[2]/Q
                         net (fo=129, routed)         1.722     5.439    tme_bd_i/tme_top_0/inst/grp_tme_top_Pipeline_VITIS_LOOP_150_3_fu_1446/p_reg_reg_0[2]
    SLICE_X95Y133        MUXF7 (Prop_muxf7_S_O)       0.296     5.735 r  tme_bd_i/tme_top_0/inst/grp_tme_top_Pipeline_VITIS_LOOP_150_3_fu_1446/p_reg_reg_i_570__2/O
                         net (fo=1, routed)           0.000     5.735    tme_bd_i/tme_top_0/inst/grp_tme_top_Pipeline_VITIS_LOOP_150_3_fu_1446/p_reg_reg_i_570__2_n_2
    SLICE_X95Y133        MUXF8 (Prop_muxf8_I0_O)      0.104     5.839 r  tme_bd_i/tme_top_0/inst/grp_tme_top_Pipeline_VITIS_LOOP_150_3_fu_1446/p_reg_reg_i_227__6/O
                         net (fo=1, routed)           1.583     7.422    tme_bd_i/tme_top_0/inst/grp_tme_top_Pipeline_VITIS_LOOP_150_3_fu_1446/p_reg_reg_i_227__6_n_2
    SLICE_X66Y116        LUT6 (Prop_lut6_I1_O)        0.316     7.738 r  tme_bd_i/tme_top_0/inst/grp_tme_top_Pipeline_VITIS_LOOP_150_3_fu_1446/p_reg_reg_i_79__14/O
                         net (fo=1, routed)           0.000     7.738    tme_bd_i/tme_top_0/inst/grp_tme_top_Pipeline_VITIS_LOOP_150_3_fu_1446/p_reg_reg_i_79__14_n_2
    SLICE_X66Y116        MUXF7 (Prop_muxf7_I0_O)      0.209     7.947 r  tme_bd_i/tme_top_0/inst/grp_tme_top_Pipeline_VITIS_LOOP_150_3_fu_1446/p_reg_reg_i_27__14/O
                         net (fo=1, routed)           0.432     8.379    tme_bd_i/tme_top_0/inst/grp_tme_top_Pipeline_VITIS_LOOP_150_3_fu_1446/p_reg_reg_i_27__14_n_2
    SLICE_X65Y114        LUT5 (Prop_lut5_I4_O)        0.297     8.676 r  tme_bd_i/tme_top_0/inst/grp_tme_top_Pipeline_VITIS_LOOP_150_3_fu_1446/p_reg_reg_i_3__14/O
                         net (fo=16, routed)          1.732    10.408    tme_bd_i/tme_top_0/inst/grp_tme_top_Pipeline_VITIS_LOOP_150_3_fu_1446/B[5]
    SLICE_X39Y134        FDRE                                         r  tme_bd_i/tme_top_0/inst/grp_tme_top_Pipeline_VITIS_LOOP_150_3_fu_1446/p_reg_reg_i_3__14_psdsp_1/D
  -------------------------------------------------------------------    -------------------

                         (clock clk_fpga_0 rise edge)
                                                      8.000     8.000 r  
    PS7_X0Y0             PS7                          0.000     8.000 r  tme_bd_i/processing_system7_0/inst/PS7_i/FCLKCLK[0]
                         net (fo=1, routed)           1.088     9.088    tme_bd_i/processing_system7_0/inst/FCLK_CLK_unbuffered[0]
    BUFGCTRL_X0Y16       BUFG (Prop_bufg_I_O)         0.091     9.179 r  tme_bd_i/processing_system7_0/inst/buffer_fclk_clk_0.FCLK_CLK_0_BUFG/O
                         net (fo=19659, routed)       1.647    10.826    tme_bd_i/tme_top_0/inst/grp_tme_top_Pipeline_VITIS_LOOP_150_3_fu_1446/ap_clk
    SLICE_X39Y134        FDRE                                         r  tme_bd_i/tme_top_0/inst/grp_tme_top_Pipeline_VITIS_LOOP_150_3_fu_1446/p_reg_reg_i_3__14_psdsp_1/C
                         clock pessimism              0.147    10.973    
                         clock uncertainty           -0.125    10.848    
    SLICE_X39Y134        FDRE (Setup_fdre_C_D)       -0.081    10.767    tme_bd_i/tme_top_0/inst/grp_tme_top_Pipeline_VITIS_LOOP_150_3_fu_1446/p_reg_reg_i_3__14_psdsp_1
  -------------------------------------------------------------------
                         required time                         10.767    
                         arrival time                         -10.408    
  -------------------------------------------------------------------
                         slack                                  0.359    

Slack (MET) :             0.380ns  (required time - arrival time)
  Source:                 tme_bd_i/tme_top_0/inst/templ_buf_U/ram_reg_0_7/CLKBWRCLK
                            (rising edge-triggered cell RAMB36E1 clocked by clk_fpga_0  {rise@0.000ns fall@4.000ns period=8.000ns})
  Destination:            tme_bd_i/tme_top_0/inst/grp_tme_top_Pipeline_VITIS_LOOP_150_3_fu_1446/t_row_90_fu_1412_reg[7]/D
                            (rising edge-triggered cell FDRE clocked by clk_fpga_0  {rise@0.000ns fall@4.000ns period=8.000ns})
  Path Group:             clk_fpga_0
  Path Type:              Setup (Max at Slow Process Corner)
  Requirement:            8.000ns  (clk_fpga_0 rise@8.000ns - clk_fpga_0 rise@0.000ns)
  Data Path Delay:        7.424ns  (logic 2.454ns (33.057%)  route 4.970ns (66.943%))
  Logic Levels:           0  
  Clock Path Skew:        -0.013ns (DCD - SCD + CPR)
    Destination Clock Delay (DCD):    2.961ns = ( 10.961 - 8.000 ) 
    Source Clock Delay      (SCD):    3.221ns
    Clock Pessimism Removal (CPR):    0.247ns
  Clock Uncertainty:      0.125ns  ((TSJ^2 + TIJ^2)^1/2 + DJ) / 2 + PE
    Total System Jitter     (TSJ):    0.071ns
    Total Input Jitter      (TIJ):    0.240ns
    Discrete Jitter          (DJ):    0.000ns
    Phase Error              (PE):    0.000ns

    Location             Delay type                Incr(ns)  Path(ns)    Netlist Resource(s)
  -------------------------------------------------------------------    -------------------
                         (clock clk_fpga_0 rise edge)
                                                      0.000     0.000 r  
    PS7_X0Y0             PS7                          0.000     0.000 r  tme_bd_i/processing_system7_0/inst/PS7_i/FCLKCLK[0]
                         net (fo=1, routed)           1.193     1.193    tme_bd_i/processing_system7_0/inst/FCLK_CLK_unbuffered[0]
    BUFGCTRL_X0Y16       BUFG (Prop_bufg_I_O)         0.101     1.294 r  tme_bd_i/processing_system7_0/inst/buffer_fclk_clk_0.FCLK_CLK_0_BUFG/O
                         net (fo=19659, routed)       1.927     3.221    tme_bd_i/tme_top_0/inst/templ_buf_U/ap_clk
    RAMB36_X3Y25         RAMB36E1                                     r  tme_bd_i/tme_top_0/inst/templ_buf_U/ram_reg_0_7/CLKBWRCLK
  -------------------------------------------------------------------    -------------------
    RAMB36_X3Y25         RAMB36E1 (Prop_ramb36e1_CLKBWRCLK_DOBDO[0])
                                                      2.454     5.675 r  tme_bd_i/tme_top_0/inst/templ_buf_U/ram_reg_0_7/DOBDO[0]
                         net (fo=216, routed)         4.970    10.645    tme_bd_i/tme_top_0/inst/grp_tme_top_Pipeline_VITIS_LOOP_150_3_fu_1446/q0[7]
    SLICE_X105Y108       FDRE                                         r  tme_bd_i/tme_top_0/inst/grp_tme_top_Pipeline_VITIS_LOOP_150_3_fu_1446/t_row_90_fu_1412_reg[7]/D
  -------------------------------------------------------------------    -------------------

                         (clock clk_fpga_0 rise edge)
                                                      8.000     8.000 r  
    PS7_X0Y0             PS7                          0.000     8.000 r  tme_bd_i/processing_system7_0/inst/PS7_i/FCLKCLK[0]
                         net (fo=1, routed)           1.088     9.088    tme_bd_i/processing_system7_0/inst/FCLK_CLK_unbuffered[0]
    BUFGCTRL_X0Y16       BUFG (Prop_bufg_I_O)         0.091     9.179 r  tme_bd_i/processing_system7_0/inst/buffer_fclk_clk_0.FCLK_CLK_0_BUFG/O
                         net (fo=19659, routed)       1.782    10.961    tme_bd_i/tme_top_0/inst/grp_tme_top_Pipeline_VITIS_LOOP_150_3_fu_1446/ap_clk
    SLICE_X105Y108       FDRE                                         r  tme_bd_i/tme_top_0/inst/grp_tme_top_Pipeline_VITIS_LOOP_150_3_fu_1446/t_row_90_fu_1412_reg[7]/C
                         clock pessimism              0.247    11.208    
                         clock uncertainty           -0.125    11.083    
    SLICE_X105Y108       FDRE (Setup_fdre_C_D)       -0.058    11.025    tme_bd_i/tme_top_0/inst/grp_tme_top_Pipeline_VITIS_LOOP_150_3_fu_1446/t_row_90_fu_1412_reg[7]
  -------------------------------------------------------------------
                         required time                         11.025    
                         arrival time                         -10.645    
  -------------------------------------------------------------------
                         slack                                  0.380    




